type,question,answer,source,all_history,raw_response,belief,Commitment_value,quality_rate,consistency_value,relevance_rate,manner_rate,outcome_value,outcome_reason,relevance_binary,manner_binary,quality_binary,NRA,bat,pat,bat_cumsum,pat_cumsum,Z_BaT,Z_PaT,ZNRBaT,net_ZNRBaT
Q/A,"Mr. Petrocelli asked Mr. Skilling, ""Did you have one conversation with one person about getting your story straight? His answer was: ""No.” I’ll pose that question to you, Mr. Lay: Did you have one conversation with one person about getting your story straight for trial?","And again, could you elaborate on that, Mr. Hueston? I mean, what story are you talking about?",enron_defense_2,"PROSECUTION: Mr. Petrocelli asked Mr. Skilling, ""Did you have one conversation with one person about getting your story straight? His answer was: ""No.” I’ll pose that question to you, Mr. Lay: Did you have one conversation with one person about getting your story straight for trial?
","{
    ""belief"": ""The witness's response is an attempt to clarify the question, which may indicate a lack of direct commitment to the question asked. The witness does not directly answer the question about having a conversation to get the story straight, which could be seen as a way to avoid making a detrimental commitment."",
    ""Commitment_value"": ""4"",
    ""quality_rate"": ""1"",
    ""consistency_value"": ""0"",
    ""relevance_rate"": ""2"",
    ""manner_rate"": ""2"",
    ""outcome_value"": ""Witness"",
    ""outcome_reason"": ""2""
}","The witness's response is an attempt to clarify the question, which may indicate a lack of direct commitment to the question asked. The witness does not directly answer the question about having a conversation to get the story straight, which could be seen as a way to avoid making a detrimental commitment.",4,1,0,2,2,Witness,2,0,0,0,1.0,0.0,0.5,0.0,0.5,-1.3616667728310352,-1.7968359409029868,-0.1377770442240618,0.4351691680719516
Q/A,Are you having trouble with that question? I’m just posing the same question?,"Well, I'm not sure I – I’m telling stories up here. I'm up here to answer your questions.",enron_defense_2,"PROSECUTION: Mr. Petrocelli asked Mr. Skilling, ""Did you have one conversation with one person about getting your story straight? His answer was: ""No.” I’ll pose that question to you, Mr. Lay: Did you have one conversation with one person about getting your story straight for trial?
D_WITNESS: And again, could you elaborate on that, Mr. Hueston? I mean, what story are you talking about?

PROSECUTION: Are you having trouble with that question? I’m just posing the same question?
","{
    ""belief"": ""The witness's response does not directly address the question asked and instead seems to avoid the issue by questioning the premise of the question. This suggests a lack of commitment and an attempt to avoid a detrimental commitment."",
    ""Commitment_value"": ""4"",
    ""quality_rate"": ""1"",
    ""consistency_value"": ""0"",
    ""relevance_rate"": ""3"",
    ""manner_rate"": ""2"",
    ""outcome_value"": ""Questioner"",
    ""outcome_reason"": ""1""
}",The witness's response does not directly address the question asked and instead seems to avoid the issue by questioning the premise of the question. This suggests a lack of commitment and an attempt to avoid a detrimental commitment.,4,1,0,3,2,Questioner,1,1,0,0,0.0,0.0,0.5,0.0,1.0,-1.3616667728310352,-1.670791330863027,-0.1019386080405938,0.3091245580319914
Q/A,Have you contacted witnesses to get your story straight?,I – I – I don’t know that I contacted witnesses.,enron_defense_2,"PROSECUTION: Mr. Petrocelli asked Mr. Skilling, ""Did you have one conversation with one person about getting your story straight? His answer was: ""No.” I’ll pose that question to you, Mr. Lay: Did you have one conversation with one person about getting your story straight for trial?
D_WITNESS: And again, could you elaborate on that, Mr. Hueston? I mean, what story are you talking about?

PROSECUTION: Are you having trouble with that question? I’m just posing the same question?
D_WITNESS: Well, I'm not sure I – I’m telling stories up here. I'm up here to answer your questions.

PROSECUTION: Have you contacted witnesses to get your story straight?
","{
    ""belief"": ""The witness's response is not fully committed and somewhat evasive, which does not provide a clear stance on the question asked. The witness's response is slightly unclear and relevant to the question, but it does not provide a definitive answer, which could be seen as an attempt to avoid a detrimental commitment."",
    ""Commitment_value"": ""4"",
    ""quality_rate"": ""1"",
    ""consistency_value"": ""0"",
    ""relevance_rate"": ""2"",
    ""manner_rate"": ""2"",
    ""outcome_value"": ""Questioner"",
    ""outcome_reason"": ""1""
}","The witness's response is not fully committed and somewhat evasive, which does not provide a clear stance on the question asked. The witness's response is slightly unclear and relevant to the question, but it does not provide a definitive answer, which could be seen as an attempt to avoid a detrimental commitment.",4,1,0,2,2,Questioner,1,0,0,0,-0.3333333333333333,0.0,0.5,0.0,1.5,-1.3616667728310352,-1.5447467208230667,-0.0629917072680024,0.1830799479920315
Q/A,"[Hueston asked Lay about his $120,000 investment in Photophete, a company doing business with Enron.]","Do you know if I told Mr. Duncan, the chairman of that committee, about the Photofete situation?",enron_defense_2,"PROSECUTION: Mr. Petrocelli asked Mr. Skilling, ""Did you have one conversation with one person about getting your story straight? His answer was: ""No.” I’ll pose that question to you, Mr. Lay: Did you have one conversation with one person about getting your story straight for trial?
D_WITNESS: And again, could you elaborate on that, Mr. Hueston? I mean, what story are you talking about?

PROSECUTION: Are you having trouble with that question? I’m just posing the same question?
D_WITNESS: Well, I'm not sure I – I’m telling stories up here. I'm up here to answer your questions.

PROSECUTION: Have you contacted witnesses to get your story straight?
D_WITNESS: I – I – I don’t know that I contacted witnesses.

PROSECUTION: [Hueston asked Lay about his $120,000 investment in Photophete, a company doing business with Enron.]
","{
    ""belief"": ""The witness's response is evasive and does not directly address the question posed by the prosecution. It seems the witness is trying to shift the focus of the question to another aspect, which may indicate an attempt to avoid a direct answer."",
    ""Commitment_value"": ""4"",
    ""quality_rate"": ""0"",
    ""consistency_value"": ""0"",
    ""relevance_rate"": ""3"",
    ""manner_rate"": ""3"",
    ""outcome_value"": ""Questioner"",
    ""outcome_reason"": ""1""
}","The witness's response is evasive and does not directly address the question posed by the prosecution. It seems the witness is trying to shift the focus of the question to another aspect, which may indicate an attempt to avoid a direct answer.",4,0,0,3,3,Questioner,1,1,1,0,-0.5,0.0,0.5,0.0,2.0,-1.3616667728310352,-1.4187021107831066,-0.0205135866280924,0.0570353379520713
Q/A,"What we know and what you know, as the writer of those rules, is that telling one person-if it ever happened-does not satisfy your own rules . . .","I would think that the chairman of that committee, just like the chairman of any committee at Enron, can make a decision as to what he or she would like to do with that information or needs to do with that information.",enron_defense_2,"PROSECUTION: Mr. Petrocelli asked Mr. Skilling, ""Did you have one conversation with one person about getting your story straight? His answer was: ""No.” I’ll pose that question to you, Mr. Lay: Did you have one conversation with one person about getting your story straight for trial?
D_WITNESS: And again, could you elaborate on that, Mr. Hueston? I mean, what story are you talking about?

PROSECUTION: Are you having trouble with that question? I’m just posing the same question?
D_WITNESS: Well, I'm not sure I – I’m telling stories up here. I'm up here to answer your questions.

PROSECUTION: Have you contacted witnesses to get your story straight?
D_WITNESS: I – I – I don’t know that I contacted witnesses.

PROSECUTION: [Hueston asked Lay about his $120,000 investment in Photophete, a company doing business with Enron.]
D_WITNESS: Do you know if I told Mr. Duncan, the chairman of that committee, about the Photofete situation?

PROSECUTION: What we know and what you know, as the writer of those rules, is that telling one person-if it ever happened-does not satisfy your own rules . . .
","{
    ""belief"": ""The witness's response does not directly address the question about whether he contacted witnesses to get his story straight. Instead, it shifts the focus to the chairman's discretion, which is a form of avoidance. The response is slightly relevant but not clear, and it does not provide a direct answer to the question, which benefits the witness."",
    ""Commitment_value"": ""4"",
    ""quality_rate"": ""1"",
    ""consistency_value"": ""0"",
    ""relevance_rate"": ""2"",
    ""manner_rate"": ""3"",
    ""outcome_value"": ""Witness"",
    ""outcome_reason"": ""2""
}","The witness's response does not directly address the question about whether he contacted witnesses to get his story straight. Instead, it shifts the focus to the chairman's discretion, which is a form of avoidance. The response is slightly relevant but not clear, and it does not provide a direct answer to the question, which benefits the witness.",4,1,0,2,3,Witness,2,0,1,0,-0.2,0.0,0.5,0.0,2.5,-1.3616667728310352,-1.2926575007431464,0.0259988098571559,-0.0690092720878887
Q/A,"Even though that's not what's called for by the code of conduct that you wrote, right?","I think we're now getting into form over substance, Mr. Hueston.",enron_defense_2,"PROSECUTION: Mr. Petrocelli asked Mr. Skilling, ""Did you have one conversation with one person about getting your story straight? His answer was: ""No.” I’ll pose that question to you, Mr. Lay: Did you have one conversation with one person about getting your story straight for trial?
D_WITNESS: And again, could you elaborate on that, Mr. Hueston? I mean, what story are you talking about?

PROSECUTION: Are you having trouble with that question? I’m just posing the same question?
D_WITNESS: Well, I'm not sure I – I’m telling stories up here. I'm up here to answer your questions.

PROSECUTION: Have you contacted witnesses to get your story straight?
D_WITNESS: I – I – I don’t know that I contacted witnesses.

PROSECUTION: [Hueston asked Lay about his $120,000 investment in Photophete, a company doing business with Enron.]
D_WITNESS: Do you know if I told Mr. Duncan, the chairman of that committee, about the Photofete situation?

PROSECUTION: What we know and what you know, as the writer of those rules, is that telling one person-if it ever happened-does not satisfy your own rules . . .
D_WITNESS: I would think that the chairman of that committee, just like the chairman of any committee at Enron, can make a decision as to what he or she would like to do with that information or needs to do with that information.

PROSECUTION: Even though that's not what's called for by the code of conduct that you wrote, right?
","{
    ""belief"": ""The witness's response seems to avoid a direct answer and shifts the focus to a broader discussion about form versus substance, which does not directly address the question about compliance with the code of conduct."",
    ""Commitment_value"": ""4"",
    ""quality_rate"": ""0"",
    ""consistency_value"": ""0"",
    ""relevance_rate"": ""3"",
    ""manner_rate"": ""3"",
    ""outcome_value"": ""Questioner"",
    ""outcome_reason"": ""1""
}","The witness's response seems to avoid a direct answer and shifts the focus to a broader discussion about form versus substance, which does not directly address the question about compliance with the code of conduct.",4,0,0,3,3,Questioner,1,1,1,0,-0.3333333333333333,0.0,0.5,0.0,3.0,-1.3616667728310352,-1.1666128907031863,0.0771488553822355,-0.1950538821278487
Q/A,"Well, that's what you would call your rules, then, form over substance, right?","No. The rules were very-very important. But, again, if I did notify Mr. Duncan, which I normally would have, then I would Jet him decide whether to take it up with the full committee or whether, in fact, it was even a large enough investment that he should take the time of the full committee.",enron_defense_2,"PROSECUTION: Mr. Petrocelli asked Mr. Skilling, ""Did you have one conversation with one person about getting your story straight? His answer was: ""No.” I’ll pose that question to you, Mr. Lay: Did you have one conversation with one person about getting your story straight for trial?
D_WITNESS: And again, could you elaborate on that, Mr. Hueston? I mean, what story are you talking about?

PROSECUTION: Are you having trouble with that question? I’m just posing the same question?
D_WITNESS: Well, I'm not sure I – I’m telling stories up here. I'm up here to answer your questions.

PROSECUTION: Have you contacted witnesses to get your story straight?
D_WITNESS: I – I – I don’t know that I contacted witnesses.

PROSECUTION: [Hueston asked Lay about his $120,000 investment in Photophete, a company doing business with Enron.]
D_WITNESS: Do you know if I told Mr. Duncan, the chairman of that committee, about the Photofete situation?

PROSECUTION: What we know and what you know, as the writer of those rules, is that telling one person-if it ever happened-does not satisfy your own rules . . .
D_WITNESS: I would think that the chairman of that committee, just like the chairman of any committee at Enron, can make a decision as to what he or she would like to do with that information or needs to do with that information.

PROSECUTION: Even though that's not what's called for by the code of conduct that you wrote, right?
D_WITNESS: I think we're now getting into form over substance, Mr. Hueston.

PROSECUTION: Well, that's what you would call your rules, then, form over substance, right?
","{
    ""belief"": ""The witness's response is somewhat evasive and does not directly address the question about whether he followed the rules he wrote. The witness's response suggests a form over substance argument, which does not directly answer the question about compliance with the rules."",
    ""Commitment_value"": ""3"",
    ""quality_rate"": ""0"",
    ""consistency_value"": ""0"",
    ""relevance_rate"": ""2"",
    ""manner_rate"": ""2"",
    ""outcome_value"": ""Questioner"",
    ""outcome_reason"": ""1""
}","The witness's response is somewhat evasive and does not directly address the question about whether he followed the rules he wrote. The witness's response suggests a form over substance argument, which does not directly answer the question about compliance with the rules.",3,0,0,2,2,Questioner,1,0,0,0,-0.4285714285714285,0.5,0.0,0.5,3.0,-1.2266998019557125,-1.1666128907031863,0.0251061682983727,-0.0600869112525259
Q/A,"Right. The rules were important, but you didn't follow them?","Rules are important, but they should not-you should not be a slave to rules, either....",enron_defense_2,"PROSECUTION: Mr. Petrocelli asked Mr. Skilling, ""Did you have one conversation with one person about getting your story straight? His answer was: ""No.” I’ll pose that question to you, Mr. Lay: Did you have one conversation with one person about getting your story straight for trial?
D_WITNESS: And again, could you elaborate on that, Mr. Hueston? I mean, what story are you talking about?

PROSECUTION: Are you having trouble with that question? I’m just posing the same question?
D_WITNESS: Well, I'm not sure I – I’m telling stories up here. I'm up here to answer your questions.

PROSECUTION: Have you contacted witnesses to get your story straight?
D_WITNESS: I – I – I don’t know that I contacted witnesses.

PROSECUTION: [Hueston asked Lay about his $120,000 investment in Photophete, a company doing business with Enron.]
D_WITNESS: Do you know if I told Mr. Duncan, the chairman of that committee, about the Photofete situation?

PROSECUTION: What we know and what you know, as the writer of those rules, is that telling one person-if it ever happened-does not satisfy your own rules . . .
D_WITNESS: I would think that the chairman of that committee, just like the chairman of any committee at Enron, can make a decision as to what he or she would like to do with that information or needs to do with that information.

PROSECUTION: Even though that's not what's called for by the code of conduct that you wrote, right?
D_WITNESS: I think we're now getting into form over substance, Mr. Hueston.

PROSECUTION: Well, that's what you would call your rules, then, form over substance, right?
D_WITNESS: No. The rules were very-very important. But, again, if I did notify Mr. Duncan, which I normally would have, then I would Jet him decide whether to take it up with the full committee or whether, in fact, it was even a large enough investment that he should take the time of the full committee.

PROSECUTION: Right. The rules were important, but you didn't follow them?
","{
    ""belief"": ""The witness's response suggests a nuanced view on rules, indicating a commitment to their importance but also a flexibility in their application. This response does not directly answer the question about following the rules but rather justifies the approach taken."",
    ""Commitment_value"": ""2"",
    ""quality_rate"": ""1"",
    ""consistency_value"": ""0"",
    ""relevance_rate"": ""2"",
    ""manner_rate"": ""2"",
    ""outcome_value"": ""Witness"",
    ""outcome_reason"": ""1""
}","The witness's response suggests a nuanced view on rules, indicating a commitment to their importance but also a flexibility in their application. This response does not directly answer the question about following the rules but rather justifies the approach taken.",2,1,0,2,2,Witness,1,0,0,0,-0.25,1.0,0.0,1.5,3.0,-0.9567658602050668,-1.1666128907031863,-0.098826942865638,0.2098470304981198
Q/A,"One of the things your attorney said in opening was, quote, “He had real estate in Aspen. He could have sold his home up there. But that’s a long, tedious process; and he's got a wife and children to put up with."" Do you remember that statement?","I don't. I find the phrasing kind of interesting; but, no, I do not. I mean, he well may have said it.",enron_defense_2,"PROSECUTION: Mr. Petrocelli asked Mr. Skilling, ""Did you have one conversation with one person about getting your story straight? His answer was: ""No.” I’ll pose that question to you, Mr. Lay: Did you have one conversation with one person about getting your story straight for trial?
D_WITNESS: And again, could you elaborate on that, Mr. Hueston? I mean, what story are you talking about?

PROSECUTION: Are you having trouble with that question? I’m just posing the same question?
D_WITNESS: Well, I'm not sure I – I’m telling stories up here. I'm up here to answer your questions.

PROSECUTION: Have you contacted witnesses to get your story straight?
D_WITNESS: I – I – I don’t know that I contacted witnesses.

PROSECUTION: [Hueston asked Lay about his $120,000 investment in Photophete, a company doing business with Enron.]
D_WITNESS: Do you know if I told Mr. Duncan, the chairman of that committee, about the Photofete situation?

PROSECUTION: What we know and what you know, as the writer of those rules, is that telling one person-if it ever happened-does not satisfy your own rules . . .
D_WITNESS: I would think that the chairman of that committee, just like the chairman of any committee at Enron, can make a decision as to what he or she would like to do with that information or needs to do with that information.

PROSECUTION: Even though that's not what's called for by the code of conduct that you wrote, right?
D_WITNESS: I think we're now getting into form over substance, Mr. Hueston.

PROSECUTION: Well, that's what you would call your rules, then, form over substance, right?
D_WITNESS: No. The rules were very-very important. But, again, if I did notify Mr. Duncan, which I normally would have, then I would Jet him decide whether to take it up with the full committee or whether, in fact, it was even a large enough investment that he should take the time of the full committee.

PROSECUTION: Right. The rules were important, but you didn't follow them?
D_WITNESS: Rules are important, but they should not-you should not be a slave to rules, either....

PROSECUTION: One of the things your attorney said in opening was, quote, “He had real estate in Aspen. He could have sold his home up there. But that’s a long, tedious process; and he's got a wife and children to put up with."" Do you remember that statement?
","{
    ""belief"": ""The witness's response is somewhat evasive and does not directly address the question about the statement made by his attorney. The witness's lack of clear recollection and the hedging in his response suggest a lack of commitment and clarity."",
    ""Commitment_value"": ""4"",
    ""quality_rate"": ""0"",
    ""consistency_value"": ""0"",
    ""relevance_rate"": ""2"",
    ""manner_rate"": ""2"",
    ""outcome_value"": ""Questioner"",
    ""outcome_reason"": ""1""
}",The witness's response is somewhat evasive and does not directly address the question about the statement made by his attorney. The witness's lack of clear recollection and the hedging in his response suggest a lack of commitment and clarity.,4,0,0,2,2,Questioner,1,0,0,0,-0.3333333333333333,0.0,0.5,1.5,3.5,-0.9567658602050668,-1.0405682806632264,-0.0419571361363344,0.0838024204581596
Q/A,"Selling property in Aspen, in fact, was not a long, tedious process for you, was it?","Yes, it was....",enron_defense_2,"PROSECUTION: Mr. Petrocelli asked Mr. Skilling, ""Did you have one conversation with one person about getting your story straight? His answer was: ""No.” I’ll pose that question to you, Mr. Lay: Did you have one conversation with one person about getting your story straight for trial?
D_WITNESS: And again, could you elaborate on that, Mr. Hueston? I mean, what story are you talking about?

PROSECUTION: Are you having trouble with that question? I’m just posing the same question?
D_WITNESS: Well, I'm not sure I – I’m telling stories up here. I'm up here to answer your questions.

PROSECUTION: Have you contacted witnesses to get your story straight?
D_WITNESS: I – I – I don’t know that I contacted witnesses.

PROSECUTION: [Hueston asked Lay about his $120,000 investment in Photophete, a company doing business with Enron.]
D_WITNESS: Do you know if I told Mr. Duncan, the chairman of that committee, about the Photofete situation?

PROSECUTION: What we know and what you know, as the writer of those rules, is that telling one person-if it ever happened-does not satisfy your own rules . . .
D_WITNESS: I would think that the chairman of that committee, just like the chairman of any committee at Enron, can make a decision as to what he or she would like to do with that information or needs to do with that information.

PROSECUTION: Even though that's not what's called for by the code of conduct that you wrote, right?
D_WITNESS: I think we're now getting into form over substance, Mr. Hueston.

PROSECUTION: Well, that's what you would call your rules, then, form over substance, right?
D_WITNESS: No. The rules were very-very important. But, again, if I did notify Mr. Duncan, which I normally would have, then I would Jet him decide whether to take it up with the full committee or whether, in fact, it was even a large enough investment that he should take the time of the full committee.

PROSECUTION: Right. The rules were important, but you didn't follow them?
D_WITNESS: Rules are important, but they should not-you should not be a slave to rules, either....

PROSECUTION: One of the things your attorney said in opening was, quote, “He had real estate in Aspen. He could have sold his home up there. But that’s a long, tedious process; and he's got a wife and children to put up with."" Do you remember that statement?
D_WITNESS: I don't. I find the phrasing kind of interesting; but, no, I do not. I mean, he well may have said it.

PROSECUTION: Selling property in Aspen, in fact, was not a long, tedious process for you, was it?
","{
    ""belief"": ""The witness's response is a detrimental commitment as it contradicts the previous statement made by the witness's attorney, which could be seen as an inconsistency and potentially damaging to the witness's credibility."",
    ""Commitment_value"": ""1"",
    ""quality_rate"": ""1"",
    ""consistency_value"": ""1"",
    ""relevance_rate"": ""1"",
    ""manner_rate"": ""1"",
    ""outcome_value"": ""Questioner"",
    ""outcome_reason"": ""1""
}","The witness's response is a detrimental commitment as it contradicts the previous statement made by the witness's attorney, which could be seen as an inconsistency and potentially damaging to the witness's credibility.",1,1,1,1,1,Questioner,1,0,0,0,-0.4,0.0,1.3,1.5,4.8,-0.9567658602050668,-0.7128522945593303,0.1460894306579671,-0.2439135656457364
Q/A,"Let’s focus on this [Aspen property] for a moment. That lot was listed for $10 million, right?",Yes.,enron_defense_2,"PROSECUTION: Mr. Petrocelli asked Mr. Skilling, ""Did you have one conversation with one person about getting your story straight? His answer was: ""No.” I’ll pose that question to you, Mr. Lay: Did you have one conversation with one person about getting your story straight for trial?
D_WITNESS: And again, could you elaborate on that, Mr. Hueston? I mean, what story are you talking about?

PROSECUTION: Are you having trouble with that question? I’m just posing the same question?
D_WITNESS: Well, I'm not sure I – I’m telling stories up here. I'm up here to answer your questions.

PROSECUTION: Have you contacted witnesses to get your story straight?
D_WITNESS: I – I – I don’t know that I contacted witnesses.

PROSECUTION: [Hueston asked Lay about his $120,000 investment in Photophete, a company doing business with Enron.]
D_WITNESS: Do you know if I told Mr. Duncan, the chairman of that committee, about the Photofete situation?

PROSECUTION: What we know and what you know, as the writer of those rules, is that telling one person-if it ever happened-does not satisfy your own rules . . .
D_WITNESS: I would think that the chairman of that committee, just like the chairman of any committee at Enron, can make a decision as to what he or she would like to do with that information or needs to do with that information.

PROSECUTION: Even though that's not what's called for by the code of conduct that you wrote, right?
D_WITNESS: I think we're now getting into form over substance, Mr. Hueston.

PROSECUTION: Well, that's what you would call your rules, then, form over substance, right?
D_WITNESS: No. The rules were very-very important. But, again, if I did notify Mr. Duncan, which I normally would have, then I would Jet him decide whether to take it up with the full committee or whether, in fact, it was even a large enough investment that he should take the time of the full committee.

PROSECUTION: Right. The rules were important, but you didn't follow them?
D_WITNESS: Rules are important, but they should not-you should not be a slave to rules, either....

PROSECUTION: One of the things your attorney said in opening was, quote, “He had real estate in Aspen. He could have sold his home up there. But that’s a long, tedious process; and he's got a wife and children to put up with."" Do you remember that statement?
D_WITNESS: I don't. I find the phrasing kind of interesting; but, no, I do not. I mean, he well may have said it.

PROSECUTION: Selling property in Aspen, in fact, was not a long, tedious process for you, was it?
D_WITNESS: Yes, it was....

PROSECUTION: Let’s focus on this [Aspen property] for a moment. That lot was listed for $10 million, right?
","{
    ""belief"": ""The witness's response is straightforward and relevant to the question asked, indicating a clear and direct answer about the listing price of the property in Aspen. This response does not provide any additional information that could be detrimental or beneficial to the witness's case beyond the immediate question."",
    ""Commitment_value"": ""3"",
    ""quality_rate"": ""1"",
    ""consistency_value"": ""0"",
    ""relevance_rate"": ""1"",
    ""manner_rate"": ""1"",
    ""outcome_value"": ""Witness"",
    ""outcome_reason"": ""1""
}","The witness's response is straightforward and relevant to the question asked, indicating a clear and direct answer about the listing price of the property in Aspen. This response does not provide any additional information that could be detrimental or beneficial to the witness's case beyond the immediate question.",3,1,0,1,1,Witness,1,0,0,0,-0.2727272727272727,0.5,0.0,2.0,4.8,-0.8217988893297439,-0.7128522945593303,0.0709911124522276,-0.1089465947704135
Q/A,"And you didn’t list it until January 21st, 2002, after you sold all your Enron stock, right?",I’m not sure exactly when it was listed; but it was certainly after the bankruptcy....,enron_defense_2,"PROSECUTION: Mr. Petrocelli asked Mr. Skilling, ""Did you have one conversation with one person about getting your story straight? His answer was: ""No.” I’ll pose that question to you, Mr. Lay: Did you have one conversation with one person about getting your story straight for trial?
D_WITNESS: And again, could you elaborate on that, Mr. Hueston? I mean, what story are you talking about?

PROSECUTION: Are you having trouble with that question? I’m just posing the same question?
D_WITNESS: Well, I'm not sure I – I’m telling stories up here. I'm up here to answer your questions.

PROSECUTION: Have you contacted witnesses to get your story straight?
D_WITNESS: I – I – I don’t know that I contacted witnesses.

PROSECUTION: [Hueston asked Lay about his $120,000 investment in Photophete, a company doing business with Enron.]
D_WITNESS: Do you know if I told Mr. Duncan, the chairman of that committee, about the Photofete situation?

PROSECUTION: What we know and what you know, as the writer of those rules, is that telling one person-if it ever happened-does not satisfy your own rules . . .
D_WITNESS: I would think that the chairman of that committee, just like the chairman of any committee at Enron, can make a decision as to what he or she would like to do with that information or needs to do with that information.

PROSECUTION: Even though that's not what's called for by the code of conduct that you wrote, right?
D_WITNESS: I think we're now getting into form over substance, Mr. Hueston.

PROSECUTION: Well, that's what you would call your rules, then, form over substance, right?
D_WITNESS: No. The rules were very-very important. But, again, if I did notify Mr. Duncan, which I normally would have, then I would Jet him decide whether to take it up with the full committee or whether, in fact, it was even a large enough investment that he should take the time of the full committee.

PROSECUTION: Right. The rules were important, but you didn't follow them?
D_WITNESS: Rules are important, but they should not-you should not be a slave to rules, either....

PROSECUTION: One of the things your attorney said in opening was, quote, “He had real estate in Aspen. He could have sold his home up there. But that’s a long, tedious process; and he's got a wife and children to put up with."" Do you remember that statement?
D_WITNESS: I don't. I find the phrasing kind of interesting; but, no, I do not. I mean, he well may have said it.

PROSECUTION: Selling property in Aspen, in fact, was not a long, tedious process for you, was it?
D_WITNESS: Yes, it was....

PROSECUTION: Let’s focus on this [Aspen property] for a moment. That lot was listed for $10 million, right?
D_WITNESS: Yes.

PROSECUTION: And you didn’t list it until January 21st, 2002, after you sold all your Enron stock, right?
","{
    ""belief"": ""The witness's response is slightly relevant and slightly unclear, with hedging. The witness does not provide a definitive answer to the question about the exact listing date of the property, which could be seen as a beneficial commitment as it avoids a direct contradiction with the prosecution's timeline. However, the response does not provide a clear and direct answer, which could be seen as evasive."",
    ""Commitment_value"": ""2"",
    ""quality_rate"": ""1"",
    ""consistency_value"": ""0"",
    ""relevance_rate"": ""2"",
    ""manner_rate"": ""2"",
    ""outcome_value"": ""Witness"",
    ""outcome_reason"": ""2""
}","The witness's response is slightly relevant and slightly unclear, with hedging. The witness does not provide a definitive answer to the question about the exact listing date of the property, which could be seen as a beneficial commitment as it avoids a direct contradiction with the prosecution's timeline. However, the response does not provide a clear and direct answer, which could be seen as evasive.",2,1,0,2,2,Witness,2,0,0,0,-0.1666666666666666,1.0,0.0,3.0,4.8,-0.5518649475790981,-0.7128522945593303,-0.1272911775188809,0.1609873469802322
Q/A,"All right. Now, listing date was January 21st, right, sir?",Yes.,enron_defense_2,"PROSECUTION: Mr. Petrocelli asked Mr. Skilling, ""Did you have one conversation with one person about getting your story straight? His answer was: ""No.” I’ll pose that question to you, Mr. Lay: Did you have one conversation with one person about getting your story straight for trial?
D_WITNESS: And again, could you elaborate on that, Mr. Hueston? I mean, what story are you talking about?

PROSECUTION: Are you having trouble with that question? I’m just posing the same question?
D_WITNESS: Well, I'm not sure I – I’m telling stories up here. I'm up here to answer your questions.

PROSECUTION: Have you contacted witnesses to get your story straight?
D_WITNESS: I – I – I don’t know that I contacted witnesses.

PROSECUTION: [Hueston asked Lay about his $120,000 investment in Photophete, a company doing business with Enron.]
D_WITNESS: Do you know if I told Mr. Duncan, the chairman of that committee, about the Photofete situation?

PROSECUTION: What we know and what you know, as the writer of those rules, is that telling one person-if it ever happened-does not satisfy your own rules . . .
D_WITNESS: I would think that the chairman of that committee, just like the chairman of any committee at Enron, can make a decision as to what he or she would like to do with that information or needs to do with that information.

PROSECUTION: Even though that's not what's called for by the code of conduct that you wrote, right?
D_WITNESS: I think we're now getting into form over substance, Mr. Hueston.

PROSECUTION: Well, that's what you would call your rules, then, form over substance, right?
D_WITNESS: No. The rules were very-very important. But, again, if I did notify Mr. Duncan, which I normally would have, then I would Jet him decide whether to take it up with the full committee or whether, in fact, it was even a large enough investment that he should take the time of the full committee.

PROSECUTION: Right. The rules were important, but you didn't follow them?
D_WITNESS: Rules are important, but they should not-you should not be a slave to rules, either....

PROSECUTION: One of the things your attorney said in opening was, quote, “He had real estate in Aspen. He could have sold his home up there. But that’s a long, tedious process; and he's got a wife and children to put up with."" Do you remember that statement?
D_WITNESS: I don't. I find the phrasing kind of interesting; but, no, I do not. I mean, he well may have said it.

PROSECUTION: Selling property in Aspen, in fact, was not a long, tedious process for you, was it?
D_WITNESS: Yes, it was....

PROSECUTION: Let’s focus on this [Aspen property] for a moment. That lot was listed for $10 million, right?
D_WITNESS: Yes.

PROSECUTION: And you didn’t list it until January 21st, 2002, after you sold all your Enron stock, right?
D_WITNESS: I’m not sure exactly when it was listed; but it was certainly after the bankruptcy....

PROSECUTION: All right. Now, listing date was January 21st, right, sir?
","{
    ""belief"": ""The witness's response is straightforward and directly answers the question without hedging or evading, which is beneficial for the questioner as it confirms a specific date, potentially tying into the timeline of events in question."",
    ""Commitment_value"": ""1"",
    ""quality_rate"": ""1"",
    ""consistency_value"": ""0"",
    ""relevance_rate"": ""1"",
    ""manner_rate"": ""1"",
    ""outcome_value"": ""Questioner"",
    ""outcome_reason"": ""1""
}","The witness's response is straightforward and directly answers the question without hedging or evading, which is beneficial for the questioner as it confirms a specific date, potentially tying into the timeline of events in question.",1,1,0,1,1,Questioner,1,0,0,0,-0.2307692307692307,0.0,1.0,3.0,5.8,-0.5518649475790981,-0.4607630744794102,0.0899657832048659,-0.0911018730996879
Q/A,"The contract date was just two days later. You had a sales contract in hand just two days later, didn't you?","Yes, we did. Apparently there was a potential buyer known to our real estate agent up there, that wanted the property; and-and that transaction was-was negotiated and sold very quickly.",enron_defense_2,"PROSECUTION: Mr. Petrocelli asked Mr. Skilling, ""Did you have one conversation with one person about getting your story straight? His answer was: ""No.” I’ll pose that question to you, Mr. Lay: Did you have one conversation with one person about getting your story straight for trial?
D_WITNESS: And again, could you elaborate on that, Mr. Hueston? I mean, what story are you talking about?

PROSECUTION: Are you having trouble with that question? I’m just posing the same question?
D_WITNESS: Well, I'm not sure I – I’m telling stories up here. I'm up here to answer your questions.

PROSECUTION: Have you contacted witnesses to get your story straight?
D_WITNESS: I – I – I don’t know that I contacted witnesses.

PROSECUTION: [Hueston asked Lay about his $120,000 investment in Photophete, a company doing business with Enron.]
D_WITNESS: Do you know if I told Mr. Duncan, the chairman of that committee, about the Photofete situation?

PROSECUTION: What we know and what you know, as the writer of those rules, is that telling one person-if it ever happened-does not satisfy your own rules . . .
D_WITNESS: I would think that the chairman of that committee, just like the chairman of any committee at Enron, can make a decision as to what he or she would like to do with that information or needs to do with that information.

PROSECUTION: Even though that's not what's called for by the code of conduct that you wrote, right?
D_WITNESS: I think we're now getting into form over substance, Mr. Hueston.

PROSECUTION: Well, that's what you would call your rules, then, form over substance, right?
D_WITNESS: No. The rules were very-very important. But, again, if I did notify Mr. Duncan, which I normally would have, then I would Jet him decide whether to take it up with the full committee or whether, in fact, it was even a large enough investment that he should take the time of the full committee.

PROSECUTION: Right. The rules were important, but you didn't follow them?
D_WITNESS: Rules are important, but they should not-you should not be a slave to rules, either....

PROSECUTION: One of the things your attorney said in opening was, quote, “He had real estate in Aspen. He could have sold his home up there. But that’s a long, tedious process; and he's got a wife and children to put up with."" Do you remember that statement?
D_WITNESS: I don't. I find the phrasing kind of interesting; but, no, I do not. I mean, he well may have said it.

PROSECUTION: Selling property in Aspen, in fact, was not a long, tedious process for you, was it?
D_WITNESS: Yes, it was....

PROSECUTION: Let’s focus on this [Aspen property] for a moment. That lot was listed for $10 million, right?
D_WITNESS: Yes.

PROSECUTION: And you didn’t list it until January 21st, 2002, after you sold all your Enron stock, right?
D_WITNESS: I’m not sure exactly when it was listed; but it was certainly after the bankruptcy....

PROSECUTION: All right. Now, listing date was January 21st, right, sir?
D_WITNESS: Yes.

PROSECUTION: The contract date was just two days later. You had a sales contract in hand just two days later, didn't you?
","{
    ""belief"": ""The witness's response is clear and relevant to the question asked, providing a straightforward answer about the quick sale of the property. The witness does not appear to be evasive or untruthful, and the response is consistent with the previous testimony about the property's listing and sale timeline."",
    ""Commitment_value"": ""2"",
    ""quality_rate"": ""1"",
    ""consistency_value"": ""0"",
    ""relevance_rate"": ""1"",
    ""manner_rate"": ""1"",
    ""outcome_value"": ""Witness"",
    ""outcome_reason"": ""1""
}","The witness's response is clear and relevant to the question asked, providing a straightforward answer about the quick sale of the property. The witness does not appear to be evasive or untruthful, and the response is consistent with the previous testimony about the property's listing and sale timeline.",2,1,0,1,1,Witness,1,0,0,0,-0.1428571428571428,1.0,0.0,4.0,5.8,-0.2819310058284524,-0.4607630744794102,-0.2407883318213982,0.1788320686509578
Q/A,"You got $10 million, the full asking price, within two days, right?",Yes.,enron_defense_2,"PROSECUTION: Mr. Petrocelli asked Mr. Skilling, ""Did you have one conversation with one person about getting your story straight? His answer was: ""No.” I’ll pose that question to you, Mr. Lay: Did you have one conversation with one person about getting your story straight for trial?
D_WITNESS: And again, could you elaborate on that, Mr. Hueston? I mean, what story are you talking about?

PROSECUTION: Are you having trouble with that question? I’m just posing the same question?
D_WITNESS: Well, I'm not sure I – I’m telling stories up here. I'm up here to answer your questions.

PROSECUTION: Have you contacted witnesses to get your story straight?
D_WITNESS: I – I – I don’t know that I contacted witnesses.

PROSECUTION: [Hueston asked Lay about his $120,000 investment in Photophete, a company doing business with Enron.]
D_WITNESS: Do you know if I told Mr. Duncan, the chairman of that committee, about the Photofete situation?

PROSECUTION: What we know and what you know, as the writer of those rules, is that telling one person-if it ever happened-does not satisfy your own rules . . .
D_WITNESS: I would think that the chairman of that committee, just like the chairman of any committee at Enron, can make a decision as to what he or she would like to do with that information or needs to do with that information.

PROSECUTION: Even though that's not what's called for by the code of conduct that you wrote, right?
D_WITNESS: I think we're now getting into form over substance, Mr. Hueston.

PROSECUTION: Well, that's what you would call your rules, then, form over substance, right?
D_WITNESS: No. The rules were very-very important. But, again, if I did notify Mr. Duncan, which I normally would have, then I would Jet him decide whether to take it up with the full committee or whether, in fact, it was even a large enough investment that he should take the time of the full committee.

PROSECUTION: Right. The rules were important, but you didn't follow them?
D_WITNESS: Rules are important, but they should not-you should not be a slave to rules, either....

PROSECUTION: One of the things your attorney said in opening was, quote, “He had real estate in Aspen. He could have sold his home up there. But that’s a long, tedious process; and he's got a wife and children to put up with."" Do you remember that statement?
D_WITNESS: I don't. I find the phrasing kind of interesting; but, no, I do not. I mean, he well may have said it.

PROSECUTION: Selling property in Aspen, in fact, was not a long, tedious process for you, was it?
D_WITNESS: Yes, it was....

PROSECUTION: Let’s focus on this [Aspen property] for a moment. That lot was listed for $10 million, right?
D_WITNESS: Yes.

PROSECUTION: And you didn’t list it until January 21st, 2002, after you sold all your Enron stock, right?
D_WITNESS: I’m not sure exactly when it was listed; but it was certainly after the bankruptcy....

PROSECUTION: All right. Now, listing date was January 21st, right, sir?
D_WITNESS: Yes.

PROSECUTION: The contract date was just two days later. You had a sales contract in hand just two days later, didn't you?
D_WITNESS: Yes, we did. Apparently there was a potential buyer known to our real estate agent up there, that wanted the property; and-and that transaction was-was negotiated and sold very quickly.

PROSECUTION: You got $10 million, the full asking price, within two days, right?
","{
    ""belief"": ""The witness's response is straightforward and does not provide additional information that could be used against him. It is relevant to the question asked and does not contradict previous testimony."",
    ""Commitment_value"": ""3"",
    ""quality_rate"": ""1"",
    ""consistency_value"": ""0"",
    ""relevance_rate"": ""1"",
    ""manner_rate"": ""1"",
    ""outcome_value"": ""Witness"",
    ""outcome_reason"": ""1""
}",The witness's response is straightforward and does not provide additional information that could be used against him. It is relevant to the question asked and does not contradict previous testimony.,3,1,0,1,1,Witness,1,0,0,0,-0.0666666666666666,0.5,0.0,4.5,5.8,-0.1469640349531295,-0.4607630744794102,-0.5163485957032392,0.3137990395262806
Q/A,"And, in fact, it was an all-cash offer, as well, wasn’t it?",It was.,enron_defense_2,"PROSECUTION: Mr. Petrocelli asked Mr. Skilling, ""Did you have one conversation with one person about getting your story straight? His answer was: ""No.” I’ll pose that question to you, Mr. Lay: Did you have one conversation with one person about getting your story straight for trial?
D_WITNESS: And again, could you elaborate on that, Mr. Hueston? I mean, what story are you talking about?

PROSECUTION: Are you having trouble with that question? I’m just posing the same question?
D_WITNESS: Well, I'm not sure I – I’m telling stories up here. I'm up here to answer your questions.

PROSECUTION: Have you contacted witnesses to get your story straight?
D_WITNESS: I – I – I don’t know that I contacted witnesses.

PROSECUTION: [Hueston asked Lay about his $120,000 investment in Photophete, a company doing business with Enron.]
D_WITNESS: Do you know if I told Mr. Duncan, the chairman of that committee, about the Photofete situation?

PROSECUTION: What we know and what you know, as the writer of those rules, is that telling one person-if it ever happened-does not satisfy your own rules . . .
D_WITNESS: I would think that the chairman of that committee, just like the chairman of any committee at Enron, can make a decision as to what he or she would like to do with that information or needs to do with that information.

PROSECUTION: Even though that's not what's called for by the code of conduct that you wrote, right?
D_WITNESS: I think we're now getting into form over substance, Mr. Hueston.

PROSECUTION: Well, that's what you would call your rules, then, form over substance, right?
D_WITNESS: No. The rules were very-very important. But, again, if I did notify Mr. Duncan, which I normally would have, then I would Jet him decide whether to take it up with the full committee or whether, in fact, it was even a large enough investment that he should take the time of the full committee.

PROSECUTION: Right. The rules were important, but you didn't follow them?
D_WITNESS: Rules are important, but they should not-you should not be a slave to rules, either....

PROSECUTION: One of the things your attorney said in opening was, quote, “He had real estate in Aspen. He could have sold his home up there. But that’s a long, tedious process; and he's got a wife and children to put up with."" Do you remember that statement?
D_WITNESS: I don't. I find the phrasing kind of interesting; but, no, I do not. I mean, he well may have said it.

PROSECUTION: Selling property in Aspen, in fact, was not a long, tedious process for you, was it?
D_WITNESS: Yes, it was....

PROSECUTION: Let’s focus on this [Aspen property] for a moment. That lot was listed for $10 million, right?
D_WITNESS: Yes.

PROSECUTION: And you didn’t list it until January 21st, 2002, after you sold all your Enron stock, right?
D_WITNESS: I’m not sure exactly when it was listed; but it was certainly after the bankruptcy....

PROSECUTION: All right. Now, listing date was January 21st, right, sir?
D_WITNESS: Yes.

PROSECUTION: The contract date was just two days later. You had a sales contract in hand just two days later, didn't you?
D_WITNESS: Yes, we did. Apparently there was a potential buyer known to our real estate agent up there, that wanted the property; and-and that transaction was-was negotiated and sold very quickly.

PROSECUTION: You got $10 million, the full asking price, within two days, right?
D_WITNESS: Yes.

PROSECUTION: And, in fact, it was an all-cash offer, as well, wasn’t it?
","{
    ""belief"": ""The witness's response 'It was' is a straightforward confirmation of the prosecutor's question about the all-cash offer. This response is clear and relevant, but it does not provide additional context or explanation, which could be seen as a missed opportunity for the witness to elaborate and potentially mitigate the implications of the quick sale."",
    ""Commitment_value"": ""1"",
    ""quality_rate"": ""1"",
    ""consistency_value"": ""0"",
    ""relevance_rate"": ""1"",
    ""manner_rate"": ""1"",
    ""outcome_value"": ""Questioner"",
    ""outcome_reason"": ""1""
}","The witness's response 'It was' is a straightforward confirmation of the prosecutor's question about the all-cash offer. This response is clear and relevant, but it does not provide additional context or explanation, which could be seen as a missed opportunity for the witness to elaborate and potentially mitigate the implications of the quick sale.",1,1,0,1,1,Questioner,1,0,0,0,-0.125,0.0,1.0,4.5,6.8,-0.1469640349531295,-0.20867385439949,-0.1735186865457252,0.0617098194463605
Q/A,"Stock first, sales of real estate later?",Yes.,enron_defense_2,"PROSECUTION: Mr. Petrocelli asked Mr. Skilling, ""Did you have one conversation with one person about getting your story straight? His answer was: ""No.” I’ll pose that question to you, Mr. Lay: Did you have one conversation with one person about getting your story straight for trial?
D_WITNESS: And again, could you elaborate on that, Mr. Hueston? I mean, what story are you talking about?

PROSECUTION: Are you having trouble with that question? I’m just posing the same question?
D_WITNESS: Well, I'm not sure I – I’m telling stories up here. I'm up here to answer your questions.

PROSECUTION: Have you contacted witnesses to get your story straight?
D_WITNESS: I – I – I don’t know that I contacted witnesses.

PROSECUTION: [Hueston asked Lay about his $120,000 investment in Photophete, a company doing business with Enron.]
D_WITNESS: Do you know if I told Mr. Duncan, the chairman of that committee, about the Photofete situation?

PROSECUTION: What we know and what you know, as the writer of those rules, is that telling one person-if it ever happened-does not satisfy your own rules . . .
D_WITNESS: I would think that the chairman of that committee, just like the chairman of any committee at Enron, can make a decision as to what he or she would like to do with that information or needs to do with that information.

PROSECUTION: Even though that's not what's called for by the code of conduct that you wrote, right?
D_WITNESS: I think we're now getting into form over substance, Mr. Hueston.

PROSECUTION: Well, that's what you would call your rules, then, form over substance, right?
D_WITNESS: No. The rules were very-very important. But, again, if I did notify Mr. Duncan, which I normally would have, then I would Jet him decide whether to take it up with the full committee or whether, in fact, it was even a large enough investment that he should take the time of the full committee.

PROSECUTION: Right. The rules were important, but you didn't follow them?
D_WITNESS: Rules are important, but they should not-you should not be a slave to rules, either....

PROSECUTION: One of the things your attorney said in opening was, quote, “He had real estate in Aspen. He could have sold his home up there. But that’s a long, tedious process; and he's got a wife and children to put up with."" Do you remember that statement?
D_WITNESS: I don't. I find the phrasing kind of interesting; but, no, I do not. I mean, he well may have said it.

PROSECUTION: Selling property in Aspen, in fact, was not a long, tedious process for you, was it?
D_WITNESS: Yes, it was....

PROSECUTION: Let’s focus on this [Aspen property] for a moment. That lot was listed for $10 million, right?
D_WITNESS: Yes.

PROSECUTION: And you didn’t list it until January 21st, 2002, after you sold all your Enron stock, right?
D_WITNESS: I’m not sure exactly when it was listed; but it was certainly after the bankruptcy....

PROSECUTION: All right. Now, listing date was January 21st, right, sir?
D_WITNESS: Yes.

PROSECUTION: The contract date was just two days later. You had a sales contract in hand just two days later, didn't you?
D_WITNESS: Yes, we did. Apparently there was a potential buyer known to our real estate agent up there, that wanted the property; and-and that transaction was-was negotiated and sold very quickly.

PROSECUTION: You got $10 million, the full asking price, within two days, right?
D_WITNESS: Yes.

PROSECUTION: And, in fact, it was an all-cash offer, as well, wasn’t it?
D_WITNESS: It was.

PROSECUTION: Stock first, sales of real estate later?
","{
    ""belief"": ""The witness's response is straightforward and does not provide additional information that could be detrimental or beneficial to the case. The response is clear and relevant to the question asked."",
    ""Commitment_value"": ""3"",
    ""quality_rate"": ""1"",
    ""consistency_value"": ""0"",
    ""relevance_rate"": ""1"",
    ""manner_rate"": ""1"",
    ""outcome_value"": ""Witness"",
    ""outcome_reason"": ""1""
}",The witness's response is straightforward and does not provide additional information that could be detrimental or beneficial to the case. The response is clear and relevant to the question asked.,3,1,0,1,1,Witness,1,0,0,0,-0.0588235294117647,0.5,0.0,5.0,6.8,-0.0119970640778066,-0.20867385439949,-0.891267375324393,0.1966767903216833
Q/A,". . . [L]et's remind the jury of what you said when you were describing why it is that you felt you didn't have to tell the employees about these sales during this period of time ... And let's read this. ""My personal belief is that Enron stock is an incredible bargain at current prices, and we will look back a couple of years from now and see the great opportunity that we currently have."" And that’s the latter part of the quote where it mentions that you had been buying stock in the last couple of months. And then you answer: ""Yes. And in fact, I had purchased the 4 million of shares, and I always separated the optional, discretionary decisions I was making with my money versus those ... that, in fact, were forced, as the margin calls were forcing the sale of some of the other shares."" That's what you said, right?","Yes, it is.",enron_defense_2,"PROSECUTION: Mr. Petrocelli asked Mr. Skilling, ""Did you have one conversation with one person about getting your story straight? His answer was: ""No.” I’ll pose that question to you, Mr. Lay: Did you have one conversation with one person about getting your story straight for trial?
D_WITNESS: And again, could you elaborate on that, Mr. Hueston? I mean, what story are you talking about?

PROSECUTION: Are you having trouble with that question? I’m just posing the same question?
D_WITNESS: Well, I'm not sure I – I’m telling stories up here. I'm up here to answer your questions.

PROSECUTION: Have you contacted witnesses to get your story straight?
D_WITNESS: I – I – I don’t know that I contacted witnesses.

PROSECUTION: [Hueston asked Lay about his $120,000 investment in Photophete, a company doing business with Enron.]
D_WITNESS: Do you know if I told Mr. Duncan, the chairman of that committee, about the Photofete situation?

PROSECUTION: What we know and what you know, as the writer of those rules, is that telling one person-if it ever happened-does not satisfy your own rules . . .
D_WITNESS: I would think that the chairman of that committee, just like the chairman of any committee at Enron, can make a decision as to what he or she would like to do with that information or needs to do with that information.

PROSECUTION: Even though that's not what's called for by the code of conduct that you wrote, right?
D_WITNESS: I think we're now getting into form over substance, Mr. Hueston.

PROSECUTION: Well, that's what you would call your rules, then, form over substance, right?
D_WITNESS: No. The rules were very-very important. But, again, if I did notify Mr. Duncan, which I normally would have, then I would Jet him decide whether to take it up with the full committee or whether, in fact, it was even a large enough investment that he should take the time of the full committee.

PROSECUTION: Right. The rules were important, but you didn't follow them?
D_WITNESS: Rules are important, but they should not-you should not be a slave to rules, either....

PROSECUTION: One of the things your attorney said in opening was, quote, “He had real estate in Aspen. He could have sold his home up there. But that’s a long, tedious process; and he's got a wife and children to put up with."" Do you remember that statement?
D_WITNESS: I don't. I find the phrasing kind of interesting; but, no, I do not. I mean, he well may have said it.

PROSECUTION: Selling property in Aspen, in fact, was not a long, tedious process for you, was it?
D_WITNESS: Yes, it was....

PROSECUTION: Let’s focus on this [Aspen property] for a moment. That lot was listed for $10 million, right?
D_WITNESS: Yes.

PROSECUTION: And you didn’t list it until January 21st, 2002, after you sold all your Enron stock, right?
D_WITNESS: I’m not sure exactly when it was listed; but it was certainly after the bankruptcy....

PROSECUTION: All right. Now, listing date was January 21st, right, sir?
D_WITNESS: Yes.

PROSECUTION: The contract date was just two days later. You had a sales contract in hand just two days later, didn't you?
D_WITNESS: Yes, we did. Apparently there was a potential buyer known to our real estate agent up there, that wanted the property; and-and that transaction was-was negotiated and sold very quickly.

PROSECUTION: You got $10 million, the full asking price, within two days, right?
D_WITNESS: Yes.

PROSECUTION: And, in fact, it was an all-cash offer, as well, wasn’t it?
D_WITNESS: It was.

PROSECUTION: Stock first, sales of real estate later?
D_WITNESS: Yes.

PROSECUTION: . . . [L]et's remind the jury of what you said when you were describing why it is that you felt you didn't have to tell the employees about these sales during this period of time ... And let's read this. ""My personal belief is that Enron stock is an incredible bargain at current prices, and we will look back a couple of years from now and see the great opportunity that we currently have."" And that’s the latter part of the quote where it mentions that you had been buying stock in the last couple of months. And then you answer: ""Yes. And in fact, I had purchased the 4 million of shares, and I always separated the optional, discretionary decisions I was making with my money versus those ... that, in fact, were forced, as the margin calls were forcing the sale of some of the other shares."" That's what you said, right?
","{
    ""belief"": ""The witness's response 'Yes, it is.' is a straightforward confirmation of the quoted statement, which aligns with the prosecution's questioning about the witness's previous statements regarding stock purchases and sales. The response is clear and relevant to the prosecution's line of questioning, which aims to highlight inconsistencies or potential misrepresentations."",
    ""Commitment_value"": ""1"",
    ""quality_rate"": ""1"",
    ""consistency_value"": ""0"",
    ""relevance_rate"": ""1"",
    ""manner_rate"": ""1"",
    ""outcome_value"": ""Questioner"",
    ""outcome_reason"": ""1""
}","The witness's response 'Yes, it is.' is a straightforward confirmation of the quoted statement, which aligns with the prosecution's questioning about the witness's previous statements regarding stock purchases and sales. The response is clear and relevant to the prosecution's line of questioning, which aims to highlight inconsistencies or potential misrepresentations.",1,1,0,1,1,Questioner,1,0,0,0,-0.1111111111111111,0.0,1.0,5.0,7.8,-0.0119970640778066,0.04341536568043,-1.7636990840271851,-0.0554124297582367
Q/A,"All right. Well, let's look at the choices that you had on July 26th.... [O]n July 25th your line of credit was getting a margin call for $483,000, correct, sir?","That appears to be, yes.",enron_defense_2,"PROSECUTION: Mr. Petrocelli asked Mr. Skilling, ""Did you have one conversation with one person about getting your story straight? His answer was: ""No.” I’ll pose that question to you, Mr. Lay: Did you have one conversation with one person about getting your story straight for trial?
D_WITNESS: And again, could you elaborate on that, Mr. Hueston? I mean, what story are you talking about?

PROSECUTION: Are you having trouble with that question? I’m just posing the same question?
D_WITNESS: Well, I'm not sure I – I’m telling stories up here. I'm up here to answer your questions.

PROSECUTION: Have you contacted witnesses to get your story straight?
D_WITNESS: I – I – I don’t know that I contacted witnesses.

PROSECUTION: [Hueston asked Lay about his $120,000 investment in Photophete, a company doing business with Enron.]
D_WITNESS: Do you know if I told Mr. Duncan, the chairman of that committee, about the Photofete situation?

PROSECUTION: What we know and what you know, as the writer of those rules, is that telling one person-if it ever happened-does not satisfy your own rules . . .
D_WITNESS: I would think that the chairman of that committee, just like the chairman of any committee at Enron, can make a decision as to what he or she would like to do with that information or needs to do with that information.

PROSECUTION: Even though that's not what's called for by the code of conduct that you wrote, right?
D_WITNESS: I think we're now getting into form over substance, Mr. Hueston.

PROSECUTION: Well, that's what you would call your rules, then, form over substance, right?
D_WITNESS: No. The rules were very-very important. But, again, if I did notify Mr. Duncan, which I normally would have, then I would Jet him decide whether to take it up with the full committee or whether, in fact, it was even a large enough investment that he should take the time of the full committee.

PROSECUTION: Right. The rules were important, but you didn't follow them?
D_WITNESS: Rules are important, but they should not-you should not be a slave to rules, either....

PROSECUTION: One of the things your attorney said in opening was, quote, “He had real estate in Aspen. He could have sold his home up there. But that’s a long, tedious process; and he's got a wife and children to put up with."" Do you remember that statement?
D_WITNESS: I don't. I find the phrasing kind of interesting; but, no, I do not. I mean, he well may have said it.

PROSECUTION: Selling property in Aspen, in fact, was not a long, tedious process for you, was it?
D_WITNESS: Yes, it was....

PROSECUTION: Let’s focus on this [Aspen property] for a moment. That lot was listed for $10 million, right?
D_WITNESS: Yes.

PROSECUTION: And you didn’t list it until January 21st, 2002, after you sold all your Enron stock, right?
D_WITNESS: I’m not sure exactly when it was listed; but it was certainly after the bankruptcy....

PROSECUTION: All right. Now, listing date was January 21st, right, sir?
D_WITNESS: Yes.

PROSECUTION: The contract date was just two days later. You had a sales contract in hand just two days later, didn't you?
D_WITNESS: Yes, we did. Apparently there was a potential buyer known to our real estate agent up there, that wanted the property; and-and that transaction was-was negotiated and sold very quickly.

PROSECUTION: You got $10 million, the full asking price, within two days, right?
D_WITNESS: Yes.

PROSECUTION: And, in fact, it was an all-cash offer, as well, wasn’t it?
D_WITNESS: It was.

PROSECUTION: Stock first, sales of real estate later?
D_WITNESS: Yes.

PROSECUTION: . . . [L]et's remind the jury of what you said when you were describing why it is that you felt you didn't have to tell the employees about these sales during this period of time ... And let's read this. ""My personal belief is that Enron stock is an incredible bargain at current prices, and we will look back a couple of years from now and see the great opportunity that we currently have."" And that’s the latter part of the quote where it mentions that you had been buying stock in the last couple of months. And then you answer: ""Yes. And in fact, I had purchased the 4 million of shares, and I always separated the optional, discretionary decisions I was making with my money versus those ... that, in fact, were forced, as the margin calls were forcing the sale of some of the other shares."" That's what you said, right?
D_WITNESS: Yes, it is.

PROSECUTION: All right. Well, let's look at the choices that you had on July 26th.... [O]n July 25th your line of credit was getting a margin call for $483,000, correct, sir?
","{
    ""belief"": ""The witness's response is a straightforward acknowledgment of the margin call amount, which does not provide additional damaging information but also does not offer a defense or explanation that could benefit the witness."",
    ""Commitment_value"": ""3"",
    ""quality_rate"": ""1"",
    ""consistency_value"": ""0"",
    ""relevance_rate"": ""1"",
    ""manner_rate"": ""1"",
    ""outcome_value"": ""Questioner"",
    ""outcome_reason"": ""1""
}","The witness's response is a straightforward acknowledgment of the margin call amount, which does not provide additional damaging information but also does not offer a defense or explanation that could benefit the witness.",3,1,0,1,1,Questioner,1,0,0,0,-0.1578947368421052,0.5,0.0,5.5,7.8,0.1229699067975161,0.04341536568043,0.4781345123417143,0.0795545411170861
Q/A,"And in response to that $483,426 margin call, you sold $4 million of Enron stock back to Enron, correct?","If I did go back to Enron on the line of credit, I usually would go for the full amount.",enron_defense_2,"PROSECUTION: Mr. Petrocelli asked Mr. Skilling, ""Did you have one conversation with one person about getting your story straight? His answer was: ""No.” I’ll pose that question to you, Mr. Lay: Did you have one conversation with one person about getting your story straight for trial?
D_WITNESS: And again, could you elaborate on that, Mr. Hueston? I mean, what story are you talking about?

PROSECUTION: Are you having trouble with that question? I’m just posing the same question?
D_WITNESS: Well, I'm not sure I – I’m telling stories up here. I'm up here to answer your questions.

PROSECUTION: Have you contacted witnesses to get your story straight?
D_WITNESS: I – I – I don’t know that I contacted witnesses.

PROSECUTION: [Hueston asked Lay about his $120,000 investment in Photophete, a company doing business with Enron.]
D_WITNESS: Do you know if I told Mr. Duncan, the chairman of that committee, about the Photofete situation?

PROSECUTION: What we know and what you know, as the writer of those rules, is that telling one person-if it ever happened-does not satisfy your own rules . . .
D_WITNESS: I would think that the chairman of that committee, just like the chairman of any committee at Enron, can make a decision as to what he or she would like to do with that information or needs to do with that information.

PROSECUTION: Even though that's not what's called for by the code of conduct that you wrote, right?
D_WITNESS: I think we're now getting into form over substance, Mr. Hueston.

PROSECUTION: Well, that's what you would call your rules, then, form over substance, right?
D_WITNESS: No. The rules were very-very important. But, again, if I did notify Mr. Duncan, which I normally would have, then I would Jet him decide whether to take it up with the full committee or whether, in fact, it was even a large enough investment that he should take the time of the full committee.

PROSECUTION: Right. The rules were important, but you didn't follow them?
D_WITNESS: Rules are important, but they should not-you should not be a slave to rules, either....

PROSECUTION: One of the things your attorney said in opening was, quote, “He had real estate in Aspen. He could have sold his home up there. But that’s a long, tedious process; and he's got a wife and children to put up with."" Do you remember that statement?
D_WITNESS: I don't. I find the phrasing kind of interesting; but, no, I do not. I mean, he well may have said it.

PROSECUTION: Selling property in Aspen, in fact, was not a long, tedious process for you, was it?
D_WITNESS: Yes, it was....

PROSECUTION: Let’s focus on this [Aspen property] for a moment. That lot was listed for $10 million, right?
D_WITNESS: Yes.

PROSECUTION: And you didn’t list it until January 21st, 2002, after you sold all your Enron stock, right?
D_WITNESS: I’m not sure exactly when it was listed; but it was certainly after the bankruptcy....

PROSECUTION: All right. Now, listing date was January 21st, right, sir?
D_WITNESS: Yes.

PROSECUTION: The contract date was just two days later. You had a sales contract in hand just two days later, didn't you?
D_WITNESS: Yes, we did. Apparently there was a potential buyer known to our real estate agent up there, that wanted the property; and-and that transaction was-was negotiated and sold very quickly.

PROSECUTION: You got $10 million, the full asking price, within two days, right?
D_WITNESS: Yes.

PROSECUTION: And, in fact, it was an all-cash offer, as well, wasn’t it?
D_WITNESS: It was.

PROSECUTION: Stock first, sales of real estate later?
D_WITNESS: Yes.

PROSECUTION: . . . [L]et's remind the jury of what you said when you were describing why it is that you felt you didn't have to tell the employees about these sales during this period of time ... And let's read this. ""My personal belief is that Enron stock is an incredible bargain at current prices, and we will look back a couple of years from now and see the great opportunity that we currently have."" And that’s the latter part of the quote where it mentions that you had been buying stock in the last couple of months. And then you answer: ""Yes. And in fact, I had purchased the 4 million of shares, and I always separated the optional, discretionary decisions I was making with my money versus those ... that, in fact, were forced, as the margin calls were forcing the sale of some of the other shares."" That's what you said, right?
D_WITNESS: Yes, it is.

PROSECUTION: All right. Well, let's look at the choices that you had on July 26th.... [O]n July 25th your line of credit was getting a margin call for $483,000, correct, sir?
D_WITNESS: That appears to be, yes.

PROSECUTION: And in response to that $483,426 margin call, you sold $4 million of Enron stock back to Enron, correct?
","{
    ""belief"": ""The witness's response does not directly address the specific question about the margin call and the sale of $4 million of Enron stock. Instead, it provides a general statement about the witness's usual behavior regarding the line of credit, which does not clarify the specific action taken in response to the margin call."",
    ""Commitment_value"": ""4"",
    ""quality_rate"": ""1"",
    ""consistency_value"": ""0"",
    ""relevance_rate"": ""3"",
    ""manner_rate"": ""2"",
    ""outcome_value"": ""Questioner"",
    ""outcome_reason"": ""1""
}","The witness's response does not directly address the specific question about the margin call and the sale of $4 million of Enron stock. Instead, it provides a general statement about the witness's usual behavior regarding the line of credit, which does not clarify the specific action taken in response to the margin call.",4,1,0,3,2,Questioner,1,1,0,0,-0.2,0.0,0.5,5.5,8.3,0.1229699067975161,0.1694599757203903,-0.1589785165680782,-0.0464900689228741
Q/A,"[S]o what you're saying is, even though you had a margin call of just $483,000, you went ahead and used that margin call as a reason to draw a full $4 million down or to sell $4 million of Enron stock back to Enron, right?",I most usually would do that in order to have some additional liquidity versus whatever the margin call was.,enron_defense_2,"PROSECUTION: Mr. Petrocelli asked Mr. Skilling, ""Did you have one conversation with one person about getting your story straight? His answer was: ""No.” I’ll pose that question to you, Mr. Lay: Did you have one conversation with one person about getting your story straight for trial?
D_WITNESS: And again, could you elaborate on that, Mr. Hueston? I mean, what story are you talking about?

PROSECUTION: Are you having trouble with that question? I’m just posing the same question?
D_WITNESS: Well, I'm not sure I – I’m telling stories up here. I'm up here to answer your questions.

PROSECUTION: Have you contacted witnesses to get your story straight?
D_WITNESS: I – I – I don’t know that I contacted witnesses.

PROSECUTION: [Hueston asked Lay about his $120,000 investment in Photophete, a company doing business with Enron.]
D_WITNESS: Do you know if I told Mr. Duncan, the chairman of that committee, about the Photofete situation?

PROSECUTION: What we know and what you know, as the writer of those rules, is that telling one person-if it ever happened-does not satisfy your own rules . . .
D_WITNESS: I would think that the chairman of that committee, just like the chairman of any committee at Enron, can make a decision as to what he or she would like to do with that information or needs to do with that information.

PROSECUTION: Even though that's not what's called for by the code of conduct that you wrote, right?
D_WITNESS: I think we're now getting into form over substance, Mr. Hueston.

PROSECUTION: Well, that's what you would call your rules, then, form over substance, right?
D_WITNESS: No. The rules were very-very important. But, again, if I did notify Mr. Duncan, which I normally would have, then I would Jet him decide whether to take it up with the full committee or whether, in fact, it was even a large enough investment that he should take the time of the full committee.

PROSECUTION: Right. The rules were important, but you didn't follow them?
D_WITNESS: Rules are important, but they should not-you should not be a slave to rules, either....

PROSECUTION: One of the things your attorney said in opening was, quote, “He had real estate in Aspen. He could have sold his home up there. But that’s a long, tedious process; and he's got a wife and children to put up with."" Do you remember that statement?
D_WITNESS: I don't. I find the phrasing kind of interesting; but, no, I do not. I mean, he well may have said it.

PROSECUTION: Selling property in Aspen, in fact, was not a long, tedious process for you, was it?
D_WITNESS: Yes, it was....

PROSECUTION: Let’s focus on this [Aspen property] for a moment. That lot was listed for $10 million, right?
D_WITNESS: Yes.

PROSECUTION: And you didn’t list it until January 21st, 2002, after you sold all your Enron stock, right?
D_WITNESS: I’m not sure exactly when it was listed; but it was certainly after the bankruptcy....

PROSECUTION: All right. Now, listing date was January 21st, right, sir?
D_WITNESS: Yes.

PROSECUTION: The contract date was just two days later. You had a sales contract in hand just two days later, didn't you?
D_WITNESS: Yes, we did. Apparently there was a potential buyer known to our real estate agent up there, that wanted the property; and-and that transaction was-was negotiated and sold very quickly.

PROSECUTION: You got $10 million, the full asking price, within two days, right?
D_WITNESS: Yes.

PROSECUTION: And, in fact, it was an all-cash offer, as well, wasn’t it?
D_WITNESS: It was.

PROSECUTION: Stock first, sales of real estate later?
D_WITNESS: Yes.

PROSECUTION: . . . [L]et's remind the jury of what you said when you were describing why it is that you felt you didn't have to tell the employees about these sales during this period of time ... And let's read this. ""My personal belief is that Enron stock is an incredible bargain at current prices, and we will look back a couple of years from now and see the great opportunity that we currently have."" And that’s the latter part of the quote where it mentions that you had been buying stock in the last couple of months. And then you answer: ""Yes. And in fact, I had purchased the 4 million of shares, and I always separated the optional, discretionary decisions I was making with my money versus those ... that, in fact, were forced, as the margin calls were forcing the sale of some of the other shares."" That's what you said, right?
D_WITNESS: Yes, it is.

PROSECUTION: All right. Well, let's look at the choices that you had on July 26th.... [O]n July 25th your line of credit was getting a margin call for $483,000, correct, sir?
D_WITNESS: That appears to be, yes.

PROSECUTION: And in response to that $483,426 margin call, you sold $4 million of Enron stock back to Enron, correct?
D_WITNESS: If I did go back to Enron on the line of credit, I usually would go for the full amount.

PROSECUTION: [S]o what you're saying is, even though you had a margin call of just $483,000, you went ahead and used that margin call as a reason to draw a full $4 million down or to sell $4 million of Enron stock back to Enron, right?
","{
    ""belief"": ""The witness's response indicates a pattern of behavior that aligns with the prosecution's questioning, suggesting a strategic use of margin calls to sell larger amounts of stock. This is detrimental to the witness as it supports the prosecution's narrative of financial manipulation."",
    ""Commitment_value"": ""1"",
    ""quality_rate"": ""1"",
    ""consistency_value"": ""0"",
    ""relevance_rate"": ""1"",
    ""manner_rate"": ""2"",
    ""outcome_value"": ""Questioner"",
    ""outcome_reason"": ""1""
}","The witness's response indicates a pattern of behavior that aligns with the prosecution's questioning, suggesting a strategic use of margin calls to sell larger amounts of stock. This is detrimental to the witness as it supports the prosecution's narrative of financial manipulation.",1,1,0,1,2,Questioner,1,0,0,0,-0.238095238095238,0.0,1.0,5.5,9.3,0.1229699067975161,0.4215491958003104,-0.5483357472278072,-0.2985792890027943
Q/A,"All right. So a good $3.5 million was not required by the margin call that day, correct?",Apparently not....,enron_defense_2,"PROSECUTION: Mr. Petrocelli asked Mr. Skilling, ""Did you have one conversation with one person about getting your story straight? His answer was: ""No.” I’ll pose that question to you, Mr. Lay: Did you have one conversation with one person about getting your story straight for trial?
D_WITNESS: And again, could you elaborate on that, Mr. Hueston? I mean, what story are you talking about?

PROSECUTION: Are you having trouble with that question? I’m just posing the same question?
D_WITNESS: Well, I'm not sure I – I’m telling stories up here. I'm up here to answer your questions.

PROSECUTION: Have you contacted witnesses to get your story straight?
D_WITNESS: I – I – I don’t know that I contacted witnesses.

PROSECUTION: [Hueston asked Lay about his $120,000 investment in Photophete, a company doing business with Enron.]
D_WITNESS: Do you know if I told Mr. Duncan, the chairman of that committee, about the Photofete situation?

PROSECUTION: What we know and what you know, as the writer of those rules, is that telling one person-if it ever happened-does not satisfy your own rules . . .
D_WITNESS: I would think that the chairman of that committee, just like the chairman of any committee at Enron, can make a decision as to what he or she would like to do with that information or needs to do with that information.

PROSECUTION: Even though that's not what's called for by the code of conduct that you wrote, right?
D_WITNESS: I think we're now getting into form over substance, Mr. Hueston.

PROSECUTION: Well, that's what you would call your rules, then, form over substance, right?
D_WITNESS: No. The rules were very-very important. But, again, if I did notify Mr. Duncan, which I normally would have, then I would Jet him decide whether to take it up with the full committee or whether, in fact, it was even a large enough investment that he should take the time of the full committee.

PROSECUTION: Right. The rules were important, but you didn't follow them?
D_WITNESS: Rules are important, but they should not-you should not be a slave to rules, either....

PROSECUTION: One of the things your attorney said in opening was, quote, “He had real estate in Aspen. He could have sold his home up there. But that’s a long, tedious process; and he's got a wife and children to put up with."" Do you remember that statement?
D_WITNESS: I don't. I find the phrasing kind of interesting; but, no, I do not. I mean, he well may have said it.

PROSECUTION: Selling property in Aspen, in fact, was not a long, tedious process for you, was it?
D_WITNESS: Yes, it was....

PROSECUTION: Let’s focus on this [Aspen property] for a moment. That lot was listed for $10 million, right?
D_WITNESS: Yes.

PROSECUTION: And you didn’t list it until January 21st, 2002, after you sold all your Enron stock, right?
D_WITNESS: I’m not sure exactly when it was listed; but it was certainly after the bankruptcy....

PROSECUTION: All right. Now, listing date was January 21st, right, sir?
D_WITNESS: Yes.

PROSECUTION: The contract date was just two days later. You had a sales contract in hand just two days later, didn't you?
D_WITNESS: Yes, we did. Apparently there was a potential buyer known to our real estate agent up there, that wanted the property; and-and that transaction was-was negotiated and sold very quickly.

PROSECUTION: You got $10 million, the full asking price, within two days, right?
D_WITNESS: Yes.

PROSECUTION: And, in fact, it was an all-cash offer, as well, wasn’t it?
D_WITNESS: It was.

PROSECUTION: Stock first, sales of real estate later?
D_WITNESS: Yes.

PROSECUTION: . . . [L]et's remind the jury of what you said when you were describing why it is that you felt you didn't have to tell the employees about these sales during this period of time ... And let's read this. ""My personal belief is that Enron stock is an incredible bargain at current prices, and we will look back a couple of years from now and see the great opportunity that we currently have."" And that’s the latter part of the quote where it mentions that you had been buying stock in the last couple of months. And then you answer: ""Yes. And in fact, I had purchased the 4 million of shares, and I always separated the optional, discretionary decisions I was making with my money versus those ... that, in fact, were forced, as the margin calls were forcing the sale of some of the other shares."" That's what you said, right?
D_WITNESS: Yes, it is.

PROSECUTION: All right. Well, let's look at the choices that you had on July 26th.... [O]n July 25th your line of credit was getting a margin call for $483,000, correct, sir?
D_WITNESS: That appears to be, yes.

PROSECUTION: And in response to that $483,426 margin call, you sold $4 million of Enron stock back to Enron, correct?
D_WITNESS: If I did go back to Enron on the line of credit, I usually would go for the full amount.

PROSECUTION: [S]o what you're saying is, even though you had a margin call of just $483,000, you went ahead and used that margin call as a reason to draw a full $4 million down or to sell $4 million of Enron stock back to Enron, right?
D_WITNESS: I most usually would do that in order to have some additional liquidity versus whatever the margin call was.

PROSECUTION: All right. So a good $3.5 million was not required by the margin call that day, correct?
","{
    ""belief"": ""The witness's response 'Apparently not' is a straightforward answer to the question about whether the margin call required the full $4 million sale. The response is relevant and clear, but it does not provide additional context or explanation that might have been beneficial to the witness."",
    ""Commitment_value"": ""1"",
    ""quality_rate"": ""1"",
    ""consistency_value"": ""0"",
    ""relevance_rate"": ""1"",
    ""manner_rate"": ""1"",
    ""outcome_value"": ""Questioner"",
    ""outcome_reason"": ""1""
}","The witness's response 'Apparently not' is a straightforward answer to the question about whether the margin call required the full $4 million sale. The response is relevant and clear, but it does not provide additional context or explanation that might have been beneficial to the witness.",1,1,0,1,1,Questioner,1,0,0,0,-0.2727272727272727,0.0,1.0,5.5,10.3,0.1229699067975161,0.6736384158802307,-0.6912663267585233,-0.5506685090827145
Q/A,"So on July 26, sir, on this now familiar document, it indicates your total borrowing power on the secured lines was $9.5 million and in your unsecured lines below an additional $2.25 million. And so, in fact, you had over $11 million worth of borrowing options off your other lines of credit on that day available to you to satisfy that half-a-million-dollar or so margin call, correct?","Well, apparently.",enron_defense_2,"PROSECUTION: Mr. Petrocelli asked Mr. Skilling, ""Did you have one conversation with one person about getting your story straight? His answer was: ""No.” I’ll pose that question to you, Mr. Lay: Did you have one conversation with one person about getting your story straight for trial?
D_WITNESS: And again, could you elaborate on that, Mr. Hueston? I mean, what story are you talking about?

PROSECUTION: Are you having trouble with that question? I’m just posing the same question?
D_WITNESS: Well, I'm not sure I – I’m telling stories up here. I'm up here to answer your questions.

PROSECUTION: Have you contacted witnesses to get your story straight?
D_WITNESS: I – I – I don’t know that I contacted witnesses.

PROSECUTION: [Hueston asked Lay about his $120,000 investment in Photophete, a company doing business with Enron.]
D_WITNESS: Do you know if I told Mr. Duncan, the chairman of that committee, about the Photofete situation?

PROSECUTION: What we know and what you know, as the writer of those rules, is that telling one person-if it ever happened-does not satisfy your own rules . . .
D_WITNESS: I would think that the chairman of that committee, just like the chairman of any committee at Enron, can make a decision as to what he or she would like to do with that information or needs to do with that information.

PROSECUTION: Even though that's not what's called for by the code of conduct that you wrote, right?
D_WITNESS: I think we're now getting into form over substance, Mr. Hueston.

PROSECUTION: Well, that's what you would call your rules, then, form over substance, right?
D_WITNESS: No. The rules were very-very important. But, again, if I did notify Mr. Duncan, which I normally would have, then I would Jet him decide whether to take it up with the full committee or whether, in fact, it was even a large enough investment that he should take the time of the full committee.

PROSECUTION: Right. The rules were important, but you didn't follow them?
D_WITNESS: Rules are important, but they should not-you should not be a slave to rules, either....

PROSECUTION: One of the things your attorney said in opening was, quote, “He had real estate in Aspen. He could have sold his home up there. But that’s a long, tedious process; and he's got a wife and children to put up with."" Do you remember that statement?
D_WITNESS: I don't. I find the phrasing kind of interesting; but, no, I do not. I mean, he well may have said it.

PROSECUTION: Selling property in Aspen, in fact, was not a long, tedious process for you, was it?
D_WITNESS: Yes, it was....

PROSECUTION: Let’s focus on this [Aspen property] for a moment. That lot was listed for $10 million, right?
D_WITNESS: Yes.

PROSECUTION: And you didn’t list it until January 21st, 2002, after you sold all your Enron stock, right?
D_WITNESS: I’m not sure exactly when it was listed; but it was certainly after the bankruptcy....

PROSECUTION: All right. Now, listing date was January 21st, right, sir?
D_WITNESS: Yes.

PROSECUTION: The contract date was just two days later. You had a sales contract in hand just two days later, didn't you?
D_WITNESS: Yes, we did. Apparently there was a potential buyer known to our real estate agent up there, that wanted the property; and-and that transaction was-was negotiated and sold very quickly.

PROSECUTION: You got $10 million, the full asking price, within two days, right?
D_WITNESS: Yes.

PROSECUTION: And, in fact, it was an all-cash offer, as well, wasn’t it?
D_WITNESS: It was.

PROSECUTION: Stock first, sales of real estate later?
D_WITNESS: Yes.

PROSECUTION: . . . [L]et's remind the jury of what you said when you were describing why it is that you felt you didn't have to tell the employees about these sales during this period of time ... And let's read this. ""My personal belief is that Enron stock is an incredible bargain at current prices, and we will look back a couple of years from now and see the great opportunity that we currently have."" And that’s the latter part of the quote where it mentions that you had been buying stock in the last couple of months. And then you answer: ""Yes. And in fact, I had purchased the 4 million of shares, and I always separated the optional, discretionary decisions I was making with my money versus those ... that, in fact, were forced, as the margin calls were forcing the sale of some of the other shares."" That's what you said, right?
D_WITNESS: Yes, it is.

PROSECUTION: All right. Well, let's look at the choices that you had on July 26th.... [O]n July 25th your line of credit was getting a margin call for $483,000, correct, sir?
D_WITNESS: That appears to be, yes.

PROSECUTION: And in response to that $483,426 margin call, you sold $4 million of Enron stock back to Enron, correct?
D_WITNESS: If I did go back to Enron on the line of credit, I usually would go for the full amount.

PROSECUTION: [S]o what you're saying is, even though you had a margin call of just $483,000, you went ahead and used that margin call as a reason to draw a full $4 million down or to sell $4 million of Enron stock back to Enron, right?
D_WITNESS: I most usually would do that in order to have some additional liquidity versus whatever the margin call was.

PROSECUTION: All right. So a good $3.5 million was not required by the margin call that day, correct?
D_WITNESS: Apparently not....

PROSECUTION: So on July 26, sir, on this now familiar document, it indicates your total borrowing power on the secured lines was $9.5 million and in your unsecured lines below an additional $2.25 million. And so, in fact, you had over $11 million worth of borrowing options off your other lines of credit on that day available to you to satisfy that half-a-million-dollar or so margin call, correct?
","{
    ""belief"": ""The witness's response 'Well, apparently.' is vague and does not provide a clear answer to the question about the availability of borrowing options to satisfy the margin call. This vagueness benefits the questioner as it leaves room for further probing and does not provide a strong defense against the prosecution's line of questioning."",
    ""Commitment_value"": ""1"",
    ""quality_rate"": ""0"",
    ""consistency_value"": ""0"",
    ""relevance_rate"": ""1"",
    ""manner_rate"": ""4"",
    ""outcome_value"": ""Questioner"",
    ""outcome_reason"": ""1""
}","The witness's response 'Well, apparently.' is vague and does not provide a clear answer to the question about the availability of borrowing options to satisfy the margin call. This vagueness benefits the questioner as it leaves room for further probing and does not provide a strong defense against the prosecution's line of questioning.",1,0,0,1,4,Questioner,1,0,1,0,-0.3043478260869565,0.4,1.0,5.9,11.3,0.2309434834977745,0.9257276359601508,-0.6006756292039065,-0.6947841524623761
Q/A,"So, your choices on July 26th, sir, to meet the margin call of $483,426 was $11 million worth of balance availability and other lines of credit, right? That's in category choice number one and the very sort of choice that Mr. Herrold provided you that we saw by e-mail in May of 2001. Do you remember that?",I'm sorry. An e-mail by Mr. Herrold when?,enron_defense_2,"PROSECUTION: Mr. Petrocelli asked Mr. Skilling, ""Did you have one conversation with one person about getting your story straight? His answer was: ""No.” I’ll pose that question to you, Mr. Lay: Did you have one conversation with one person about getting your story straight for trial?
D_WITNESS: And again, could you elaborate on that, Mr. Hueston? I mean, what story are you talking about?

PROSECUTION: Are you having trouble with that question? I’m just posing the same question?
D_WITNESS: Well, I'm not sure I – I’m telling stories up here. I'm up here to answer your questions.

PROSECUTION: Have you contacted witnesses to get your story straight?
D_WITNESS: I – I – I don’t know that I contacted witnesses.

PROSECUTION: [Hueston asked Lay about his $120,000 investment in Photophete, a company doing business with Enron.]
D_WITNESS: Do you know if I told Mr. Duncan, the chairman of that committee, about the Photofete situation?

PROSECUTION: What we know and what you know, as the writer of those rules, is that telling one person-if it ever happened-does not satisfy your own rules . . .
D_WITNESS: I would think that the chairman of that committee, just like the chairman of any committee at Enron, can make a decision as to what he or she would like to do with that information or needs to do with that information.

PROSECUTION: Even though that's not what's called for by the code of conduct that you wrote, right?
D_WITNESS: I think we're now getting into form over substance, Mr. Hueston.

PROSECUTION: Well, that's what you would call your rules, then, form over substance, right?
D_WITNESS: No. The rules were very-very important. But, again, if I did notify Mr. Duncan, which I normally would have, then I would Jet him decide whether to take it up with the full committee or whether, in fact, it was even a large enough investment that he should take the time of the full committee.

PROSECUTION: Right. The rules were important, but you didn't follow them?
D_WITNESS: Rules are important, but they should not-you should not be a slave to rules, either....

PROSECUTION: One of the things your attorney said in opening was, quote, “He had real estate in Aspen. He could have sold his home up there. But that’s a long, tedious process; and he's got a wife and children to put up with."" Do you remember that statement?
D_WITNESS: I don't. I find the phrasing kind of interesting; but, no, I do not. I mean, he well may have said it.

PROSECUTION: Selling property in Aspen, in fact, was not a long, tedious process for you, was it?
D_WITNESS: Yes, it was....

PROSECUTION: Let’s focus on this [Aspen property] for a moment. That lot was listed for $10 million, right?
D_WITNESS: Yes.

PROSECUTION: And you didn’t list it until January 21st, 2002, after you sold all your Enron stock, right?
D_WITNESS: I’m not sure exactly when it was listed; but it was certainly after the bankruptcy....

PROSECUTION: All right. Now, listing date was January 21st, right, sir?
D_WITNESS: Yes.

PROSECUTION: The contract date was just two days later. You had a sales contract in hand just two days later, didn't you?
D_WITNESS: Yes, we did. Apparently there was a potential buyer known to our real estate agent up there, that wanted the property; and-and that transaction was-was negotiated and sold very quickly.

PROSECUTION: You got $10 million, the full asking price, within two days, right?
D_WITNESS: Yes.

PROSECUTION: And, in fact, it was an all-cash offer, as well, wasn’t it?
D_WITNESS: It was.

PROSECUTION: Stock first, sales of real estate later?
D_WITNESS: Yes.

PROSECUTION: . . . [L]et's remind the jury of what you said when you were describing why it is that you felt you didn't have to tell the employees about these sales during this period of time ... And let's read this. ""My personal belief is that Enron stock is an incredible bargain at current prices, and we will look back a couple of years from now and see the great opportunity that we currently have."" And that’s the latter part of the quote where it mentions that you had been buying stock in the last couple of months. And then you answer: ""Yes. And in fact, I had purchased the 4 million of shares, and I always separated the optional, discretionary decisions I was making with my money versus those ... that, in fact, were forced, as the margin calls were forcing the sale of some of the other shares."" That's what you said, right?
D_WITNESS: Yes, it is.

PROSECUTION: All right. Well, let's look at the choices that you had on July 26th.... [O]n July 25th your line of credit was getting a margin call for $483,000, correct, sir?
D_WITNESS: That appears to be, yes.

PROSECUTION: And in response to that $483,426 margin call, you sold $4 million of Enron stock back to Enron, correct?
D_WITNESS: If I did go back to Enron on the line of credit, I usually would go for the full amount.

PROSECUTION: [S]o what you're saying is, even though you had a margin call of just $483,000, you went ahead and used that margin call as a reason to draw a full $4 million down or to sell $4 million of Enron stock back to Enron, right?
D_WITNESS: I most usually would do that in order to have some additional liquidity versus whatever the margin call was.

PROSECUTION: All right. So a good $3.5 million was not required by the margin call that day, correct?
D_WITNESS: Apparently not....

PROSECUTION: So on July 26, sir, on this now familiar document, it indicates your total borrowing power on the secured lines was $9.5 million and in your unsecured lines below an additional $2.25 million. And so, in fact, you had over $11 million worth of borrowing options off your other lines of credit on that day available to you to satisfy that half-a-million-dollar or so margin call, correct?
D_WITNESS: Well, apparently.

PROSECUTION: So, your choices on July 26th, sir, to meet the margin call of $483,426 was $11 million worth of balance availability and other lines of credit, right? That's in category choice number one and the very sort of choice that Mr. Herrold provided you that we saw by e-mail in May of 2001. Do you remember that?
","{
    ""belief"": ""The witness's response indicates a lack of clear recollection or understanding of the specific date mentioned by the prosecution, which could be seen as a neutral stance but leans towards a lack of commitment. The response is not directly detrimental or beneficial to the witness, but it does not provide a clear answer to the question, which could be seen as evasive or unclear."",
    ""Commitment_value"": ""4"",
    ""quality_rate"": ""1"",
    ""consistency_value"": ""0"",
    ""relevance_rate"": ""2"",
    ""manner_rate"": ""3"",
    ""outcome_value"": ""Questioner"",
    ""outcome_reason"": ""1""
}","The witness's response indicates a lack of clear recollection or understanding of the specific date mentioned by the prosecution, which could be seen as a neutral stance but leans towards a lack of commitment. The response is not directly detrimental or beneficial to the witness, but it does not provide a clear answer to the question, which could be seen as evasive or unclear.",4,1,0,2,3,Questioner,1,0,1,0,-0.3333333333333333,0.0,0.5,5.9,11.8,0.2309434834977745,1.0517722460001109,-0.6399147867498645,-0.8208287625023363
Q/A,"Remember the May, 2001, e-mail from Mr. Herrold advising you of a choice between accessing money from other lines of credit or selling back",Yes.,enron_defense_2,"PROSECUTION: Mr. Petrocelli asked Mr. Skilling, ""Did you have one conversation with one person about getting your story straight? His answer was: ""No.” I’ll pose that question to you, Mr. Lay: Did you have one conversation with one person about getting your story straight for trial?
D_WITNESS: And again, could you elaborate on that, Mr. Hueston? I mean, what story are you talking about?

PROSECUTION: Are you having trouble with that question? I’m just posing the same question?
D_WITNESS: Well, I'm not sure I – I’m telling stories up here. I'm up here to answer your questions.

PROSECUTION: Have you contacted witnesses to get your story straight?
D_WITNESS: I – I – I don’t know that I contacted witnesses.

PROSECUTION: [Hueston asked Lay about his $120,000 investment in Photophete, a company doing business with Enron.]
D_WITNESS: Do you know if I told Mr. Duncan, the chairman of that committee, about the Photofete situation?

PROSECUTION: What we know and what you know, as the writer of those rules, is that telling one person-if it ever happened-does not satisfy your own rules . . .
D_WITNESS: I would think that the chairman of that committee, just like the chairman of any committee at Enron, can make a decision as to what he or she would like to do with that information or needs to do with that information.

PROSECUTION: Even though that's not what's called for by the code of conduct that you wrote, right?
D_WITNESS: I think we're now getting into form over substance, Mr. Hueston.

PROSECUTION: Well, that's what you would call your rules, then, form over substance, right?
D_WITNESS: No. The rules were very-very important. But, again, if I did notify Mr. Duncan, which I normally would have, then I would Jet him decide whether to take it up with the full committee or whether, in fact, it was even a large enough investment that he should take the time of the full committee.

PROSECUTION: Right. The rules were important, but you didn't follow them?
D_WITNESS: Rules are important, but they should not-you should not be a slave to rules, either....

PROSECUTION: One of the things your attorney said in opening was, quote, “He had real estate in Aspen. He could have sold his home up there. But that’s a long, tedious process; and he's got a wife and children to put up with."" Do you remember that statement?
D_WITNESS: I don't. I find the phrasing kind of interesting; but, no, I do not. I mean, he well may have said it.

PROSECUTION: Selling property in Aspen, in fact, was not a long, tedious process for you, was it?
D_WITNESS: Yes, it was....

PROSECUTION: Let’s focus on this [Aspen property] for a moment. That lot was listed for $10 million, right?
D_WITNESS: Yes.

PROSECUTION: And you didn’t list it until January 21st, 2002, after you sold all your Enron stock, right?
D_WITNESS: I’m not sure exactly when it was listed; but it was certainly after the bankruptcy....

PROSECUTION: All right. Now, listing date was January 21st, right, sir?
D_WITNESS: Yes.

PROSECUTION: The contract date was just two days later. You had a sales contract in hand just two days later, didn't you?
D_WITNESS: Yes, we did. Apparently there was a potential buyer known to our real estate agent up there, that wanted the property; and-and that transaction was-was negotiated and sold very quickly.

PROSECUTION: You got $10 million, the full asking price, within two days, right?
D_WITNESS: Yes.

PROSECUTION: And, in fact, it was an all-cash offer, as well, wasn’t it?
D_WITNESS: It was.

PROSECUTION: Stock first, sales of real estate later?
D_WITNESS: Yes.

PROSECUTION: . . . [L]et's remind the jury of what you said when you were describing why it is that you felt you didn't have to tell the employees about these sales during this period of time ... And let's read this. ""My personal belief is that Enron stock is an incredible bargain at current prices, and we will look back a couple of years from now and see the great opportunity that we currently have."" And that’s the latter part of the quote where it mentions that you had been buying stock in the last couple of months. And then you answer: ""Yes. And in fact, I had purchased the 4 million of shares, and I always separated the optional, discretionary decisions I was making with my money versus those ... that, in fact, were forced, as the margin calls were forcing the sale of some of the other shares."" That's what you said, right?
D_WITNESS: Yes, it is.

PROSECUTION: All right. Well, let's look at the choices that you had on July 26th.... [O]n July 25th your line of credit was getting a margin call for $483,000, correct, sir?
D_WITNESS: That appears to be, yes.

PROSECUTION: And in response to that $483,426 margin call, you sold $4 million of Enron stock back to Enron, correct?
D_WITNESS: If I did go back to Enron on the line of credit, I usually would go for the full amount.

PROSECUTION: [S]o what you're saying is, even though you had a margin call of just $483,000, you went ahead and used that margin call as a reason to draw a full $4 million down or to sell $4 million of Enron stock back to Enron, right?
D_WITNESS: I most usually would do that in order to have some additional liquidity versus whatever the margin call was.

PROSECUTION: All right. So a good $3.5 million was not required by the margin call that day, correct?
D_WITNESS: Apparently not....

PROSECUTION: So on July 26, sir, on this now familiar document, it indicates your total borrowing power on the secured lines was $9.5 million and in your unsecured lines below an additional $2.25 million. And so, in fact, you had over $11 million worth of borrowing options off your other lines of credit on that day available to you to satisfy that half-a-million-dollar or so margin call, correct?
D_WITNESS: Well, apparently.

PROSECUTION: So, your choices on July 26th, sir, to meet the margin call of $483,426 was $11 million worth of balance availability and other lines of credit, right? That's in category choice number one and the very sort of choice that Mr. Herrold provided you that we saw by e-mail in May of 2001. Do you remember that?
D_WITNESS: I'm sorry. An e-mail by Mr. Herrold when?

PROSECUTION: Remember the May, 2001, e-mail from Mr. Herrold advising you of a choice between accessing money from other lines of credit or selling back
","{
    ""belief"": ""The witness's response 'Yes' to the prosecution's question about the May 2001 email from Mr. Herrold is a straightforward acknowledgment. This response does not provide additional context or detail that could be used to further undermine or support the witness's credibility. The response is relevant to the prosecution's line of questioning about the witness's financial decisions and the options available to him."",
    ""Commitment_value"": ""3"",
    ""quality_rate"": ""1"",
    ""consistency_value"": ""0"",
    ""relevance_rate"": ""1"",
    ""manner_rate"": ""1"",
    ""outcome_value"": ""Questioner"",
    ""outcome_reason"": ""1""
}",The witness's response 'Yes' to the prosecution's question about the May 2001 email from Mr. Herrold is a straightforward acknowledgment. This response does not provide additional context or detail that could be used to further undermine or support the witness's credibility. The response is relevant to the prosecution's line of questioning about the witness's financial decisions and the options available to him.,3,1,0,1,1,Questioner,1,0,0,0,-0.36,0.5,0.0,6.4,11.8,0.3659104543730974,1.0517722460001109,-0.483790760405314,-0.6858617916270134
Q/A,– Enron stock?,Yes.,enron_defense_2,"PROSECUTION: Mr. Petrocelli asked Mr. Skilling, ""Did you have one conversation with one person about getting your story straight? His answer was: ""No.” I’ll pose that question to you, Mr. Lay: Did you have one conversation with one person about getting your story straight for trial?
D_WITNESS: And again, could you elaborate on that, Mr. Hueston? I mean, what story are you talking about?

PROSECUTION: Are you having trouble with that question? I’m just posing the same question?
D_WITNESS: Well, I'm not sure I – I’m telling stories up here. I'm up here to answer your questions.

PROSECUTION: Have you contacted witnesses to get your story straight?
D_WITNESS: I – I – I don’t know that I contacted witnesses.

PROSECUTION: [Hueston asked Lay about his $120,000 investment in Photophete, a company doing business with Enron.]
D_WITNESS: Do you know if I told Mr. Duncan, the chairman of that committee, about the Photofete situation?

PROSECUTION: What we know and what you know, as the writer of those rules, is that telling one person-if it ever happened-does not satisfy your own rules . . .
D_WITNESS: I would think that the chairman of that committee, just like the chairman of any committee at Enron, can make a decision as to what he or she would like to do with that information or needs to do with that information.

PROSECUTION: Even though that's not what's called for by the code of conduct that you wrote, right?
D_WITNESS: I think we're now getting into form over substance, Mr. Hueston.

PROSECUTION: Well, that's what you would call your rules, then, form over substance, right?
D_WITNESS: No. The rules were very-very important. But, again, if I did notify Mr. Duncan, which I normally would have, then I would Jet him decide whether to take it up with the full committee or whether, in fact, it was even a large enough investment that he should take the time of the full committee.

PROSECUTION: Right. The rules were important, but you didn't follow them?
D_WITNESS: Rules are important, but they should not-you should not be a slave to rules, either....

PROSECUTION: One of the things your attorney said in opening was, quote, “He had real estate in Aspen. He could have sold his home up there. But that’s a long, tedious process; and he's got a wife and children to put up with."" Do you remember that statement?
D_WITNESS: I don't. I find the phrasing kind of interesting; but, no, I do not. I mean, he well may have said it.

PROSECUTION: Selling property in Aspen, in fact, was not a long, tedious process for you, was it?
D_WITNESS: Yes, it was....

PROSECUTION: Let’s focus on this [Aspen property] for a moment. That lot was listed for $10 million, right?
D_WITNESS: Yes.

PROSECUTION: And you didn’t list it until January 21st, 2002, after you sold all your Enron stock, right?
D_WITNESS: I’m not sure exactly when it was listed; but it was certainly after the bankruptcy....

PROSECUTION: All right. Now, listing date was January 21st, right, sir?
D_WITNESS: Yes.

PROSECUTION: The contract date was just two days later. You had a sales contract in hand just two days later, didn't you?
D_WITNESS: Yes, we did. Apparently there was a potential buyer known to our real estate agent up there, that wanted the property; and-and that transaction was-was negotiated and sold very quickly.

PROSECUTION: You got $10 million, the full asking price, within two days, right?
D_WITNESS: Yes.

PROSECUTION: And, in fact, it was an all-cash offer, as well, wasn’t it?
D_WITNESS: It was.

PROSECUTION: Stock first, sales of real estate later?
D_WITNESS: Yes.

PROSECUTION: . . . [L]et's remind the jury of what you said when you were describing why it is that you felt you didn't have to tell the employees about these sales during this period of time ... And let's read this. ""My personal belief is that Enron stock is an incredible bargain at current prices, and we will look back a couple of years from now and see the great opportunity that we currently have."" And that’s the latter part of the quote where it mentions that you had been buying stock in the last couple of months. And then you answer: ""Yes. And in fact, I had purchased the 4 million of shares, and I always separated the optional, discretionary decisions I was making with my money versus those ... that, in fact, were forced, as the margin calls were forcing the sale of some of the other shares."" That's what you said, right?
D_WITNESS: Yes, it is.

PROSECUTION: All right. Well, let's look at the choices that you had on July 26th.... [O]n July 25th your line of credit was getting a margin call for $483,000, correct, sir?
D_WITNESS: That appears to be, yes.

PROSECUTION: And in response to that $483,426 margin call, you sold $4 million of Enron stock back to Enron, correct?
D_WITNESS: If I did go back to Enron on the line of credit, I usually would go for the full amount.

PROSECUTION: [S]o what you're saying is, even though you had a margin call of just $483,000, you went ahead and used that margin call as a reason to draw a full $4 million down or to sell $4 million of Enron stock back to Enron, right?
D_WITNESS: I most usually would do that in order to have some additional liquidity versus whatever the margin call was.

PROSECUTION: All right. So a good $3.5 million was not required by the margin call that day, correct?
D_WITNESS: Apparently not....

PROSECUTION: So on July 26, sir, on this now familiar document, it indicates your total borrowing power on the secured lines was $9.5 million and in your unsecured lines below an additional $2.25 million. And so, in fact, you had over $11 million worth of borrowing options off your other lines of credit on that day available to you to satisfy that half-a-million-dollar or so margin call, correct?
D_WITNESS: Well, apparently.

PROSECUTION: So, your choices on July 26th, sir, to meet the margin call of $483,426 was $11 million worth of balance availability and other lines of credit, right? That's in category choice number one and the very sort of choice that Mr. Herrold provided you that we saw by e-mail in May of 2001. Do you remember that?
D_WITNESS: I'm sorry. An e-mail by Mr. Herrold when?

PROSECUTION: Remember the May, 2001, e-mail from Mr. Herrold advising you of a choice between accessing money from other lines of credit or selling back
D_WITNESS: Yes.

PROSECUTION: – Enron stock?
","{
    ""belief"": ""The witness's response is a straightforward confirmation of a previous email, which does not provide new information that could be detrimental or beneficial to the witness. The response is clear and relevant to the question asked, but it does not add significant new information to the case."",
    ""Commitment_value"": ""3"",
    ""quality_rate"": ""1"",
    ""consistency_value"": ""0"",
    ""relevance_rate"": ""1"",
    ""manner_rate"": ""1"",
    ""outcome_value"": ""Witness"",
    ""outcome_reason"": ""1""
}","The witness's response is a straightforward confirmation of a previous email, which does not provide new information that could be detrimental or beneficial to the witness. The response is clear and relevant to the question asked, but it does not add significant new information to the case.",3,1,0,1,1,Witness,1,0,0,0,-0.3076923076923077,0.5,0.0,6.9,11.8,0.5008774252484203,1.0517722460001109,-0.3548094788882414,-0.5508948207516906
Q/A,"So, that's choice number one, $11 million available?",Yes.,enron_defense_2,"PROSECUTION: Mr. Petrocelli asked Mr. Skilling, ""Did you have one conversation with one person about getting your story straight? His answer was: ""No.” I’ll pose that question to you, Mr. Lay: Did you have one conversation with one person about getting your story straight for trial?
D_WITNESS: And again, could you elaborate on that, Mr. Hueston? I mean, what story are you talking about?

PROSECUTION: Are you having trouble with that question? I’m just posing the same question?
D_WITNESS: Well, I'm not sure I – I’m telling stories up here. I'm up here to answer your questions.

PROSECUTION: Have you contacted witnesses to get your story straight?
D_WITNESS: I – I – I don’t know that I contacted witnesses.

PROSECUTION: [Hueston asked Lay about his $120,000 investment in Photophete, a company doing business with Enron.]
D_WITNESS: Do you know if I told Mr. Duncan, the chairman of that committee, about the Photofete situation?

PROSECUTION: What we know and what you know, as the writer of those rules, is that telling one person-if it ever happened-does not satisfy your own rules . . .
D_WITNESS: I would think that the chairman of that committee, just like the chairman of any committee at Enron, can make a decision as to what he or she would like to do with that information or needs to do with that information.

PROSECUTION: Even though that's not what's called for by the code of conduct that you wrote, right?
D_WITNESS: I think we're now getting into form over substance, Mr. Hueston.

PROSECUTION: Well, that's what you would call your rules, then, form over substance, right?
D_WITNESS: No. The rules were very-very important. But, again, if I did notify Mr. Duncan, which I normally would have, then I would Jet him decide whether to take it up with the full committee or whether, in fact, it was even a large enough investment that he should take the time of the full committee.

PROSECUTION: Right. The rules were important, but you didn't follow them?
D_WITNESS: Rules are important, but they should not-you should not be a slave to rules, either....

PROSECUTION: One of the things your attorney said in opening was, quote, “He had real estate in Aspen. He could have sold his home up there. But that’s a long, tedious process; and he's got a wife and children to put up with."" Do you remember that statement?
D_WITNESS: I don't. I find the phrasing kind of interesting; but, no, I do not. I mean, he well may have said it.

PROSECUTION: Selling property in Aspen, in fact, was not a long, tedious process for you, was it?
D_WITNESS: Yes, it was....

PROSECUTION: Let’s focus on this [Aspen property] for a moment. That lot was listed for $10 million, right?
D_WITNESS: Yes.

PROSECUTION: And you didn’t list it until January 21st, 2002, after you sold all your Enron stock, right?
D_WITNESS: I’m not sure exactly when it was listed; but it was certainly after the bankruptcy....

PROSECUTION: All right. Now, listing date was January 21st, right, sir?
D_WITNESS: Yes.

PROSECUTION: The contract date was just two days later. You had a sales contract in hand just two days later, didn't you?
D_WITNESS: Yes, we did. Apparently there was a potential buyer known to our real estate agent up there, that wanted the property; and-and that transaction was-was negotiated and sold very quickly.

PROSECUTION: You got $10 million, the full asking price, within two days, right?
D_WITNESS: Yes.

PROSECUTION: And, in fact, it was an all-cash offer, as well, wasn’t it?
D_WITNESS: It was.

PROSECUTION: Stock first, sales of real estate later?
D_WITNESS: Yes.

PROSECUTION: . . . [L]et's remind the jury of what you said when you were describing why it is that you felt you didn't have to tell the employees about these sales during this period of time ... And let's read this. ""My personal belief is that Enron stock is an incredible bargain at current prices, and we will look back a couple of years from now and see the great opportunity that we currently have."" And that’s the latter part of the quote where it mentions that you had been buying stock in the last couple of months. And then you answer: ""Yes. And in fact, I had purchased the 4 million of shares, and I always separated the optional, discretionary decisions I was making with my money versus those ... that, in fact, were forced, as the margin calls were forcing the sale of some of the other shares."" That's what you said, right?
D_WITNESS: Yes, it is.

PROSECUTION: All right. Well, let's look at the choices that you had on July 26th.... [O]n July 25th your line of credit was getting a margin call for $483,000, correct, sir?
D_WITNESS: That appears to be, yes.

PROSECUTION: And in response to that $483,426 margin call, you sold $4 million of Enron stock back to Enron, correct?
D_WITNESS: If I did go back to Enron on the line of credit, I usually would go for the full amount.

PROSECUTION: [S]o what you're saying is, even though you had a margin call of just $483,000, you went ahead and used that margin call as a reason to draw a full $4 million down or to sell $4 million of Enron stock back to Enron, right?
D_WITNESS: I most usually would do that in order to have some additional liquidity versus whatever the margin call was.

PROSECUTION: All right. So a good $3.5 million was not required by the margin call that day, correct?
D_WITNESS: Apparently not....

PROSECUTION: So on July 26, sir, on this now familiar document, it indicates your total borrowing power on the secured lines was $9.5 million and in your unsecured lines below an additional $2.25 million. And so, in fact, you had over $11 million worth of borrowing options off your other lines of credit on that day available to you to satisfy that half-a-million-dollar or so margin call, correct?
D_WITNESS: Well, apparently.

PROSECUTION: So, your choices on July 26th, sir, to meet the margin call of $483,426 was $11 million worth of balance availability and other lines of credit, right? That's in category choice number one and the very sort of choice that Mr. Herrold provided you that we saw by e-mail in May of 2001. Do you remember that?
D_WITNESS: I'm sorry. An e-mail by Mr. Herrold when?

PROSECUTION: Remember the May, 2001, e-mail from Mr. Herrold advising you of a choice between accessing money from other lines of credit or selling back
D_WITNESS: Yes.

PROSECUTION: – Enron stock?
D_WITNESS: Yes.

PROSECUTION: So, that's choice number one, $11 million available?
","```json
{
    ""belief"": ""The witness's response is straightforward and relevant to the question asked, indicating a clear understanding of the financial choices available to him on July 26th. The response does not provide new information that significantly benefits either side but maintains a neutral stance."",
    ""Commitment_value"": ""3"",
    ""quality_rate"": ""1"",
    ""consistency_value"": ""0"",
    ""relevance_rate"": ""1"",
    ""manner_rate"": ""1"",
    ""outcome_value"": ""Witness"",
    ""outcome_reason"": ""1""
}
```","The witness's response is straightforward and relevant to the question asked, indicating a clear understanding of the financial choices available to him on July 26th. The response does not provide new information that significantly benefits either side but maintains a neutral stance.",3,1,0,1,1,Witness,1,0,0,0,-0.2592592592592592,0.5,0.0,7.4,11.8,0.6358443961237431,1.0517722460001109,-0.2464587273522767,-0.4159278498763678
Q/A,"And choice number two, selling assets that were summing in excess of $13 million of non-Enron stock. That was also available as an option as well, correct?",That appears to be so.,enron_defense_2,"PROSECUTION: Mr. Petrocelli asked Mr. Skilling, ""Did you have one conversation with one person about getting your story straight? His answer was: ""No.” I’ll pose that question to you, Mr. Lay: Did you have one conversation with one person about getting your story straight for trial?
D_WITNESS: And again, could you elaborate on that, Mr. Hueston? I mean, what story are you talking about?

PROSECUTION: Are you having trouble with that question? I’m just posing the same question?
D_WITNESS: Well, I'm not sure I – I’m telling stories up here. I'm up here to answer your questions.

PROSECUTION: Have you contacted witnesses to get your story straight?
D_WITNESS: I – I – I don’t know that I contacted witnesses.

PROSECUTION: [Hueston asked Lay about his $120,000 investment in Photophete, a company doing business with Enron.]
D_WITNESS: Do you know if I told Mr. Duncan, the chairman of that committee, about the Photofete situation?

PROSECUTION: What we know and what you know, as the writer of those rules, is that telling one person-if it ever happened-does not satisfy your own rules . . .
D_WITNESS: I would think that the chairman of that committee, just like the chairman of any committee at Enron, can make a decision as to what he or she would like to do with that information or needs to do with that information.

PROSECUTION: Even though that's not what's called for by the code of conduct that you wrote, right?
D_WITNESS: I think we're now getting into form over substance, Mr. Hueston.

PROSECUTION: Well, that's what you would call your rules, then, form over substance, right?
D_WITNESS: No. The rules were very-very important. But, again, if I did notify Mr. Duncan, which I normally would have, then I would Jet him decide whether to take it up with the full committee or whether, in fact, it was even a large enough investment that he should take the time of the full committee.

PROSECUTION: Right. The rules were important, but you didn't follow them?
D_WITNESS: Rules are important, but they should not-you should not be a slave to rules, either....

PROSECUTION: One of the things your attorney said in opening was, quote, “He had real estate in Aspen. He could have sold his home up there. But that’s a long, tedious process; and he's got a wife and children to put up with."" Do you remember that statement?
D_WITNESS: I don't. I find the phrasing kind of interesting; but, no, I do not. I mean, he well may have said it.

PROSECUTION: Selling property in Aspen, in fact, was not a long, tedious process for you, was it?
D_WITNESS: Yes, it was....

PROSECUTION: Let’s focus on this [Aspen property] for a moment. That lot was listed for $10 million, right?
D_WITNESS: Yes.

PROSECUTION: And you didn’t list it until January 21st, 2002, after you sold all your Enron stock, right?
D_WITNESS: I’m not sure exactly when it was listed; but it was certainly after the bankruptcy....

PROSECUTION: All right. Now, listing date was January 21st, right, sir?
D_WITNESS: Yes.

PROSECUTION: The contract date was just two days later. You had a sales contract in hand just two days later, didn't you?
D_WITNESS: Yes, we did. Apparently there was a potential buyer known to our real estate agent up there, that wanted the property; and-and that transaction was-was negotiated and sold very quickly.

PROSECUTION: You got $10 million, the full asking price, within two days, right?
D_WITNESS: Yes.

PROSECUTION: And, in fact, it was an all-cash offer, as well, wasn’t it?
D_WITNESS: It was.

PROSECUTION: Stock first, sales of real estate later?
D_WITNESS: Yes.

PROSECUTION: . . . [L]et's remind the jury of what you said when you were describing why it is that you felt you didn't have to tell the employees about these sales during this period of time ... And let's read this. ""My personal belief is that Enron stock is an incredible bargain at current prices, and we will look back a couple of years from now and see the great opportunity that we currently have."" And that’s the latter part of the quote where it mentions that you had been buying stock in the last couple of months. And then you answer: ""Yes. And in fact, I had purchased the 4 million of shares, and I always separated the optional, discretionary decisions I was making with my money versus those ... that, in fact, were forced, as the margin calls were forcing the sale of some of the other shares."" That's what you said, right?
D_WITNESS: Yes, it is.

PROSECUTION: All right. Well, let's look at the choices that you had on July 26th.... [O]n July 25th your line of credit was getting a margin call for $483,000, correct, sir?
D_WITNESS: That appears to be, yes.

PROSECUTION: And in response to that $483,426 margin call, you sold $4 million of Enron stock back to Enron, correct?
D_WITNESS: If I did go back to Enron on the line of credit, I usually would go for the full amount.

PROSECUTION: [S]o what you're saying is, even though you had a margin call of just $483,000, you went ahead and used that margin call as a reason to draw a full $4 million down or to sell $4 million of Enron stock back to Enron, right?
D_WITNESS: I most usually would do that in order to have some additional liquidity versus whatever the margin call was.

PROSECUTION: All right. So a good $3.5 million was not required by the margin call that day, correct?
D_WITNESS: Apparently not....

PROSECUTION: So on July 26, sir, on this now familiar document, it indicates your total borrowing power on the secured lines was $9.5 million and in your unsecured lines below an additional $2.25 million. And so, in fact, you had over $11 million worth of borrowing options off your other lines of credit on that day available to you to satisfy that half-a-million-dollar or so margin call, correct?
D_WITNESS: Well, apparently.

PROSECUTION: So, your choices on July 26th, sir, to meet the margin call of $483,426 was $11 million worth of balance availability and other lines of credit, right? That's in category choice number one and the very sort of choice that Mr. Herrold provided you that we saw by e-mail in May of 2001. Do you remember that?
D_WITNESS: I'm sorry. An e-mail by Mr. Herrold when?

PROSECUTION: Remember the May, 2001, e-mail from Mr. Herrold advising you of a choice between accessing money from other lines of credit or selling back
D_WITNESS: Yes.

PROSECUTION: – Enron stock?
D_WITNESS: Yes.

PROSECUTION: So, that's choice number one, $11 million available?
D_WITNESS: Yes.

PROSECUTION: And choice number two, selling assets that were summing in excess of $13 million of non-Enron stock. That was also available as an option as well, correct?
","{
    ""belief"": ""The witness's response is neutral and slightly relevant, but it does not provide new information that significantly benefits either side. The response is clear and consistent with previous testimony, but it does not add substantial weight to the prosecution's argument."",
    ""Commitment_value"": ""3"",
    ""quality_rate"": ""1"",
    ""consistency_value"": ""0"",
    ""relevance_rate"": ""2"",
    ""manner_rate"": ""1"",
    ""outcome_value"": ""Witness"",
    ""outcome_reason"": ""1""
}","The witness's response is neutral and slightly relevant, but it does not provide new information that significantly benefits either side. The response is clear and consistent with previous testimony, but it does not add substantial weight to the prosecution's argument.",3,1,0,2,1,Witness,1,0,0,0,-0.2142857142857142,0.5,0.0,7.9,11.8,0.770811366999066,1.0517722460001109,-0.1541552755095311,-0.2809608790010448
Q/A,"All right. So, sir, in sum, then, from July 26th through September 4th, when you sold $24 million of stock, you, in fact, had choices other than selling Enron stock during this period of time leading up to the online forum; isn't that right, sir?","There were other options, Mr. Hueston.",enron_defense_2,"PROSECUTION: Mr. Petrocelli asked Mr. Skilling, ""Did you have one conversation with one person about getting your story straight? His answer was: ""No.” I’ll pose that question to you, Mr. Lay: Did you have one conversation with one person about getting your story straight for trial?
D_WITNESS: And again, could you elaborate on that, Mr. Hueston? I mean, what story are you talking about?

PROSECUTION: Are you having trouble with that question? I’m just posing the same question?
D_WITNESS: Well, I'm not sure I – I’m telling stories up here. I'm up here to answer your questions.

PROSECUTION: Have you contacted witnesses to get your story straight?
D_WITNESS: I – I – I don’t know that I contacted witnesses.

PROSECUTION: [Hueston asked Lay about his $120,000 investment in Photophete, a company doing business with Enron.]
D_WITNESS: Do you know if I told Mr. Duncan, the chairman of that committee, about the Photofete situation?

PROSECUTION: What we know and what you know, as the writer of those rules, is that telling one person-if it ever happened-does not satisfy your own rules . . .
D_WITNESS: I would think that the chairman of that committee, just like the chairman of any committee at Enron, can make a decision as to what he or she would like to do with that information or needs to do with that information.

PROSECUTION: Even though that's not what's called for by the code of conduct that you wrote, right?
D_WITNESS: I think we're now getting into form over substance, Mr. Hueston.

PROSECUTION: Well, that's what you would call your rules, then, form over substance, right?
D_WITNESS: No. The rules were very-very important. But, again, if I did notify Mr. Duncan, which I normally would have, then I would Jet him decide whether to take it up with the full committee or whether, in fact, it was even a large enough investment that he should take the time of the full committee.

PROSECUTION: Right. The rules were important, but you didn't follow them?
D_WITNESS: Rules are important, but they should not-you should not be a slave to rules, either....

PROSECUTION: One of the things your attorney said in opening was, quote, “He had real estate in Aspen. He could have sold his home up there. But that’s a long, tedious process; and he's got a wife and children to put up with."" Do you remember that statement?
D_WITNESS: I don't. I find the phrasing kind of interesting; but, no, I do not. I mean, he well may have said it.

PROSECUTION: Selling property in Aspen, in fact, was not a long, tedious process for you, was it?
D_WITNESS: Yes, it was....

PROSECUTION: Let’s focus on this [Aspen property] for a moment. That lot was listed for $10 million, right?
D_WITNESS: Yes.

PROSECUTION: And you didn’t list it until January 21st, 2002, after you sold all your Enron stock, right?
D_WITNESS: I’m not sure exactly when it was listed; but it was certainly after the bankruptcy....

PROSECUTION: All right. Now, listing date was January 21st, right, sir?
D_WITNESS: Yes.

PROSECUTION: The contract date was just two days later. You had a sales contract in hand just two days later, didn't you?
D_WITNESS: Yes, we did. Apparently there was a potential buyer known to our real estate agent up there, that wanted the property; and-and that transaction was-was negotiated and sold very quickly.

PROSECUTION: You got $10 million, the full asking price, within two days, right?
D_WITNESS: Yes.

PROSECUTION: And, in fact, it was an all-cash offer, as well, wasn’t it?
D_WITNESS: It was.

PROSECUTION: Stock first, sales of real estate later?
D_WITNESS: Yes.

PROSECUTION: . . . [L]et's remind the jury of what you said when you were describing why it is that you felt you didn't have to tell the employees about these sales during this period of time ... And let's read this. ""My personal belief is that Enron stock is an incredible bargain at current prices, and we will look back a couple of years from now and see the great opportunity that we currently have."" And that’s the latter part of the quote where it mentions that you had been buying stock in the last couple of months. And then you answer: ""Yes. And in fact, I had purchased the 4 million of shares, and I always separated the optional, discretionary decisions I was making with my money versus those ... that, in fact, were forced, as the margin calls were forcing the sale of some of the other shares."" That's what you said, right?
D_WITNESS: Yes, it is.

PROSECUTION: All right. Well, let's look at the choices that you had on July 26th.... [O]n July 25th your line of credit was getting a margin call for $483,000, correct, sir?
D_WITNESS: That appears to be, yes.

PROSECUTION: And in response to that $483,426 margin call, you sold $4 million of Enron stock back to Enron, correct?
D_WITNESS: If I did go back to Enron on the line of credit, I usually would go for the full amount.

PROSECUTION: [S]o what you're saying is, even though you had a margin call of just $483,000, you went ahead and used that margin call as a reason to draw a full $4 million down or to sell $4 million of Enron stock back to Enron, right?
D_WITNESS: I most usually would do that in order to have some additional liquidity versus whatever the margin call was.

PROSECUTION: All right. So a good $3.5 million was not required by the margin call that day, correct?
D_WITNESS: Apparently not....

PROSECUTION: So on July 26, sir, on this now familiar document, it indicates your total borrowing power on the secured lines was $9.5 million and in your unsecured lines below an additional $2.25 million. And so, in fact, you had over $11 million worth of borrowing options off your other lines of credit on that day available to you to satisfy that half-a-million-dollar or so margin call, correct?
D_WITNESS: Well, apparently.

PROSECUTION: So, your choices on July 26th, sir, to meet the margin call of $483,426 was $11 million worth of balance availability and other lines of credit, right? That's in category choice number one and the very sort of choice that Mr. Herrold provided you that we saw by e-mail in May of 2001. Do you remember that?
D_WITNESS: I'm sorry. An e-mail by Mr. Herrold when?

PROSECUTION: Remember the May, 2001, e-mail from Mr. Herrold advising you of a choice between accessing money from other lines of credit or selling back
D_WITNESS: Yes.

PROSECUTION: – Enron stock?
D_WITNESS: Yes.

PROSECUTION: So, that's choice number one, $11 million available?
D_WITNESS: Yes.

PROSECUTION: And choice number two, selling assets that were summing in excess of $13 million of non-Enron stock. That was also available as an option as well, correct?
D_WITNESS: That appears to be so.

PROSECUTION: All right. So, sir, in sum, then, from July 26th through September 4th, when you sold $24 million of stock, you, in fact, had choices other than selling Enron stock during this period of time leading up to the online forum; isn't that right, sir?
","{
    ""belief"": ""The witness's response is a neutral acknowledgment of the options available to him, without providing additional details that could be detrimental or beneficial to his case. The response is relevant and clear, but it does not provide new information that significantly impacts the case."",
    ""Commitment_value"": ""3"",
    ""quality_rate"": ""1"",
    ""consistency_value"": ""0"",
    ""relevance_rate"": ""1"",
    ""manner_rate"": ""1"",
    ""outcome_value"": ""Witness"",
    ""outcome_reason"": ""1""
}","The witness's response is a neutral acknowledgment of the options available to him, without providing additional details that could be detrimental or beneficial to his case. The response is relevant and clear, but it does not provide new information that significantly impacts the case.",3,1,0,1,1,Witness,1,0,0,0,-0.1724137931034483,0.5,0.0,8.4,11.8,0.9057783378743888,1.0517722460001109,-0.0745798904653397,-0.145993908125722
Q/A,"All right. Now, Mr. Beau Herrold assisted you in managing your finances?",He did.,enron_defense_2,"PROSECUTION: Mr. Petrocelli asked Mr. Skilling, ""Did you have one conversation with one person about getting your story straight? His answer was: ""No.” I’ll pose that question to you, Mr. Lay: Did you have one conversation with one person about getting your story straight for trial?
D_WITNESS: And again, could you elaborate on that, Mr. Hueston? I mean, what story are you talking about?

PROSECUTION: Are you having trouble with that question? I’m just posing the same question?
D_WITNESS: Well, I'm not sure I – I’m telling stories up here. I'm up here to answer your questions.

PROSECUTION: Have you contacted witnesses to get your story straight?
D_WITNESS: I – I – I don’t know that I contacted witnesses.

PROSECUTION: [Hueston asked Lay about his $120,000 investment in Photophete, a company doing business with Enron.]
D_WITNESS: Do you know if I told Mr. Duncan, the chairman of that committee, about the Photofete situation?

PROSECUTION: What we know and what you know, as the writer of those rules, is that telling one person-if it ever happened-does not satisfy your own rules . . .
D_WITNESS: I would think that the chairman of that committee, just like the chairman of any committee at Enron, can make a decision as to what he or she would like to do with that information or needs to do with that information.

PROSECUTION: Even though that's not what's called for by the code of conduct that you wrote, right?
D_WITNESS: I think we're now getting into form over substance, Mr. Hueston.

PROSECUTION: Well, that's what you would call your rules, then, form over substance, right?
D_WITNESS: No. The rules were very-very important. But, again, if I did notify Mr. Duncan, which I normally would have, then I would Jet him decide whether to take it up with the full committee or whether, in fact, it was even a large enough investment that he should take the time of the full committee.

PROSECUTION: Right. The rules were important, but you didn't follow them?
D_WITNESS: Rules are important, but they should not-you should not be a slave to rules, either....

PROSECUTION: One of the things your attorney said in opening was, quote, “He had real estate in Aspen. He could have sold his home up there. But that’s a long, tedious process; and he's got a wife and children to put up with."" Do you remember that statement?
D_WITNESS: I don't. I find the phrasing kind of interesting; but, no, I do not. I mean, he well may have said it.

PROSECUTION: Selling property in Aspen, in fact, was not a long, tedious process for you, was it?
D_WITNESS: Yes, it was....

PROSECUTION: Let’s focus on this [Aspen property] for a moment. That lot was listed for $10 million, right?
D_WITNESS: Yes.

PROSECUTION: And you didn’t list it until January 21st, 2002, after you sold all your Enron stock, right?
D_WITNESS: I’m not sure exactly when it was listed; but it was certainly after the bankruptcy....

PROSECUTION: All right. Now, listing date was January 21st, right, sir?
D_WITNESS: Yes.

PROSECUTION: The contract date was just two days later. You had a sales contract in hand just two days later, didn't you?
D_WITNESS: Yes, we did. Apparently there was a potential buyer known to our real estate agent up there, that wanted the property; and-and that transaction was-was negotiated and sold very quickly.

PROSECUTION: You got $10 million, the full asking price, within two days, right?
D_WITNESS: Yes.

PROSECUTION: And, in fact, it was an all-cash offer, as well, wasn’t it?
D_WITNESS: It was.

PROSECUTION: Stock first, sales of real estate later?
D_WITNESS: Yes.

PROSECUTION: . . . [L]et's remind the jury of what you said when you were describing why it is that you felt you didn't have to tell the employees about these sales during this period of time ... And let's read this. ""My personal belief is that Enron stock is an incredible bargain at current prices, and we will look back a couple of years from now and see the great opportunity that we currently have."" And that’s the latter part of the quote where it mentions that you had been buying stock in the last couple of months. And then you answer: ""Yes. And in fact, I had purchased the 4 million of shares, and I always separated the optional, discretionary decisions I was making with my money versus those ... that, in fact, were forced, as the margin calls were forcing the sale of some of the other shares."" That's what you said, right?
D_WITNESS: Yes, it is.

PROSECUTION: All right. Well, let's look at the choices that you had on July 26th.... [O]n July 25th your line of credit was getting a margin call for $483,000, correct, sir?
D_WITNESS: That appears to be, yes.

PROSECUTION: And in response to that $483,426 margin call, you sold $4 million of Enron stock back to Enron, correct?
D_WITNESS: If I did go back to Enron on the line of credit, I usually would go for the full amount.

PROSECUTION: [S]o what you're saying is, even though you had a margin call of just $483,000, you went ahead and used that margin call as a reason to draw a full $4 million down or to sell $4 million of Enron stock back to Enron, right?
D_WITNESS: I most usually would do that in order to have some additional liquidity versus whatever the margin call was.

PROSECUTION: All right. So a good $3.5 million was not required by the margin call that day, correct?
D_WITNESS: Apparently not....

PROSECUTION: So on July 26, sir, on this now familiar document, it indicates your total borrowing power on the secured lines was $9.5 million and in your unsecured lines below an additional $2.25 million. And so, in fact, you had over $11 million worth of borrowing options off your other lines of credit on that day available to you to satisfy that half-a-million-dollar or so margin call, correct?
D_WITNESS: Well, apparently.

PROSECUTION: So, your choices on July 26th, sir, to meet the margin call of $483,426 was $11 million worth of balance availability and other lines of credit, right? That's in category choice number one and the very sort of choice that Mr. Herrold provided you that we saw by e-mail in May of 2001. Do you remember that?
D_WITNESS: I'm sorry. An e-mail by Mr. Herrold when?

PROSECUTION: Remember the May, 2001, e-mail from Mr. Herrold advising you of a choice between accessing money from other lines of credit or selling back
D_WITNESS: Yes.

PROSECUTION: – Enron stock?
D_WITNESS: Yes.

PROSECUTION: So, that's choice number one, $11 million available?
D_WITNESS: Yes.

PROSECUTION: And choice number two, selling assets that were summing in excess of $13 million of non-Enron stock. That was also available as an option as well, correct?
D_WITNESS: That appears to be so.

PROSECUTION: All right. So, sir, in sum, then, from July 26th through September 4th, when you sold $24 million of stock, you, in fact, had choices other than selling Enron stock during this period of time leading up to the online forum; isn't that right, sir?
D_WITNESS: There were other options, Mr. Hueston.

PROSECUTION: All right. Now, Mr. Beau Herrold assisted you in managing your finances?
","{
    ""belief"": ""The witness's response is straightforward and does not provide additional information that could be detrimental or beneficial to the case. It is relevant to the question asked and does not contradict previous testimony."",
    ""Commitment_value"": ""3"",
    ""quality_rate"": ""1"",
    ""consistency_value"": ""0"",
    ""relevance_rate"": ""1"",
    ""manner_rate"": ""1"",
    ""outcome_value"": ""Witness"",
    ""outcome_reason"": ""1""
}",The witness's response is straightforward and does not provide additional information that could be detrimental or beneficial to the case. It is relevant to the question asked and does not contradict previous testimony.,3,1,0,1,1,Witness,1,0,0,0,-0.1333333333333333,0.5,0.0,8.9,11.8,1.0407453087497118,1.0517722460001109,-0.0052696988015077,-0.011026937250399
Q/A,"But you ultimately were in charge, correct? He took direction from you?","Well, certainly, I was-I could overturn any recommendation or decision that they were making. And-but they would try to run, certainly, the more important decisions by me if they could, I mean, if I was reachable. Quite often, if I was traveling, they had to go ahead and kind of do whatever they could do.",enron_defense_2,"PROSECUTION: Mr. Petrocelli asked Mr. Skilling, ""Did you have one conversation with one person about getting your story straight? His answer was: ""No.” I’ll pose that question to you, Mr. Lay: Did you have one conversation with one person about getting your story straight for trial?
D_WITNESS: And again, could you elaborate on that, Mr. Hueston? I mean, what story are you talking about?

PROSECUTION: Are you having trouble with that question? I’m just posing the same question?
D_WITNESS: Well, I'm not sure I – I’m telling stories up here. I'm up here to answer your questions.

PROSECUTION: Have you contacted witnesses to get your story straight?
D_WITNESS: I – I – I don’t know that I contacted witnesses.

PROSECUTION: [Hueston asked Lay about his $120,000 investment in Photophete, a company doing business with Enron.]
D_WITNESS: Do you know if I told Mr. Duncan, the chairman of that committee, about the Photofete situation?

PROSECUTION: What we know and what you know, as the writer of those rules, is that telling one person-if it ever happened-does not satisfy your own rules . . .
D_WITNESS: I would think that the chairman of that committee, just like the chairman of any committee at Enron, can make a decision as to what he or she would like to do with that information or needs to do with that information.

PROSECUTION: Even though that's not what's called for by the code of conduct that you wrote, right?
D_WITNESS: I think we're now getting into form over substance, Mr. Hueston.

PROSECUTION: Well, that's what you would call your rules, then, form over substance, right?
D_WITNESS: No. The rules were very-very important. But, again, if I did notify Mr. Duncan, which I normally would have, then I would Jet him decide whether to take it up with the full committee or whether, in fact, it was even a large enough investment that he should take the time of the full committee.

PROSECUTION: Right. The rules were important, but you didn't follow them?
D_WITNESS: Rules are important, but they should not-you should not be a slave to rules, either....

PROSECUTION: One of the things your attorney said in opening was, quote, “He had real estate in Aspen. He could have sold his home up there. But that’s a long, tedious process; and he's got a wife and children to put up with."" Do you remember that statement?
D_WITNESS: I don't. I find the phrasing kind of interesting; but, no, I do not. I mean, he well may have said it.

PROSECUTION: Selling property in Aspen, in fact, was not a long, tedious process for you, was it?
D_WITNESS: Yes, it was....

PROSECUTION: Let’s focus on this [Aspen property] for a moment. That lot was listed for $10 million, right?
D_WITNESS: Yes.

PROSECUTION: And you didn’t list it until January 21st, 2002, after you sold all your Enron stock, right?
D_WITNESS: I’m not sure exactly when it was listed; but it was certainly after the bankruptcy....

PROSECUTION: All right. Now, listing date was January 21st, right, sir?
D_WITNESS: Yes.

PROSECUTION: The contract date was just two days later. You had a sales contract in hand just two days later, didn't you?
D_WITNESS: Yes, we did. Apparently there was a potential buyer known to our real estate agent up there, that wanted the property; and-and that transaction was-was negotiated and sold very quickly.

PROSECUTION: You got $10 million, the full asking price, within two days, right?
D_WITNESS: Yes.

PROSECUTION: And, in fact, it was an all-cash offer, as well, wasn’t it?
D_WITNESS: It was.

PROSECUTION: Stock first, sales of real estate later?
D_WITNESS: Yes.

PROSECUTION: . . . [L]et's remind the jury of what you said when you were describing why it is that you felt you didn't have to tell the employees about these sales during this period of time ... And let's read this. ""My personal belief is that Enron stock is an incredible bargain at current prices, and we will look back a couple of years from now and see the great opportunity that we currently have."" And that’s the latter part of the quote where it mentions that you had been buying stock in the last couple of months. And then you answer: ""Yes. And in fact, I had purchased the 4 million of shares, and I always separated the optional, discretionary decisions I was making with my money versus those ... that, in fact, were forced, as the margin calls were forcing the sale of some of the other shares."" That's what you said, right?
D_WITNESS: Yes, it is.

PROSECUTION: All right. Well, let's look at the choices that you had on July 26th.... [O]n July 25th your line of credit was getting a margin call for $483,000, correct, sir?
D_WITNESS: That appears to be, yes.

PROSECUTION: And in response to that $483,426 margin call, you sold $4 million of Enron stock back to Enron, correct?
D_WITNESS: If I did go back to Enron on the line of credit, I usually would go for the full amount.

PROSECUTION: [S]o what you're saying is, even though you had a margin call of just $483,000, you went ahead and used that margin call as a reason to draw a full $4 million down or to sell $4 million of Enron stock back to Enron, right?
D_WITNESS: I most usually would do that in order to have some additional liquidity versus whatever the margin call was.

PROSECUTION: All right. So a good $3.5 million was not required by the margin call that day, correct?
D_WITNESS: Apparently not....

PROSECUTION: So on July 26, sir, on this now familiar document, it indicates your total borrowing power on the secured lines was $9.5 million and in your unsecured lines below an additional $2.25 million. And so, in fact, you had over $11 million worth of borrowing options off your other lines of credit on that day available to you to satisfy that half-a-million-dollar or so margin call, correct?
D_WITNESS: Well, apparently.

PROSECUTION: So, your choices on July 26th, sir, to meet the margin call of $483,426 was $11 million worth of balance availability and other lines of credit, right? That's in category choice number one and the very sort of choice that Mr. Herrold provided you that we saw by e-mail in May of 2001. Do you remember that?
D_WITNESS: I'm sorry. An e-mail by Mr. Herrold when?

PROSECUTION: Remember the May, 2001, e-mail from Mr. Herrold advising you of a choice between accessing money from other lines of credit or selling back
D_WITNESS: Yes.

PROSECUTION: – Enron stock?
D_WITNESS: Yes.

PROSECUTION: So, that's choice number one, $11 million available?
D_WITNESS: Yes.

PROSECUTION: And choice number two, selling assets that were summing in excess of $13 million of non-Enron stock. That was also available as an option as well, correct?
D_WITNESS: That appears to be so.

PROSECUTION: All right. So, sir, in sum, then, from July 26th through September 4th, when you sold $24 million of stock, you, in fact, had choices other than selling Enron stock during this period of time leading up to the online forum; isn't that right, sir?
D_WITNESS: There were other options, Mr. Hueston.

PROSECUTION: All right. Now, Mr. Beau Herrold assisted you in managing your finances?
D_WITNESS: He did.

PROSECUTION: But you ultimately were in charge, correct? He took direction from you?
","{
    ""belief"": ""The witness's response indicates a level of control and oversight over financial decisions, which aligns with the prosecution's line of questioning about the witness's choices and actions. The response is slightly relevant and clear, but it does not provide a strong commitment either way, and it does not significantly undermine the prosecution's questioning."",
    ""Commitment_value"": ""3"",
    ""quality_rate"": ""1"",
    ""consistency_value"": ""0"",
    ""relevance_rate"": ""2"",
    ""manner_rate"": ""2"",
    ""outcome_value"": ""Questioner"",
    ""outcome_reason"": ""1""
}","The witness's response indicates a level of control and oversight over financial decisions, which aligns with the prosecution's line of questioning about the witness's choices and actions. The response is slightly relevant and clear, but it does not provide a strong commitment either way, and it does not significantly undermine the prosecution's questioning.",3,1,0,2,2,Questioner,1,0,0,0,-0.1612903225806451,0.5,0.0,9.4,11.8,1.1757122796250346,1.0517722460001109,0.0556412546076564,0.1239400336249236
Q/A,"Right. Well, one of the more important things would be to work with you to avoid selling any more shares than you had to during this time period. That would be important to you, correct?","Yes, it would . . .",enron_defense_2,"PROSECUTION: Mr. Petrocelli asked Mr. Skilling, ""Did you have one conversation with one person about getting your story straight? His answer was: ""No.” I’ll pose that question to you, Mr. Lay: Did you have one conversation with one person about getting your story straight for trial?
D_WITNESS: And again, could you elaborate on that, Mr. Hueston? I mean, what story are you talking about?

PROSECUTION: Are you having trouble with that question? I’m just posing the same question?
D_WITNESS: Well, I'm not sure I – I’m telling stories up here. I'm up here to answer your questions.

PROSECUTION: Have you contacted witnesses to get your story straight?
D_WITNESS: I – I – I don’t know that I contacted witnesses.

PROSECUTION: [Hueston asked Lay about his $120,000 investment in Photophete, a company doing business with Enron.]
D_WITNESS: Do you know if I told Mr. Duncan, the chairman of that committee, about the Photofete situation?

PROSECUTION: What we know and what you know, as the writer of those rules, is that telling one person-if it ever happened-does not satisfy your own rules . . .
D_WITNESS: I would think that the chairman of that committee, just like the chairman of any committee at Enron, can make a decision as to what he or she would like to do with that information or needs to do with that information.

PROSECUTION: Even though that's not what's called for by the code of conduct that you wrote, right?
D_WITNESS: I think we're now getting into form over substance, Mr. Hueston.

PROSECUTION: Well, that's what you would call your rules, then, form over substance, right?
D_WITNESS: No. The rules were very-very important. But, again, if I did notify Mr. Duncan, which I normally would have, then I would Jet him decide whether to take it up with the full committee or whether, in fact, it was even a large enough investment that he should take the time of the full committee.

PROSECUTION: Right. The rules were important, but you didn't follow them?
D_WITNESS: Rules are important, but they should not-you should not be a slave to rules, either....

PROSECUTION: One of the things your attorney said in opening was, quote, “He had real estate in Aspen. He could have sold his home up there. But that’s a long, tedious process; and he's got a wife and children to put up with."" Do you remember that statement?
D_WITNESS: I don't. I find the phrasing kind of interesting; but, no, I do not. I mean, he well may have said it.

PROSECUTION: Selling property in Aspen, in fact, was not a long, tedious process for you, was it?
D_WITNESS: Yes, it was....

PROSECUTION: Let’s focus on this [Aspen property] for a moment. That lot was listed for $10 million, right?
D_WITNESS: Yes.

PROSECUTION: And you didn’t list it until January 21st, 2002, after you sold all your Enron stock, right?
D_WITNESS: I’m not sure exactly when it was listed; but it was certainly after the bankruptcy....

PROSECUTION: All right. Now, listing date was January 21st, right, sir?
D_WITNESS: Yes.

PROSECUTION: The contract date was just two days later. You had a sales contract in hand just two days later, didn't you?
D_WITNESS: Yes, we did. Apparently there was a potential buyer known to our real estate agent up there, that wanted the property; and-and that transaction was-was negotiated and sold very quickly.

PROSECUTION: You got $10 million, the full asking price, within two days, right?
D_WITNESS: Yes.

PROSECUTION: And, in fact, it was an all-cash offer, as well, wasn’t it?
D_WITNESS: It was.

PROSECUTION: Stock first, sales of real estate later?
D_WITNESS: Yes.

PROSECUTION: . . . [L]et's remind the jury of what you said when you were describing why it is that you felt you didn't have to tell the employees about these sales during this period of time ... And let's read this. ""My personal belief is that Enron stock is an incredible bargain at current prices, and we will look back a couple of years from now and see the great opportunity that we currently have."" And that’s the latter part of the quote where it mentions that you had been buying stock in the last couple of months. And then you answer: ""Yes. And in fact, I had purchased the 4 million of shares, and I always separated the optional, discretionary decisions I was making with my money versus those ... that, in fact, were forced, as the margin calls were forcing the sale of some of the other shares."" That's what you said, right?
D_WITNESS: Yes, it is.

PROSECUTION: All right. Well, let's look at the choices that you had on July 26th.... [O]n July 25th your line of credit was getting a margin call for $483,000, correct, sir?
D_WITNESS: That appears to be, yes.

PROSECUTION: And in response to that $483,426 margin call, you sold $4 million of Enron stock back to Enron, correct?
D_WITNESS: If I did go back to Enron on the line of credit, I usually would go for the full amount.

PROSECUTION: [S]o what you're saying is, even though you had a margin call of just $483,000, you went ahead and used that margin call as a reason to draw a full $4 million down or to sell $4 million of Enron stock back to Enron, right?
D_WITNESS: I most usually would do that in order to have some additional liquidity versus whatever the margin call was.

PROSECUTION: All right. So a good $3.5 million was not required by the margin call that day, correct?
D_WITNESS: Apparently not....

PROSECUTION: So on July 26, sir, on this now familiar document, it indicates your total borrowing power on the secured lines was $9.5 million and in your unsecured lines below an additional $2.25 million. And so, in fact, you had over $11 million worth of borrowing options off your other lines of credit on that day available to you to satisfy that half-a-million-dollar or so margin call, correct?
D_WITNESS: Well, apparently.

PROSECUTION: So, your choices on July 26th, sir, to meet the margin call of $483,426 was $11 million worth of balance availability and other lines of credit, right? That's in category choice number one and the very sort of choice that Mr. Herrold provided you that we saw by e-mail in May of 2001. Do you remember that?
D_WITNESS: I'm sorry. An e-mail by Mr. Herrold when?

PROSECUTION: Remember the May, 2001, e-mail from Mr. Herrold advising you of a choice between accessing money from other lines of credit or selling back
D_WITNESS: Yes.

PROSECUTION: – Enron stock?
D_WITNESS: Yes.

PROSECUTION: So, that's choice number one, $11 million available?
D_WITNESS: Yes.

PROSECUTION: And choice number two, selling assets that were summing in excess of $13 million of non-Enron stock. That was also available as an option as well, correct?
D_WITNESS: That appears to be so.

PROSECUTION: All right. So, sir, in sum, then, from July 26th through September 4th, when you sold $24 million of stock, you, in fact, had choices other than selling Enron stock during this period of time leading up to the online forum; isn't that right, sir?
D_WITNESS: There were other options, Mr. Hueston.

PROSECUTION: All right. Now, Mr. Beau Herrold assisted you in managing your finances?
D_WITNESS: He did.

PROSECUTION: But you ultimately were in charge, correct? He took direction from you?
D_WITNESS: Well, certainly, I was-I could overturn any recommendation or decision that they were making. And-but they would try to run, certainly, the more important decisions by me if they could, I mean, if I was reachable. Quite often, if I was traveling, they had to go ahead and kind of do whatever they could do.

PROSECUTION: Right. Well, one of the more important things would be to work with you to avoid selling any more shares than you had to during this time period. That would be important to you, correct?
","{
    ""belief"": ""The witness's response is straightforward and directly answers the question posed by the prosecution, indicating that avoiding unnecessary stock sales was important to him. This response does not provide any new damaging information and aligns with the witness's previous testimony about his financial management."",
    ""Commitment_value"": ""2"",
    ""quality_rate"": ""1"",
    ""consistency_value"": ""0"",
    ""relevance_rate"": ""1"",
    ""manner_rate"": ""1"",
    ""outcome_value"": ""Witness"",
    ""outcome_reason"": ""1""
}","The witness's response is straightforward and directly answers the question posed by the prosecution, indicating that avoiding unnecessary stock sales was important to him. This response does not provide any new damaging information and aligns with the witness's previous testimony about his financial management.",2,1,0,1,1,Witness,1,0,0,0,-0.125,1.0,0.0,10.4,11.8,1.4456462213756802,1.0517722460001109,0.1577124460801476,0.3938739753755693
Q/A,"I'll read it aloud. It's from Mr. Herrold to you, Mr. Lay, on May 21, 2001?","Yes. Yes, it is.",enron_defense_2,"PROSECUTION: Mr. Petrocelli asked Mr. Skilling, ""Did you have one conversation with one person about getting your story straight? His answer was: ""No.” I’ll pose that question to you, Mr. Lay: Did you have one conversation with one person about getting your story straight for trial?
D_WITNESS: And again, could you elaborate on that, Mr. Hueston? I mean, what story are you talking about?

PROSECUTION: Are you having trouble with that question? I’m just posing the same question?
D_WITNESS: Well, I'm not sure I – I’m telling stories up here. I'm up here to answer your questions.

PROSECUTION: Have you contacted witnesses to get your story straight?
D_WITNESS: I – I – I don’t know that I contacted witnesses.

PROSECUTION: [Hueston asked Lay about his $120,000 investment in Photophete, a company doing business with Enron.]
D_WITNESS: Do you know if I told Mr. Duncan, the chairman of that committee, about the Photofete situation?

PROSECUTION: What we know and what you know, as the writer of those rules, is that telling one person-if it ever happened-does not satisfy your own rules . . .
D_WITNESS: I would think that the chairman of that committee, just like the chairman of any committee at Enron, can make a decision as to what he or she would like to do with that information or needs to do with that information.

PROSECUTION: Even though that's not what's called for by the code of conduct that you wrote, right?
D_WITNESS: I think we're now getting into form over substance, Mr. Hueston.

PROSECUTION: Well, that's what you would call your rules, then, form over substance, right?
D_WITNESS: No. The rules were very-very important. But, again, if I did notify Mr. Duncan, which I normally would have, then I would Jet him decide whether to take it up with the full committee or whether, in fact, it was even a large enough investment that he should take the time of the full committee.

PROSECUTION: Right. The rules were important, but you didn't follow them?
D_WITNESS: Rules are important, but they should not-you should not be a slave to rules, either....

PROSECUTION: One of the things your attorney said in opening was, quote, “He had real estate in Aspen. He could have sold his home up there. But that’s a long, tedious process; and he's got a wife and children to put up with."" Do you remember that statement?
D_WITNESS: I don't. I find the phrasing kind of interesting; but, no, I do not. I mean, he well may have said it.

PROSECUTION: Selling property in Aspen, in fact, was not a long, tedious process for you, was it?
D_WITNESS: Yes, it was....

PROSECUTION: Let’s focus on this [Aspen property] for a moment. That lot was listed for $10 million, right?
D_WITNESS: Yes.

PROSECUTION: And you didn’t list it until January 21st, 2002, after you sold all your Enron stock, right?
D_WITNESS: I’m not sure exactly when it was listed; but it was certainly after the bankruptcy....

PROSECUTION: All right. Now, listing date was January 21st, right, sir?
D_WITNESS: Yes.

PROSECUTION: The contract date was just two days later. You had a sales contract in hand just two days later, didn't you?
D_WITNESS: Yes, we did. Apparently there was a potential buyer known to our real estate agent up there, that wanted the property; and-and that transaction was-was negotiated and sold very quickly.

PROSECUTION: You got $10 million, the full asking price, within two days, right?
D_WITNESS: Yes.

PROSECUTION: And, in fact, it was an all-cash offer, as well, wasn’t it?
D_WITNESS: It was.

PROSECUTION: Stock first, sales of real estate later?
D_WITNESS: Yes.

PROSECUTION: . . . [L]et's remind the jury of what you said when you were describing why it is that you felt you didn't have to tell the employees about these sales during this period of time ... And let's read this. ""My personal belief is that Enron stock is an incredible bargain at current prices, and we will look back a couple of years from now and see the great opportunity that we currently have."" And that’s the latter part of the quote where it mentions that you had been buying stock in the last couple of months. And then you answer: ""Yes. And in fact, I had purchased the 4 million of shares, and I always separated the optional, discretionary decisions I was making with my money versus those ... that, in fact, were forced, as the margin calls were forcing the sale of some of the other shares."" That's what you said, right?
D_WITNESS: Yes, it is.

PROSECUTION: All right. Well, let's look at the choices that you had on July 26th.... [O]n July 25th your line of credit was getting a margin call for $483,000, correct, sir?
D_WITNESS: That appears to be, yes.

PROSECUTION: And in response to that $483,426 margin call, you sold $4 million of Enron stock back to Enron, correct?
D_WITNESS: If I did go back to Enron on the line of credit, I usually would go for the full amount.

PROSECUTION: [S]o what you're saying is, even though you had a margin call of just $483,000, you went ahead and used that margin call as a reason to draw a full $4 million down or to sell $4 million of Enron stock back to Enron, right?
D_WITNESS: I most usually would do that in order to have some additional liquidity versus whatever the margin call was.

PROSECUTION: All right. So a good $3.5 million was not required by the margin call that day, correct?
D_WITNESS: Apparently not....

PROSECUTION: So on July 26, sir, on this now familiar document, it indicates your total borrowing power on the secured lines was $9.5 million and in your unsecured lines below an additional $2.25 million. And so, in fact, you had over $11 million worth of borrowing options off your other lines of credit on that day available to you to satisfy that half-a-million-dollar or so margin call, correct?
D_WITNESS: Well, apparently.

PROSECUTION: So, your choices on July 26th, sir, to meet the margin call of $483,426 was $11 million worth of balance availability and other lines of credit, right? That's in category choice number one and the very sort of choice that Mr. Herrold provided you that we saw by e-mail in May of 2001. Do you remember that?
D_WITNESS: I'm sorry. An e-mail by Mr. Herrold when?

PROSECUTION: Remember the May, 2001, e-mail from Mr. Herrold advising you of a choice between accessing money from other lines of credit or selling back
D_WITNESS: Yes.

PROSECUTION: – Enron stock?
D_WITNESS: Yes.

PROSECUTION: So, that's choice number one, $11 million available?
D_WITNESS: Yes.

PROSECUTION: And choice number two, selling assets that were summing in excess of $13 million of non-Enron stock. That was also available as an option as well, correct?
D_WITNESS: That appears to be so.

PROSECUTION: All right. So, sir, in sum, then, from July 26th through September 4th, when you sold $24 million of stock, you, in fact, had choices other than selling Enron stock during this period of time leading up to the online forum; isn't that right, sir?
D_WITNESS: There were other options, Mr. Hueston.

PROSECUTION: All right. Now, Mr. Beau Herrold assisted you in managing your finances?
D_WITNESS: He did.

PROSECUTION: But you ultimately were in charge, correct? He took direction from you?
D_WITNESS: Well, certainly, I was-I could overturn any recommendation or decision that they were making. And-but they would try to run, certainly, the more important decisions by me if they could, I mean, if I was reachable. Quite often, if I was traveling, they had to go ahead and kind of do whatever they could do.

PROSECUTION: Right. Well, one of the more important things would be to work with you to avoid selling any more shares than you had to during this time period. That would be important to you, correct?
D_WITNESS: Yes, it would . . .

PROSECUTION: It’s an e-mail from Mr. Herrold to you, dated May 21st, 2001.
nan: nan

COURT: All right. It's admitted.
nan: nan

PROSECUTION: I'll read it aloud. It's from Mr. Herrold to you, Mr. Lay, on May 21, 2001?
","{
    ""belief"": ""The witness's response is straightforward and does not provide additional information that could be detrimental or beneficial to the prosecution's case. The response is clear and relevant to the question asked."",
    ""Commitment_value"": ""3"",
    ""quality_rate"": ""1"",
    ""consistency_value"": ""0"",
    ""relevance_rate"": ""1"",
    ""manner_rate"": ""1"",
    ""outcome_value"": ""Witness"",
    ""outcome_reason"": ""1""
}",The witness's response is straightforward and does not provide additional information that could be detrimental or beneficial to the prosecution's case. The response is clear and relevant to the question asked.,3,1,0,1,1,Witness,1,0,0,0,-0.0909090909090909,0.5,0.0,10.9,11.8,1.5806131922510032,1.0517722460001109,0.2008979910640441,0.5288409462508923
Q/A,"Okay. One choice was to use $5.9 million of available monies on your Bank of America line of credit, correct?",Yes.,enron_defense_2,"PROSECUTION: Mr. Petrocelli asked Mr. Skilling, ""Did you have one conversation with one person about getting your story straight? His answer was: ""No.” I’ll pose that question to you, Mr. Lay: Did you have one conversation with one person about getting your story straight for trial?
D_WITNESS: And again, could you elaborate on that, Mr. Hueston? I mean, what story are you talking about?

PROSECUTION: Are you having trouble with that question? I’m just posing the same question?
D_WITNESS: Well, I'm not sure I – I’m telling stories up here. I'm up here to answer your questions.

PROSECUTION: Have you contacted witnesses to get your story straight?
D_WITNESS: I – I – I don’t know that I contacted witnesses.

PROSECUTION: [Hueston asked Lay about his $120,000 investment in Photophete, a company doing business with Enron.]
D_WITNESS: Do you know if I told Mr. Duncan, the chairman of that committee, about the Photofete situation?

PROSECUTION: What we know and what you know, as the writer of those rules, is that telling one person-if it ever happened-does not satisfy your own rules . . .
D_WITNESS: I would think that the chairman of that committee, just like the chairman of any committee at Enron, can make a decision as to what he or she would like to do with that information or needs to do with that information.

PROSECUTION: Even though that's not what's called for by the code of conduct that you wrote, right?
D_WITNESS: I think we're now getting into form over substance, Mr. Hueston.

PROSECUTION: Well, that's what you would call your rules, then, form over substance, right?
D_WITNESS: No. The rules were very-very important. But, again, if I did notify Mr. Duncan, which I normally would have, then I would Jet him decide whether to take it up with the full committee or whether, in fact, it was even a large enough investment that he should take the time of the full committee.

PROSECUTION: Right. The rules were important, but you didn't follow them?
D_WITNESS: Rules are important, but they should not-you should not be a slave to rules, either....

PROSECUTION: One of the things your attorney said in opening was, quote, “He had real estate in Aspen. He could have sold his home up there. But that’s a long, tedious process; and he's got a wife and children to put up with."" Do you remember that statement?
D_WITNESS: I don't. I find the phrasing kind of interesting; but, no, I do not. I mean, he well may have said it.

PROSECUTION: Selling property in Aspen, in fact, was not a long, tedious process for you, was it?
D_WITNESS: Yes, it was....

PROSECUTION: Let’s focus on this [Aspen property] for a moment. That lot was listed for $10 million, right?
D_WITNESS: Yes.

PROSECUTION: And you didn’t list it until January 21st, 2002, after you sold all your Enron stock, right?
D_WITNESS: I’m not sure exactly when it was listed; but it was certainly after the bankruptcy....

PROSECUTION: All right. Now, listing date was January 21st, right, sir?
D_WITNESS: Yes.

PROSECUTION: The contract date was just two days later. You had a sales contract in hand just two days later, didn't you?
D_WITNESS: Yes, we did. Apparently there was a potential buyer known to our real estate agent up there, that wanted the property; and-and that transaction was-was negotiated and sold very quickly.

PROSECUTION: You got $10 million, the full asking price, within two days, right?
D_WITNESS: Yes.

PROSECUTION: And, in fact, it was an all-cash offer, as well, wasn’t it?
D_WITNESS: It was.

PROSECUTION: Stock first, sales of real estate later?
D_WITNESS: Yes.

PROSECUTION: . . . [L]et's remind the jury of what you said when you were describing why it is that you felt you didn't have to tell the employees about these sales during this period of time ... And let's read this. ""My personal belief is that Enron stock is an incredible bargain at current prices, and we will look back a couple of years from now and see the great opportunity that we currently have."" And that’s the latter part of the quote where it mentions that you had been buying stock in the last couple of months. And then you answer: ""Yes. And in fact, I had purchased the 4 million of shares, and I always separated the optional, discretionary decisions I was making with my money versus those ... that, in fact, were forced, as the margin calls were forcing the sale of some of the other shares."" That's what you said, right?
D_WITNESS: Yes, it is.

PROSECUTION: All right. Well, let's look at the choices that you had on July 26th.... [O]n July 25th your line of credit was getting a margin call for $483,000, correct, sir?
D_WITNESS: That appears to be, yes.

PROSECUTION: And in response to that $483,426 margin call, you sold $4 million of Enron stock back to Enron, correct?
D_WITNESS: If I did go back to Enron on the line of credit, I usually would go for the full amount.

PROSECUTION: [S]o what you're saying is, even though you had a margin call of just $483,000, you went ahead and used that margin call as a reason to draw a full $4 million down or to sell $4 million of Enron stock back to Enron, right?
D_WITNESS: I most usually would do that in order to have some additional liquidity versus whatever the margin call was.

PROSECUTION: All right. So a good $3.5 million was not required by the margin call that day, correct?
D_WITNESS: Apparently not....

PROSECUTION: So on July 26, sir, on this now familiar document, it indicates your total borrowing power on the secured lines was $9.5 million and in your unsecured lines below an additional $2.25 million. And so, in fact, you had over $11 million worth of borrowing options off your other lines of credit on that day available to you to satisfy that half-a-million-dollar or so margin call, correct?
D_WITNESS: Well, apparently.

PROSECUTION: So, your choices on July 26th, sir, to meet the margin call of $483,426 was $11 million worth of balance availability and other lines of credit, right? That's in category choice number one and the very sort of choice that Mr. Herrold provided you that we saw by e-mail in May of 2001. Do you remember that?
D_WITNESS: I'm sorry. An e-mail by Mr. Herrold when?

PROSECUTION: Remember the May, 2001, e-mail from Mr. Herrold advising you of a choice between accessing money from other lines of credit or selling back
D_WITNESS: Yes.

PROSECUTION: – Enron stock?
D_WITNESS: Yes.

PROSECUTION: So, that's choice number one, $11 million available?
D_WITNESS: Yes.

PROSECUTION: And choice number two, selling assets that were summing in excess of $13 million of non-Enron stock. That was also available as an option as well, correct?
D_WITNESS: That appears to be so.

PROSECUTION: All right. So, sir, in sum, then, from July 26th through September 4th, when you sold $24 million of stock, you, in fact, had choices other than selling Enron stock during this period of time leading up to the online forum; isn't that right, sir?
D_WITNESS: There were other options, Mr. Hueston.

PROSECUTION: All right. Now, Mr. Beau Herrold assisted you in managing your finances?
D_WITNESS: He did.

PROSECUTION: But you ultimately were in charge, correct? He took direction from you?
D_WITNESS: Well, certainly, I was-I could overturn any recommendation or decision that they were making. And-but they would try to run, certainly, the more important decisions by me if they could, I mean, if I was reachable. Quite often, if I was traveling, they had to go ahead and kind of do whatever they could do.

PROSECUTION: Right. Well, one of the more important things would be to work with you to avoid selling any more shares than you had to during this time period. That would be important to you, correct?
D_WITNESS: Yes, it would . . .

PROSECUTION: It’s an e-mail from Mr. Herrold to you, dated May 21st, 2001.
nan: nan

COURT: All right. It's admitted.
nan: nan

PROSECUTION: I'll read it aloud. It's from Mr. Herrold to you, Mr. Lay, on May 21, 2001?
D_WITNESS: Yes. Yes, it is.

PROSECUTION: Okay. One choice was to use $5.9 million of available monies on your Bank of America line of credit, correct?
","{
    ""belief"": ""The witness's response is straightforward and does not provide additional information that could be detrimental or beneficial to the case. It is a simple confirmation of a fact presented in an email, which does not significantly impact the overall narrative."",
    ""Commitment_value"": ""3"",
    ""quality_rate"": ""1"",
    ""consistency_value"": ""0"",
    ""relevance_rate"": ""1"",
    ""manner_rate"": ""1"",
    ""outcome_value"": ""Witness"",
    ""outcome_reason"": ""1""
}","The witness's response is straightforward and does not provide additional information that could be detrimental or beneficial to the case. It is a simple confirmation of a fact presented in an email, which does not significantly impact the overall narrative.",3,1,0,1,1,Witness,1,0,0,0,-0.0588235294117647,0.5,0.0,11.4,11.8,1.715580163126326,1.0517722460001109,0.2398711183068143,0.6638079171262152
Q/A,"And the other was to use money from your Enron line of credit, right?",Yes.,enron_defense_2,"PROSECUTION: Mr. Petrocelli asked Mr. Skilling, ""Did you have one conversation with one person about getting your story straight? His answer was: ""No.” I’ll pose that question to you, Mr. Lay: Did you have one conversation with one person about getting your story straight for trial?
D_WITNESS: And again, could you elaborate on that, Mr. Hueston? I mean, what story are you talking about?

PROSECUTION: Are you having trouble with that question? I’m just posing the same question?
D_WITNESS: Well, I'm not sure I – I’m telling stories up here. I'm up here to answer your questions.

PROSECUTION: Have you contacted witnesses to get your story straight?
D_WITNESS: I – I – I don’t know that I contacted witnesses.

PROSECUTION: [Hueston asked Lay about his $120,000 investment in Photophete, a company doing business with Enron.]
D_WITNESS: Do you know if I told Mr. Duncan, the chairman of that committee, about the Photofete situation?

PROSECUTION: What we know and what you know, as the writer of those rules, is that telling one person-if it ever happened-does not satisfy your own rules . . .
D_WITNESS: I would think that the chairman of that committee, just like the chairman of any committee at Enron, can make a decision as to what he or she would like to do with that information or needs to do with that information.

PROSECUTION: Even though that's not what's called for by the code of conduct that you wrote, right?
D_WITNESS: I think we're now getting into form over substance, Mr. Hueston.

PROSECUTION: Well, that's what you would call your rules, then, form over substance, right?
D_WITNESS: No. The rules were very-very important. But, again, if I did notify Mr. Duncan, which I normally would have, then I would Jet him decide whether to take it up with the full committee or whether, in fact, it was even a large enough investment that he should take the time of the full committee.

PROSECUTION: Right. The rules were important, but you didn't follow them?
D_WITNESS: Rules are important, but they should not-you should not be a slave to rules, either....

PROSECUTION: One of the things your attorney said in opening was, quote, “He had real estate in Aspen. He could have sold his home up there. But that’s a long, tedious process; and he's got a wife and children to put up with."" Do you remember that statement?
D_WITNESS: I don't. I find the phrasing kind of interesting; but, no, I do not. I mean, he well may have said it.

PROSECUTION: Selling property in Aspen, in fact, was not a long, tedious process for you, was it?
D_WITNESS: Yes, it was....

PROSECUTION: Let’s focus on this [Aspen property] for a moment. That lot was listed for $10 million, right?
D_WITNESS: Yes.

PROSECUTION: And you didn’t list it until January 21st, 2002, after you sold all your Enron stock, right?
D_WITNESS: I’m not sure exactly when it was listed; but it was certainly after the bankruptcy....

PROSECUTION: All right. Now, listing date was January 21st, right, sir?
D_WITNESS: Yes.

PROSECUTION: The contract date was just two days later. You had a sales contract in hand just two days later, didn't you?
D_WITNESS: Yes, we did. Apparently there was a potential buyer known to our real estate agent up there, that wanted the property; and-and that transaction was-was negotiated and sold very quickly.

PROSECUTION: You got $10 million, the full asking price, within two days, right?
D_WITNESS: Yes.

PROSECUTION: And, in fact, it was an all-cash offer, as well, wasn’t it?
D_WITNESS: It was.

PROSECUTION: Stock first, sales of real estate later?
D_WITNESS: Yes.

PROSECUTION: . . . [L]et's remind the jury of what you said when you were describing why it is that you felt you didn't have to tell the employees about these sales during this period of time ... And let's read this. ""My personal belief is that Enron stock is an incredible bargain at current prices, and we will look back a couple of years from now and see the great opportunity that we currently have."" And that’s the latter part of the quote where it mentions that you had been buying stock in the last couple of months. And then you answer: ""Yes. And in fact, I had purchased the 4 million of shares, and I always separated the optional, discretionary decisions I was making with my money versus those ... that, in fact, were forced, as the margin calls were forcing the sale of some of the other shares."" That's what you said, right?
D_WITNESS: Yes, it is.

PROSECUTION: All right. Well, let's look at the choices that you had on July 26th.... [O]n July 25th your line of credit was getting a margin call for $483,000, correct, sir?
D_WITNESS: That appears to be, yes.

PROSECUTION: And in response to that $483,426 margin call, you sold $4 million of Enron stock back to Enron, correct?
D_WITNESS: If I did go back to Enron on the line of credit, I usually would go for the full amount.

PROSECUTION: [S]o what you're saying is, even though you had a margin call of just $483,000, you went ahead and used that margin call as a reason to draw a full $4 million down or to sell $4 million of Enron stock back to Enron, right?
D_WITNESS: I most usually would do that in order to have some additional liquidity versus whatever the margin call was.

PROSECUTION: All right. So a good $3.5 million was not required by the margin call that day, correct?
D_WITNESS: Apparently not....

PROSECUTION: So on July 26, sir, on this now familiar document, it indicates your total borrowing power on the secured lines was $9.5 million and in your unsecured lines below an additional $2.25 million. And so, in fact, you had over $11 million worth of borrowing options off your other lines of credit on that day available to you to satisfy that half-a-million-dollar or so margin call, correct?
D_WITNESS: Well, apparently.

PROSECUTION: So, your choices on July 26th, sir, to meet the margin call of $483,426 was $11 million worth of balance availability and other lines of credit, right? That's in category choice number one and the very sort of choice that Mr. Herrold provided you that we saw by e-mail in May of 2001. Do you remember that?
D_WITNESS: I'm sorry. An e-mail by Mr. Herrold when?

PROSECUTION: Remember the May, 2001, e-mail from Mr. Herrold advising you of a choice between accessing money from other lines of credit or selling back
D_WITNESS: Yes.

PROSECUTION: – Enron stock?
D_WITNESS: Yes.

PROSECUTION: So, that's choice number one, $11 million available?
D_WITNESS: Yes.

PROSECUTION: And choice number two, selling assets that were summing in excess of $13 million of non-Enron stock. That was also available as an option as well, correct?
D_WITNESS: That appears to be so.

PROSECUTION: All right. So, sir, in sum, then, from July 26th through September 4th, when you sold $24 million of stock, you, in fact, had choices other than selling Enron stock during this period of time leading up to the online forum; isn't that right, sir?
D_WITNESS: There were other options, Mr. Hueston.

PROSECUTION: All right. Now, Mr. Beau Herrold assisted you in managing your finances?
D_WITNESS: He did.

PROSECUTION: But you ultimately were in charge, correct? He took direction from you?
D_WITNESS: Well, certainly, I was-I could overturn any recommendation or decision that they were making. And-but they would try to run, certainly, the more important decisions by me if they could, I mean, if I was reachable. Quite often, if I was traveling, they had to go ahead and kind of do whatever they could do.

PROSECUTION: Right. Well, one of the more important things would be to work with you to avoid selling any more shares than you had to during this time period. That would be important to you, correct?
D_WITNESS: Yes, it would . . .

PROSECUTION: It’s an e-mail from Mr. Herrold to you, dated May 21st, 2001.
nan: nan

COURT: All right. It's admitted.
nan: nan

PROSECUTION: I'll read it aloud. It's from Mr. Herrold to you, Mr. Lay, on May 21, 2001?
D_WITNESS: Yes. Yes, it is.

PROSECUTION: Okay. One choice was to use $5.9 million of available monies on your Bank of America line of credit, correct?
D_WITNESS: Yes.

PROSECUTION: And the other was to use money from your Enron line of credit, right?
","{
    ""belief"": ""The witness's response is straightforward and does not provide any additional information that could be detrimental or beneficial to the case. It is a simple confirmation of the options presented in the e-mail."",
    ""Commitment_value"": ""3"",
    ""quality_rate"": ""1"",
    ""consistency_value"": ""0"",
    ""relevance_rate"": ""1"",
    ""manner_rate"": ""1"",
    ""outcome_value"": ""Witness"",
    ""outcome_reason"": ""1""
}",The witness's response is straightforward and does not provide any additional information that could be detrimental or beneficial to the case. It is a simple confirmation of the options presented in the e-mail.,3,1,0,1,1,Witness,1,0,0,0,-0.0285714285714285,0.5,0.0,11.9,11.8,1.8505471340016488,1.0517722460001109,0.2752194997922846,0.798774888001538
Q/A,"And when you're using the Enron line of credit, just so the jury is clear, you were paying it back with Enron stock, right?",Yes . . .,enron_defense_2,"PROSECUTION: Mr. Petrocelli asked Mr. Skilling, ""Did you have one conversation with one person about getting your story straight? His answer was: ""No.” I’ll pose that question to you, Mr. Lay: Did you have one conversation with one person about getting your story straight for trial?
D_WITNESS: And again, could you elaborate on that, Mr. Hueston? I mean, what story are you talking about?

PROSECUTION: Are you having trouble with that question? I’m just posing the same question?
D_WITNESS: Well, I'm not sure I – I’m telling stories up here. I'm up here to answer your questions.

PROSECUTION: Have you contacted witnesses to get your story straight?
D_WITNESS: I – I – I don’t know that I contacted witnesses.

PROSECUTION: [Hueston asked Lay about his $120,000 investment in Photophete, a company doing business with Enron.]
D_WITNESS: Do you know if I told Mr. Duncan, the chairman of that committee, about the Photofete situation?

PROSECUTION: What we know and what you know, as the writer of those rules, is that telling one person-if it ever happened-does not satisfy your own rules . . .
D_WITNESS: I would think that the chairman of that committee, just like the chairman of any committee at Enron, can make a decision as to what he or she would like to do with that information or needs to do with that information.

PROSECUTION: Even though that's not what's called for by the code of conduct that you wrote, right?
D_WITNESS: I think we're now getting into form over substance, Mr. Hueston.

PROSECUTION: Well, that's what you would call your rules, then, form over substance, right?
D_WITNESS: No. The rules were very-very important. But, again, if I did notify Mr. Duncan, which I normally would have, then I would Jet him decide whether to take it up with the full committee or whether, in fact, it was even a large enough investment that he should take the time of the full committee.

PROSECUTION: Right. The rules were important, but you didn't follow them?
D_WITNESS: Rules are important, but they should not-you should not be a slave to rules, either....

PROSECUTION: One of the things your attorney said in opening was, quote, “He had real estate in Aspen. He could have sold his home up there. But that’s a long, tedious process; and he's got a wife and children to put up with."" Do you remember that statement?
D_WITNESS: I don't. I find the phrasing kind of interesting; but, no, I do not. I mean, he well may have said it.

PROSECUTION: Selling property in Aspen, in fact, was not a long, tedious process for you, was it?
D_WITNESS: Yes, it was....

PROSECUTION: Let’s focus on this [Aspen property] for a moment. That lot was listed for $10 million, right?
D_WITNESS: Yes.

PROSECUTION: And you didn’t list it until January 21st, 2002, after you sold all your Enron stock, right?
D_WITNESS: I’m not sure exactly when it was listed; but it was certainly after the bankruptcy....

PROSECUTION: All right. Now, listing date was January 21st, right, sir?
D_WITNESS: Yes.

PROSECUTION: The contract date was just two days later. You had a sales contract in hand just two days later, didn't you?
D_WITNESS: Yes, we did. Apparently there was a potential buyer known to our real estate agent up there, that wanted the property; and-and that transaction was-was negotiated and sold very quickly.

PROSECUTION: You got $10 million, the full asking price, within two days, right?
D_WITNESS: Yes.

PROSECUTION: And, in fact, it was an all-cash offer, as well, wasn’t it?
D_WITNESS: It was.

PROSECUTION: Stock first, sales of real estate later?
D_WITNESS: Yes.

PROSECUTION: . . . [L]et's remind the jury of what you said when you were describing why it is that you felt you didn't have to tell the employees about these sales during this period of time ... And let's read this. ""My personal belief is that Enron stock is an incredible bargain at current prices, and we will look back a couple of years from now and see the great opportunity that we currently have."" And that’s the latter part of the quote where it mentions that you had been buying stock in the last couple of months. And then you answer: ""Yes. And in fact, I had purchased the 4 million of shares, and I always separated the optional, discretionary decisions I was making with my money versus those ... that, in fact, were forced, as the margin calls were forcing the sale of some of the other shares."" That's what you said, right?
D_WITNESS: Yes, it is.

PROSECUTION: All right. Well, let's look at the choices that you had on July 26th.... [O]n July 25th your line of credit was getting a margin call for $483,000, correct, sir?
D_WITNESS: That appears to be, yes.

PROSECUTION: And in response to that $483,426 margin call, you sold $4 million of Enron stock back to Enron, correct?
D_WITNESS: If I did go back to Enron on the line of credit, I usually would go for the full amount.

PROSECUTION: [S]o what you're saying is, even though you had a margin call of just $483,000, you went ahead and used that margin call as a reason to draw a full $4 million down or to sell $4 million of Enron stock back to Enron, right?
D_WITNESS: I most usually would do that in order to have some additional liquidity versus whatever the margin call was.

PROSECUTION: All right. So a good $3.5 million was not required by the margin call that day, correct?
D_WITNESS: Apparently not....

PROSECUTION: So on July 26, sir, on this now familiar document, it indicates your total borrowing power on the secured lines was $9.5 million and in your unsecured lines below an additional $2.25 million. And so, in fact, you had over $11 million worth of borrowing options off your other lines of credit on that day available to you to satisfy that half-a-million-dollar or so margin call, correct?
D_WITNESS: Well, apparently.

PROSECUTION: So, your choices on July 26th, sir, to meet the margin call of $483,426 was $11 million worth of balance availability and other lines of credit, right? That's in category choice number one and the very sort of choice that Mr. Herrold provided you that we saw by e-mail in May of 2001. Do you remember that?
D_WITNESS: I'm sorry. An e-mail by Mr. Herrold when?

PROSECUTION: Remember the May, 2001, e-mail from Mr. Herrold advising you of a choice between accessing money from other lines of credit or selling back
D_WITNESS: Yes.

PROSECUTION: – Enron stock?
D_WITNESS: Yes.

PROSECUTION: So, that's choice number one, $11 million available?
D_WITNESS: Yes.

PROSECUTION: And choice number two, selling assets that were summing in excess of $13 million of non-Enron stock. That was also available as an option as well, correct?
D_WITNESS: That appears to be so.

PROSECUTION: All right. So, sir, in sum, then, from July 26th through September 4th, when you sold $24 million of stock, you, in fact, had choices other than selling Enron stock during this period of time leading up to the online forum; isn't that right, sir?
D_WITNESS: There were other options, Mr. Hueston.

PROSECUTION: All right. Now, Mr. Beau Herrold assisted you in managing your finances?
D_WITNESS: He did.

PROSECUTION: But you ultimately were in charge, correct? He took direction from you?
D_WITNESS: Well, certainly, I was-I could overturn any recommendation or decision that they were making. And-but they would try to run, certainly, the more important decisions by me if they could, I mean, if I was reachable. Quite often, if I was traveling, they had to go ahead and kind of do whatever they could do.

PROSECUTION: Right. Well, one of the more important things would be to work with you to avoid selling any more shares than you had to during this time period. That would be important to you, correct?
D_WITNESS: Yes, it would . . .

PROSECUTION: It’s an e-mail from Mr. Herrold to you, dated May 21st, 2001.
nan: nan

COURT: All right. It's admitted.
nan: nan

PROSECUTION: I'll read it aloud. It's from Mr. Herrold to you, Mr. Lay, on May 21, 2001?
D_WITNESS: Yes. Yes, it is.

PROSECUTION: Okay. One choice was to use $5.9 million of available monies on your Bank of America line of credit, correct?
D_WITNESS: Yes.

PROSECUTION: And the other was to use money from your Enron line of credit, right?
D_WITNESS: Yes.

PROSECUTION: And when you're using the Enron line of credit, just so the jury is clear, you were paying it back with Enron stock, right?
","{
    ""belief"": ""The witness's response is straightforward and relevant to the question asked, indicating a clear understanding of the financial transactions and the use of the Enron line of credit. The response does not provide any new information that could be detrimental or beneficial to the witness, but it does confirm the prosecution's line of questioning, which could be seen as slightly detrimental as it aligns with the prosecution's narrative."",
    ""Commitment_value"": ""1"",
    ""quality_rate"": ""1"",
    ""consistency_value"": ""0"",
    ""relevance_rate"": ""1"",
    ""manner_rate"": ""1"",
    ""outcome_value"": ""Questioner"",
    ""outcome_reason"": ""1""
}","The witness's response is straightforward and relevant to the question asked, indicating a clear understanding of the financial transactions and the use of the Enron line of credit. The response does not provide any new information that could be detrimental or beneficial to the witness, but it does confirm the prosecution's line of questioning, which could be seen as slightly detrimental as it aligns with the prosecution's narrative.",1,1,0,1,1,Questioner,1,0,0,0,-0.0555555555555555,0.0,1.0,11.9,12.8,1.8505471340016488,1.303861466080031,0.1733084508796552,0.5466856679216179
