type,question,answer,speaker,speaker_from,responder,Facts,Context,source,witness_name,witness_role,all_history,raw_response,belief,Commitment_value,quality_rate,consistency_value,relevance_rate,manner_rate,outcome_value,outcome_reason,relevance_binary,manner_binary,quality_binary,NRA,bat,pat,bat_cumsum,pat_cumsum,Z_BaT,Z_PaT,ZNRBaT,net_ZNRBaT
Q/A,"AND THAT DURING THE PERIOD OF TIME WHEN YOU FIRST MET NICOLE, SHE WAS DIVORCED FROM O.J. SIMPSON?",YES.,,DEFENSE,P_WITNESS,"### Summary of Facts Discussed in the Dialogue

#### Defense Side:
1. **Relationship Status**:
   - Nicole was divorced from O.J. Simpson when she first met the witness.
   - Nicole was dating other men during this time, and O.J. was aware of it.
   - O.J. did not express any concerns or anger about Nicole dating other men.

2. **Interactions Between O.J. and Nicole**:
   - The witness was present when Nicole visited O.J. at his Rockingham house.
   - There was no physical contact observed between O.J. and Nicole; no hitting, pushing, or shoving was reported.

3. **Timeline of Relationship**:
   - The relationship between O.J. and Nicole was described as ""off and on"" around February and March 1994.
   - The witness learned that O.J. had mentioned it wasn't working out with Nicole at some point, possibly in March.

4. **Witness's Relationship with O.J.**:
   - The witness described their relationship with O.J. as a friendship but not part of his day-to-day life.
   - The witness did not know O.J.'s daily activities or whereabouts.

5. **O.J.'s Demeanor**:
   - On June 12th, O.J. appeared normal, not angry, agitated, depressed, or preoccupied.
   - The witness saw O.J. later that evening and reported he still seemed fine and had no issues bothering him.

6. **Blood Evidence**:
   - The witness did not see any blood at the front of the driveway or while walking to the limousine at 11:00 PM.
   - The witness only became aware of blood after police officers pointed it out the next morning.
   - No injuries or bleeding were observed on O.J.'s left index finger at the last sighting.

#### Prosecution Side:
- The prosecution did not present direct evidence in this dialogue but objected to the defense's line of questioning regarding speculation about the relationship dynamics and physical interactions between O.J. and Nicole.

### Conflicts and Disagreements:
1. **Nature of Relationship**:
   - The defense emphasizes that O.J. was not concerned about Nicole's dating life, while the prosecution may imply that there were underlying issues in their relationship.

2. **Physical Interactions**:
   - The defense asserts that there was no physical violence or contact between O.J. and Nicole, which could conflict with any prosecution claims of domestic violence or aggression.

3. **O.J.'s State of Mind**:
   - The defense portrays O.J. as calm and normal during the critical times, while the prosecution may argue that his demeanor could mask deeper issues or guilt.

4. **Blood Evidence**:
   - The defense claims the witness did not see any blood, which could contradict any prosecution narrative that suggests O.J. was involved in a violent incident.

Overall, the dialogue presents a defense focused on establishing O.J.'s non-violent behavior and normal demeanor, while the prosecution's objections suggest they may be trying to challenge the credibility of the witness's observations and the implications of the relationship dynamics.","Previous Context Summary:
No previous context available.

Recent Exchanges:


Current Exchange:
DEFENSE: AND THAT DURING THE PERIOD OF TIME WHEN YOU FIRST MET NICOLE, SHE WAS DIVORCED FROM O.J. SIMPSON?
P_WITNESS: YES.",simpson_prosecution_9,"Brian ""kato"" Kaelin","Brian ""Kato"" Kaelin was a witness for the prosecution in the 1995 O.J. Simpson murder trial. His testimony was key because it contradicted Simpson's version of events","DEFENSE: AND THAT DURING THE PERIOD OF TIME WHEN YOU FIRST MET NICOLE, SHE WAS DIVORCED FROM O.J. SIMPSON?
","```json
{
    ""belief"": ""The witness has provided a clear and direct answer that is consistent with the question asked. This response does not provide any new information that would significantly impact the case, but it does confirm a key detail about Nicole Brown Simpson's marital status."",
    ""Commitment_value"": ""3"",
    ""quality_rate"": ""1"",
    ""consistency_value"": ""0"",
    ""relevance_rate"": ""1"",
    ""manner_rate"": ""1"",
    ""outcome_value"": ""Witness"",
    ""outcome_reason"": ""2""
}
```","The witness has provided a clear and direct answer that is consistent with the question asked. This response does not provide any new information that would significantly impact the case, but it does confirm a key detail about Nicole Brown Simpson's marital status.",3,1,0,1,1,Witness,2,0,0,0,1.0,0.5,0.0,0.5,0.0,-1.7106855045805984,-1.4777905263137916,0.073042725117014,-0.2328949782668068
Q/A,AND SHE WAS DATING OTHER MEN?,YES.,,DEFENSE,P_WITNESS,"### Summary of Facts Discussed in the Dialogue

#### Defense Side:
1. **Relationship Status**:
   - Nicole was divorced from O.J. Simpson when she first met the witness.
   - Nicole was dating other men during this time, and O.J. was aware of it.
   - O.J. did not express any concerns or anger about Nicole dating other men.

2. **Interactions Between O.J. and Nicole**:
   - The witness was present when Nicole visited O.J. at his Rockingham house.
   - There was no physical contact observed between O.J. and Nicole; no hitting, pushing, or shoving was reported.

3. **Timeline of Relationship**:
   - The relationship between O.J. and Nicole was described as ""off and on"" around February and March 1994.
   - The witness learned that O.J. had mentioned it wasn't working out with Nicole at some point, possibly in March.

4. **Witness's Relationship with O.J.**:
   - The witness described their relationship with O.J. as a friendship but not part of his day-to-day life.
   - The witness did not know O.J.'s daily activities or whereabouts.

5. **O.J.'s Demeanor**:
   - On June 12th, O.J. appeared normal, not angry, agitated, depressed, or preoccupied.
   - The witness saw O.J. later that evening and reported he still seemed fine and had no issues bothering him.

6. **Blood Evidence**:
   - The witness did not see any blood at the front of the driveway or while walking to the limousine at 11:00 PM.
   - The witness only became aware of blood after police officers pointed it out the next morning.
   - No injuries or bleeding were observed on O.J.'s left index finger at the last sighting.

#### Prosecution Side:
- The prosecution did not present direct evidence in this dialogue but objected to the defense's line of questioning regarding speculation about the relationship dynamics and physical interactions between O.J. and Nicole.

### Conflicts and Disagreements:
1. **Nature of Relationship**:
   - The defense emphasizes that O.J. was not concerned about Nicole's dating life, while the prosecution may imply that there were underlying issues in their relationship.

2. **Physical Interactions**:
   - The defense asserts that there was no physical violence or contact between O.J. and Nicole, which could conflict with any prosecution claims of domestic violence or aggression.

3. **O.J.'s State of Mind**:
   - The defense portrays O.J. as calm and normal during the critical times, while the prosecution may argue that his demeanor could mask deeper issues or guilt.

4. **Blood Evidence**:
   - The defense claims the witness did not see any blood, which could contradict any prosecution narrative that suggests O.J. was involved in a violent incident.

Overall, the dialogue presents a defense focused on establishing O.J.'s non-violent behavior and normal demeanor, while the prosecution's objections suggest they may be trying to challenge the credibility of the witness's observations and the implications of the relationship dynamics.","Previous Context Summary:
In the court conversation, the defense is establishing a timeline regarding Nicole's marital status at the time she met the witness. The important claim from the defense is that Nicole was divorced from O.J. Simpson when she first met the witness. The witness confirms this claim. The conflict or disagreement may arise from the implications of this timeline, potentially affecting the credibility of relationships or events discussed in the case. However, the specific nature of the conflict is not detailed in this excerpt.

Recent Exchanges:
DEFENSE: AND THAT DURING THE PERIOD OF TIME WHEN YOU FIRST MET NICOLE, SHE WAS DIVORCED FROM O.J. SIMPSON?
P_WITNESS: YES.

Current Exchange:
DEFENSE: AND SHE WAS DATING OTHER MEN?
P_WITNESS: YES.",simpson_prosecution_9,"Brian ""kato"" Kaelin","Brian ""Kato"" Kaelin was a witness for the prosecution in the 1995 O.J. Simpson murder trial. His testimony was key because it contradicted Simpson's version of events","DEFENSE: AND THAT DURING THE PERIOD OF TIME WHEN YOU FIRST MET NICOLE, SHE WAS DIVORCED FROM O.J. SIMPSON?
P_WITNESS: YES.

DEFENSE: AND SHE WAS DATING OTHER MEN?
","```json
{
    ""belief"": ""The witness has provided a clear and direct answer, which is consistent with the previous testimony. The answer is relevant to the question asked and does not appear to benefit either side significantly."",
    ""Commitment_value"": ""3"",
    ""quality_rate"": ""1"",
    ""consistency_value"": ""0"",
    ""relevance_rate"": ""1"",
    ""manner_rate"": ""1"",
    ""outcome_value"": ""Witness"",
    ""outcome_reason"": ""2""
}
```","The witness has provided a clear and direct answer, which is consistent with the previous testimony. The answer is relevant to the question asked and does not appear to benefit either side significantly.",3,1,0,1,1,Witness,2,0,0,0,1.0,0.5,0.0,1.0,0.0,-1.6364513216431569,-1.4777905263137916,0.0509468445533388,-0.1586607953293652
Q/A,AND WAS HE (O.J.) AWARE THAT SHE WAS DATING OTHER MEN?,YES.,,DEFENSE,P_WITNESS,"### Summary of Facts Discussed in the Dialogue

#### Defense Side:
1. **Relationship Status**:
   - Nicole was divorced from O.J. Simpson when she first met the witness.
   - Nicole was dating other men during this time, and O.J. was aware of it.
   - O.J. did not express any concerns or anger about Nicole dating other men.

2. **Interactions Between O.J. and Nicole**:
   - The witness was present when Nicole visited O.J. at his Rockingham house.
   - There was no physical contact observed between O.J. and Nicole; no hitting, pushing, or shoving was reported.

3. **Timeline of Relationship**:
   - The relationship between O.J. and Nicole was described as ""off and on"" around February and March 1994.
   - The witness learned that O.J. had mentioned it wasn't working out with Nicole at some point, possibly in March.

4. **Witness's Relationship with O.J.**:
   - The witness described their relationship with O.J. as a friendship but not part of his day-to-day life.
   - The witness did not know O.J.'s daily activities or whereabouts.

5. **O.J.'s Demeanor**:
   - On June 12th, O.J. appeared normal, not angry, agitated, depressed, or preoccupied.
   - The witness saw O.J. later that evening and reported he still seemed fine and had no issues bothering him.

6. **Blood Evidence**:
   - The witness did not see any blood at the front of the driveway or while walking to the limousine at 11:00 PM.
   - The witness only became aware of blood after police officers pointed it out the next morning.
   - No injuries or bleeding were observed on O.J.'s left index finger at the last sighting.

#### Prosecution Side:
- The prosecution did not present direct evidence in this dialogue but objected to the defense's line of questioning regarding speculation about the relationship dynamics and physical interactions between O.J. and Nicole.

### Conflicts and Disagreements:
1. **Nature of Relationship**:
   - The defense emphasizes that O.J. was not concerned about Nicole's dating life, while the prosecution may imply that there were underlying issues in their relationship.

2. **Physical Interactions**:
   - The defense asserts that there was no physical violence or contact between O.J. and Nicole, which could conflict with any prosecution claims of domestic violence or aggression.

3. **O.J.'s State of Mind**:
   - The defense portrays O.J. as calm and normal during the critical times, while the prosecution may argue that his demeanor could mask deeper issues or guilt.

4. **Blood Evidence**:
   - The defense claims the witness did not see any blood, which could contradict any prosecution narrative that suggests O.J. was involved in a violent incident.

Overall, the dialogue presents a defense focused on establishing O.J.'s non-violent behavior and normal demeanor, while the prosecution's objections suggest they may be trying to challenge the credibility of the witness's observations and the implications of the relationship dynamics.","Previous Context Summary:
In the court conversation, the defense is establishing that Nicole was divorced from O.J. Simpson at the time she first met the witness and that she was dating other men. This claim is important for the defense as it may suggest that Nicole was independent and not under O.J.'s influence during that period.

The conflict arises from the implications of these claims, as they may challenge the prosecution's narrative regarding Nicole's relationship with O.J. Simpson and her circumstances at the time. The disagreement centers on the nature of Nicole's relationships and her autonomy, which could impact the overall understanding of her situation and the dynamics of her past with O.J. Simpson.

Recent Exchanges:
DEFENSE: AND THAT DURING THE PERIOD OF TIME WHEN YOU FIRST MET NICOLE, SHE WAS DIVORCED FROM O.J. SIMPSON?
P_WITNESS: YES.

DEFENSE: AND SHE WAS DATING OTHER MEN?
P_WITNESS: YES.

Current Exchange:
DEFENSE: AND WAS HE (O.J.) AWARE THAT SHE WAS DATING OTHER MEN?
P_WITNESS: YES.",simpson_prosecution_9,"Brian ""kato"" Kaelin","Brian ""Kato"" Kaelin was a witness for the prosecution in the 1995 O.J. Simpson murder trial. His testimony was key because it contradicted Simpson's version of events","DEFENSE: AND THAT DURING THE PERIOD OF TIME WHEN YOU FIRST MET NICOLE, SHE WAS DIVORCED FROM O.J. SIMPSON?
P_WITNESS: YES.

DEFENSE: AND SHE WAS DATING OTHER MEN?
P_WITNESS: YES.

DEFENSE: AND WAS HE (O.J.) AWARE THAT SHE WAS DATING OTHER MEN?
","```json
{
    ""belief"": ""The witness has provided a clear and direct answer that is consistent with previous testimony and relevant to the question. This response does not appear to benefit either side significantly, but it does not detract from the defense's argument either."",
    ""Commitment_value"": ""3"",
    ""quality_rate"": ""1"",
    ""consistency_value"": ""0"",
    ""relevance_rate"": ""1"",
    ""manner_rate"": ""1"",
    ""outcome_value"": ""Witness"",
    ""outcome_reason"": ""2""
}
```","The witness has provided a clear and direct answer that is consistent with previous testimony and relevant to the question. This response does not appear to benefit either side significantly, but it does not detract from the defense's argument either.",3,1,0,1,1,Witness,2,0,0,0,1.0,0.5,0.0,1.5,0.0,-1.562217138705715,-1.4777905263137916,0.0277718419474385,-0.0844266123919235
Q/A,AND DID HE EVER VOICE ANY CONCERNS ABOUT THAT?,NO.,,DEFENSE,P_WITNESS,"### Summary of Facts Discussed in the Dialogue

#### Defense Side:
1. **Relationship Status**:
   - Nicole was divorced from O.J. Simpson when she first met the witness.
   - Nicole was dating other men during this time, and O.J. was aware of it.
   - O.J. did not express any concerns or anger about Nicole dating other men.

2. **Interactions Between O.J. and Nicole**:
   - The witness was present when Nicole visited O.J. at his Rockingham house.
   - There was no physical contact observed between O.J. and Nicole; no hitting, pushing, or shoving was reported.

3. **Timeline of Relationship**:
   - The relationship between O.J. and Nicole was described as ""off and on"" around February and March 1994.
   - The witness learned that O.J. had mentioned it wasn't working out with Nicole at some point, possibly in March.

4. **Witness's Relationship with O.J.**:
   - The witness described their relationship with O.J. as a friendship but not part of his day-to-day life.
   - The witness did not know O.J.'s daily activities or whereabouts.

5. **O.J.'s Demeanor**:
   - On June 12th, O.J. appeared normal, not angry, agitated, depressed, or preoccupied.
   - The witness saw O.J. later that evening and reported he still seemed fine and had no issues bothering him.

6. **Blood Evidence**:
   - The witness did not see any blood at the front of the driveway or while walking to the limousine at 11:00 PM.
   - The witness only became aware of blood after police officers pointed it out the next morning.
   - No injuries or bleeding were observed on O.J.'s left index finger at the last sighting.

#### Prosecution Side:
- The prosecution did not present direct evidence in this dialogue but objected to the defense's line of questioning regarding speculation about the relationship dynamics and physical interactions between O.J. and Nicole.

### Conflicts and Disagreements:
1. **Nature of Relationship**:
   - The defense emphasizes that O.J. was not concerned about Nicole's dating life, while the prosecution may imply that there were underlying issues in their relationship.

2. **Physical Interactions**:
   - The defense asserts that there was no physical violence or contact between O.J. and Nicole, which could conflict with any prosecution claims of domestic violence or aggression.

3. **O.J.'s State of Mind**:
   - The defense portrays O.J. as calm and normal during the critical times, while the prosecution may argue that his demeanor could mask deeper issues or guilt.

4. **Blood Evidence**:
   - The defense claims the witness did not see any blood, which could contradict any prosecution narrative that suggests O.J. was involved in a violent incident.

Overall, the dialogue presents a defense focused on establishing O.J.'s non-violent behavior and normal demeanor, while the prosecution's objections suggest they may be trying to challenge the credibility of the witness's observations and the implications of the relationship dynamics.","Previous Context Summary:
In the court conversation, the defense is emphasizing the claim that Nicole was divorced from O.J. Simpson and was dating other men at the time they first met. The defense seeks to establish that O.J. was aware of her dating life, which could imply a lack of control or jealousy on his part.

On the other hand, the witness confirms the defense's claims, indicating that Nicole was indeed divorced and dating other men, and that O.J. was aware of this situation. 

The conflict arises from the implications of these claims, as the defense appears to be building a narrative that could mitigate O.J.'s actions or feelings regarding Nicole's relationships, while the prosecution may argue that O.J.'s awareness does not absolve him of responsibility or indicate a healthy relationship dynamic.

Recent Exchanges:
DEFENSE: AND THAT DURING THE PERIOD OF TIME WHEN YOU FIRST MET NICOLE, SHE WAS DIVORCED FROM O.J. SIMPSON?
P_WITNESS: YES.

DEFENSE: AND SHE WAS DATING OTHER MEN?
P_WITNESS: YES.

DEFENSE: AND WAS HE (O.J.) AWARE THAT SHE WAS DATING OTHER MEN?
P_WITNESS: YES.

Current Exchange:
DEFENSE: AND DID HE EVER VOICE ANY CONCERNS ABOUT THAT?
P_WITNESS: NO.",simpson_prosecution_9,"Brian ""kato"" Kaelin","Brian ""Kato"" Kaelin was a witness for the prosecution in the 1995 O.J. Simpson murder trial. His testimony was key because it contradicted Simpson's version of events","DEFENSE: AND THAT DURING THE PERIOD OF TIME WHEN YOU FIRST MET NICOLE, SHE WAS DIVORCED FROM O.J. SIMPSON?
P_WITNESS: YES.

DEFENSE: AND SHE WAS DATING OTHER MEN?
P_WITNESS: YES.

DEFENSE: AND WAS HE (O.J.) AWARE THAT SHE WAS DATING OTHER MEN?
P_WITNESS: YES.

DEFENSE: AND DID HE EVER VOICE ANY CONCERNS ABOUT THAT?
","```json
{
    ""belief"": ""The witness's response is consistent with previous testimony and does not provide new information that would benefit either side. The defense's question was seeking to highlight a potential concern from O.J. Simpson, but the witness's response of 'no' does not support the defense's narrative."",
    ""Commitment_value"": ""3"",
    ""quality_rate"": ""1"",
    ""consistency_value"": ""1"",
    ""relevance_rate"": ""1"",
    ""manner_rate"": ""1"",
    ""outcome_value"": ""Witness"",
    ""outcome_reason"": ""2""
}
```","The witness's response is consistent with previous testimony and does not provide new information that would benefit either side. The defense's question was seeking to highlight a potential concern from O.J. Simpson, but the witness's response of 'no' does not support the defense's narrative.",3,1,1,1,1,Witness,2,0,0,0,1.0,0.5,0.4,2.0,0.4,-1.4879829557682736,-1.4375115598182613,0.0172522613462815,-0.0504713959500122
Q/A,DID HE EVER SHOW ANY ANGER OR UPSET -- BEING UPSET AT THE FACT THAT SHE WAS DATING OTHER MEN?,NO.,,DEFENSE,P_WITNESS,"### Summary of Facts Discussed in the Dialogue

#### Defense Side:
1. **Relationship Status**:
   - Nicole was divorced from O.J. Simpson when she first met the witness.
   - Nicole was dating other men during this time, and O.J. was aware of it.
   - O.J. did not express any concerns or anger about Nicole dating other men.

2. **Interactions Between O.J. and Nicole**:
   - The witness was present when Nicole visited O.J. at his Rockingham house.
   - There was no physical contact observed between O.J. and Nicole; no hitting, pushing, or shoving was reported.

3. **Timeline of Relationship**:
   - The relationship between O.J. and Nicole was described as ""off and on"" around February and March 1994.
   - The witness learned that O.J. had mentioned it wasn't working out with Nicole at some point, possibly in March.

4. **Witness's Relationship with O.J.**:
   - The witness described their relationship with O.J. as a friendship but not part of his day-to-day life.
   - The witness did not know O.J.'s daily activities or whereabouts.

5. **O.J.'s Demeanor**:
   - On June 12th, O.J. appeared normal, not angry, agitated, depressed, or preoccupied.
   - The witness saw O.J. later that evening and reported he still seemed fine and had no issues bothering him.

6. **Blood Evidence**:
   - The witness did not see any blood at the front of the driveway or while walking to the limousine at 11:00 PM.
   - The witness only became aware of blood after police officers pointed it out the next morning.
   - No injuries or bleeding were observed on O.J.'s left index finger at the last sighting.

#### Prosecution Side:
- The prosecution did not present direct evidence in this dialogue but objected to the defense's line of questioning regarding speculation about the relationship dynamics and physical interactions between O.J. and Nicole.

### Conflicts and Disagreements:
1. **Nature of Relationship**:
   - The defense emphasizes that O.J. was not concerned about Nicole's dating life, while the prosecution may imply that there were underlying issues in their relationship.

2. **Physical Interactions**:
   - The defense asserts that there was no physical violence or contact between O.J. and Nicole, which could conflict with any prosecution claims of domestic violence or aggression.

3. **O.J.'s State of Mind**:
   - The defense portrays O.J. as calm and normal during the critical times, while the prosecution may argue that his demeanor could mask deeper issues or guilt.

4. **Blood Evidence**:
   - The defense claims the witness did not see any blood, which could contradict any prosecution narrative that suggests O.J. was involved in a violent incident.

Overall, the dialogue presents a defense focused on establishing O.J.'s non-violent behavior and normal demeanor, while the prosecution's objections suggest they may be trying to challenge the credibility of the witness's observations and the implications of the relationship dynamics.","Previous Context Summary:
1. **Important Claims:**
   - **Defense Claim:** The defense is asserting that Nicole was divorced from O.J. Simpson and was dating other men at the time they first met, implying that O.J. had no claim or concern over her relationships.
   - **Witness Claim:** The witness confirms that Nicole was indeed divorced and dating other men, and that O.J. was aware of this without expressing any concerns.

2. **Conflicts and Disagreement:**
   - The defense is trying to establish that O.J. had no possessive or controlling behavior regarding Nicole's dating life, which could undermine any claims of jealousy or motive related to their past relationship. The witness's responses support this narrative, indicating a lack of concern from O.J. about Nicole's dating, which may conflict with any claims made by the prosecution regarding O.J.'s behavior or mindset during their relationship.

Recent Exchanges:
DEFENSE: AND THAT DURING THE PERIOD OF TIME WHEN YOU FIRST MET NICOLE, SHE WAS DIVORCED FROM O.J. SIMPSON?
P_WITNESS: YES.

DEFENSE: AND SHE WAS DATING OTHER MEN?
P_WITNESS: YES.

DEFENSE: AND WAS HE (O.J.) AWARE THAT SHE WAS DATING OTHER MEN?
P_WITNESS: YES.

DEFENSE: AND DID HE EVER VOICE ANY CONCERNS ABOUT THAT?
P_WITNESS: NO.

Current Exchange:
DEFENSE: DID HE EVER SHOW ANY ANGER OR UPSET -- BEING UPSET AT THE FACT THAT SHE WAS DATING OTHER MEN?
P_WITNESS: NO.",simpson_prosecution_9,"Brian ""kato"" Kaelin","Brian ""Kato"" Kaelin was a witness for the prosecution in the 1995 O.J. Simpson murder trial. His testimony was key because it contradicted Simpson's version of events","DEFENSE: AND THAT DURING THE PERIOD OF TIME WHEN YOU FIRST MET NICOLE, SHE WAS DIVORCED FROM O.J. SIMPSON?
P_WITNESS: YES.

DEFENSE: AND SHE WAS DATING OTHER MEN?
P_WITNESS: YES.

DEFENSE: AND WAS HE (O.J.) AWARE THAT SHE WAS DATING OTHER MEN?
P_WITNESS: YES.

DEFENSE: AND DID HE EVER VOICE ANY CONCERNS ABOUT THAT?
P_WITNESS: NO.

DEFENSE: DID HE EVER SHOW ANY ANGER OR UPSET -- BEING UPSET AT THE FACT THAT SHE WAS DATING OTHER MEN?
","{
    ""belief"": ""The witness maintains consistency and clarity in their response, which does not provide the defense with any new information to challenge O.J. Simpson's behavior or awareness. The witness's response is neutral and does not significantly impact the case."",
    ""Commitment_value"": ""3"",
    ""quality_rate"": ""1"",
    ""consistency_value"": ""1"",
    ""relevance_rate"": ""2"",
    ""manner_rate"": ""1"",
    ""outcome_value"": ""Witness"",
    ""outcome_reason"": ""2""
}","The witness maintains consistency and clarity in their response, which does not provide the defense with any new information to challenge O.J. Simpson's behavior or awareness. The witness's response is neutral and does not significantly impact the case.",3,1,1,2,1,Witness,2,0,0,0,1.0,0.5,0.5,2.5,0.9,-1.413748772830832,-1.3871628516988483,0.0094918814642885,-0.0265859211319836
Q/A,DID YOU EVER DISCUSS WITH O.J. WHAT YOUR RELATIONSHIP WAS WITH NICOLE?,NO.,,DEFENSE,P_WITNESS,"### Summary of Facts Discussed in the Dialogue

#### Defense Side:
1. **Relationship Status**:
   - Nicole was divorced from O.J. Simpson when she first met the witness.
   - Nicole was dating other men during this time, and O.J. was aware of it.
   - O.J. did not express any concerns or anger about Nicole dating other men.

2. **Interactions Between O.J. and Nicole**:
   - The witness was present when Nicole visited O.J. at his Rockingham house.
   - There was no physical contact observed between O.J. and Nicole; no hitting, pushing, or shoving was reported.

3. **Timeline of Relationship**:
   - The relationship between O.J. and Nicole was described as ""off and on"" around February and March 1994.
   - The witness learned that O.J. had mentioned it wasn't working out with Nicole at some point, possibly in March.

4. **Witness's Relationship with O.J.**:
   - The witness described their relationship with O.J. as a friendship but not part of his day-to-day life.
   - The witness did not know O.J.'s daily activities or whereabouts.

5. **O.J.'s Demeanor**:
   - On June 12th, O.J. appeared normal, not angry, agitated, depressed, or preoccupied.
   - The witness saw O.J. later that evening and reported he still seemed fine and had no issues bothering him.

6. **Blood Evidence**:
   - The witness did not see any blood at the front of the driveway or while walking to the limousine at 11:00 PM.
   - The witness only became aware of blood after police officers pointed it out the next morning.
   - No injuries or bleeding were observed on O.J.'s left index finger at the last sighting.

#### Prosecution Side:
- The prosecution did not present direct evidence in this dialogue but objected to the defense's line of questioning regarding speculation about the relationship dynamics and physical interactions between O.J. and Nicole.

### Conflicts and Disagreements:
1. **Nature of Relationship**:
   - The defense emphasizes that O.J. was not concerned about Nicole's dating life, while the prosecution may imply that there were underlying issues in their relationship.

2. **Physical Interactions**:
   - The defense asserts that there was no physical violence or contact between O.J. and Nicole, which could conflict with any prosecution claims of domestic violence or aggression.

3. **O.J.'s State of Mind**:
   - The defense portrays O.J. as calm and normal during the critical times, while the prosecution may argue that his demeanor could mask deeper issues or guilt.

4. **Blood Evidence**:
   - The defense claims the witness did not see any blood, which could contradict any prosecution narrative that suggests O.J. was involved in a violent incident.

Overall, the dialogue presents a defense focused on establishing O.J.'s non-violent behavior and normal demeanor, while the prosecution's objections suggest they may be trying to challenge the credibility of the witness's observations and the implications of the relationship dynamics.","Previous Context Summary:
In the court conversation, the defense is making the claim that O.J. Simpson was aware of Nicole's dating life after their divorce and did not express any concerns or anger about it. The defense is trying to establish that O.J. was not possessive or upset about Nicole's relationships with other men.

On the other hand, the witness confirms the defense's claims, indicating that Nicole was indeed divorced from O.J. and dating other men, and that O.J. did not voice any objections or show any negative emotions regarding this situation.

The conflict and disagreement in this context may arise from the implications of O.J.'s lack of concern. The defense seems to be suggesting that this indicates a level of detachment or acceptance from O.J., while the prosecution may argue that this does not reflect the entirety of their relationship dynamics or O.J.'s feelings.

Recent Exchanges:
DEFENSE: AND THAT DURING THE PERIOD OF TIME WHEN YOU FIRST MET NICOLE, SHE WAS DIVORCED FROM O.J. SIMPSON?
P_WITNESS: YES.

DEFENSE: AND SHE WAS DATING OTHER MEN?
P_WITNESS: YES.

DEFENSE: AND WAS HE (O.J.) AWARE THAT SHE WAS DATING OTHER MEN?
P_WITNESS: YES.

DEFENSE: AND DID HE EVER VOICE ANY CONCERNS ABOUT THAT?
P_WITNESS: NO.

DEFENSE: DID HE EVER SHOW ANY ANGER OR UPSET -- BEING UPSET AT THE FACT THAT SHE WAS DATING OTHER MEN?
P_WITNESS: NO.

Current Exchange:
DEFENSE: DID YOU EVER DISCUSS WITH O.J. WHAT YOUR RELATIONSHIP WAS WITH NICOLE?
P_WITNESS: NO.",simpson_prosecution_9,"Brian ""kato"" Kaelin","Brian ""Kato"" Kaelin was a witness for the prosecution in the 1995 O.J. Simpson murder trial. His testimony was key because it contradicted Simpson's version of events","DEFENSE: AND THAT DURING THE PERIOD OF TIME WHEN YOU FIRST MET NICOLE, SHE WAS DIVORCED FROM O.J. SIMPSON?
P_WITNESS: YES.

DEFENSE: AND SHE WAS DATING OTHER MEN?
P_WITNESS: YES.

DEFENSE: AND WAS HE (O.J.) AWARE THAT SHE WAS DATING OTHER MEN?
P_WITNESS: YES.

DEFENSE: AND DID HE EVER VOICE ANY CONCERNS ABOUT THAT?
P_WITNESS: NO.

DEFENSE: DID HE EVER SHOW ANY ANGER OR UPSET -- BEING UPSET AT THE FACT THAT SHE WAS DATING OTHER MEN?
P_WITNESS: NO.

DEFENSE: DID YOU EVER DISCUSS WITH O.J. WHAT YOUR RELATIONSHIP WAS WITH NICOLE?
","```json
{
    ""belief"": ""The witness's response is consistent with previous testimony and does not provide any new information that would benefit the defense. The witness appears to be maintaining neutrality and not making any commitments that could be detrimental to either side."",
    ""Commitment_value"": ""3"",
    ""quality_rate"": ""1"",
    ""consistency_value"": ""1"",
    ""relevance_rate"": ""2"",
    ""manner_rate"": ""2"",
    ""outcome_value"": ""Witness"",
    ""outcome_reason"": ""2""
}
```",The witness's response is consistent with previous testimony and does not provide any new information that would benefit the defense. The witness appears to be maintaining neutrality and not making any commitments that could be detrimental to either side.,3,1,1,2,2,Witness,2,0,0,0,1.0,0.5,0.6000000000000001,3.0,1.5,-1.3395145898933905,-1.3267444019555528,0.0047895526941972,-0.0127701879378376
Q/A,WAS IT EVER A CONCERN OF HIS?,NO.,,DEFENSE,P_WITNESS,"### Summary of Facts Discussed in the Dialogue

#### Defense Side:
1. **Relationship Status**:
   - Nicole was divorced from O.J. Simpson when she first met the witness.
   - Nicole was dating other men during this time, and O.J. was aware of it.
   - O.J. did not express any concerns or anger about Nicole dating other men.

2. **Interactions Between O.J. and Nicole**:
   - The witness was present when Nicole visited O.J. at his Rockingham house.
   - There was no physical contact observed between O.J. and Nicole; no hitting, pushing, or shoving was reported.

3. **Timeline of Relationship**:
   - The relationship between O.J. and Nicole was described as ""off and on"" around February and March 1994.
   - The witness learned that O.J. had mentioned it wasn't working out with Nicole at some point, possibly in March.

4. **Witness's Relationship with O.J.**:
   - The witness described their relationship with O.J. as a friendship but not part of his day-to-day life.
   - The witness did not know O.J.'s daily activities or whereabouts.

5. **O.J.'s Demeanor**:
   - On June 12th, O.J. appeared normal, not angry, agitated, depressed, or preoccupied.
   - The witness saw O.J. later that evening and reported he still seemed fine and had no issues bothering him.

6. **Blood Evidence**:
   - The witness did not see any blood at the front of the driveway or while walking to the limousine at 11:00 PM.
   - The witness only became aware of blood after police officers pointed it out the next morning.
   - No injuries or bleeding were observed on O.J.'s left index finger at the last sighting.

#### Prosecution Side:
- The prosecution did not present direct evidence in this dialogue but objected to the defense's line of questioning regarding speculation about the relationship dynamics and physical interactions between O.J. and Nicole.

### Conflicts and Disagreements:
1. **Nature of Relationship**:
   - The defense emphasizes that O.J. was not concerned about Nicole's dating life, while the prosecution may imply that there were underlying issues in their relationship.

2. **Physical Interactions**:
   - The defense asserts that there was no physical violence or contact between O.J. and Nicole, which could conflict with any prosecution claims of domestic violence or aggression.

3. **O.J.'s State of Mind**:
   - The defense portrays O.J. as calm and normal during the critical times, while the prosecution may argue that his demeanor could mask deeper issues or guilt.

4. **Blood Evidence**:
   - The defense claims the witness did not see any blood, which could contradict any prosecution narrative that suggests O.J. was involved in a violent incident.

Overall, the dialogue presents a defense focused on establishing O.J.'s non-violent behavior and normal demeanor, while the prosecution's objections suggest they may be trying to challenge the credibility of the witness's observations and the implications of the relationship dynamics.","Previous Context Summary:
In the court conversation, the defense is attempting to establish that O.J. Simpson was aware of Nicole's dating life after their divorce and did not express any concerns or anger about it. The key claims from the defense include:

1. **Defense Claim**: O.J. Simpson was aware that Nicole was dating other men and did not show any signs of jealousy or concern regarding her relationships.

On the other side, the witness (P_WITNESS) confirms the defense's claims, indicating that Nicole was indeed divorced and dating other men, and that O.J. did not voice any issues about it. 

The conflict and disagreement in this context seem minimal, as the witness's responses align with the defense's assertions. There is no indication of a counterclaim or opposing viewpoint presented by the prosecution in this excerpt. The primary focus is on establishing O.J.'s lack of concern over Nicole's dating life post-divorce.

Recent Exchanges:
DEFENSE: AND THAT DURING THE PERIOD OF TIME WHEN YOU FIRST MET NICOLE, SHE WAS DIVORCED FROM O.J. SIMPSON?
P_WITNESS: YES.

DEFENSE: AND SHE WAS DATING OTHER MEN?
P_WITNESS: YES.

DEFENSE: AND WAS HE (O.J.) AWARE THAT SHE WAS DATING OTHER MEN?
P_WITNESS: YES.

DEFENSE: AND DID HE EVER VOICE ANY CONCERNS ABOUT THAT?
P_WITNESS: NO.

DEFENSE: DID HE EVER SHOW ANY ANGER OR UPSET -- BEING UPSET AT THE FACT THAT SHE WAS DATING OTHER MEN?
P_WITNESS: NO.

DEFENSE: DID YOU EVER DISCUSS WITH O.J. WHAT YOUR RELATIONSHIP WAS WITH NICOLE?
P_WITNESS: NO.

Current Exchange:
DEFENSE: WAS IT EVER A CONCERN OF HIS?
P_WITNESS: NO.",simpson_prosecution_9,"Brian ""kato"" Kaelin","Brian ""Kato"" Kaelin was a witness for the prosecution in the 1995 O.J. Simpson murder trial. His testimony was key because it contradicted Simpson's version of events","DEFENSE: AND THAT DURING THE PERIOD OF TIME WHEN YOU FIRST MET NICOLE, SHE WAS DIVORCED FROM O.J. SIMPSON?
P_WITNESS: YES.

DEFENSE: AND SHE WAS DATING OTHER MEN?
P_WITNESS: YES.

DEFENSE: AND WAS HE (O.J.) AWARE THAT SHE WAS DATING OTHER MEN?
P_WITNESS: YES.

DEFENSE: AND DID HE EVER VOICE ANY CONCERNS ABOUT THAT?
P_WITNESS: NO.

DEFENSE: DID HE EVER SHOW ANY ANGER OR UPSET -- BEING UPSET AT THE FACT THAT SHE WAS DATING OTHER MEN?
P_WITNESS: NO.

DEFENSE: DID YOU EVER DISCUSS WITH O.J. WHAT YOUR RELATIONSHIP WAS WITH NICOLE?
P_WITNESS: NO.

DEFENSE: WAS IT EVER A CONCERN OF HIS?
","{
    ""belief"": ""The witness maintains consistency and clarity in their response, which does not provide any new information that would benefit either side. The response is neutral and does not significantly impact the case."",
    ""Commitment_value"": ""3"",
    ""quality_rate"": ""1"",
    ""consistency_value"": ""1"",
    ""relevance_rate"": ""2"",
    ""manner_rate"": ""1"",
    ""outcome_value"": ""Witness"",
    ""outcome_reason"": ""2""
}","The witness maintains consistency and clarity in their response, which does not provide any new information that would benefit either side. The response is neutral and does not significantly impact the case.",3,1,1,2,1,Witness,2,0,0,0,1.0,0.5,0.7000000000000001,3.5,2.2,-1.265280406955949,-1.2562562105883748,0.0035788480344824,-0.0090241963675741
Q/A,WERE YOU EVER PRESENT WHEN NICOLE WOULD COME OVER AND VISIT O.J. AT HIS ROCKINGHAM HOUSE?,WHEN I WAS THERE?,,DEFENSE,P_WITNESS,"### Summary of Facts Discussed in the Dialogue

#### Defense Side:
1. **Relationship Status**:
   - Nicole was divorced from O.J. Simpson when she first met the witness.
   - Nicole was dating other men during this time, and O.J. was aware of it.
   - O.J. did not express any concerns or anger about Nicole dating other men.

2. **Interactions Between O.J. and Nicole**:
   - The witness was present when Nicole visited O.J. at his Rockingham house.
   - There was no physical contact observed between O.J. and Nicole; no hitting, pushing, or shoving was reported.

3. **Timeline of Relationship**:
   - The relationship between O.J. and Nicole was described as ""off and on"" around February and March 1994.
   - The witness learned that O.J. had mentioned it wasn't working out with Nicole at some point, possibly in March.

4. **Witness's Relationship with O.J.**:
   - The witness described their relationship with O.J. as a friendship but not part of his day-to-day life.
   - The witness did not know O.J.'s daily activities or whereabouts.

5. **O.J.'s Demeanor**:
   - On June 12th, O.J. appeared normal, not angry, agitated, depressed, or preoccupied.
   - The witness saw O.J. later that evening and reported he still seemed fine and had no issues bothering him.

6. **Blood Evidence**:
   - The witness did not see any blood at the front of the driveway or while walking to the limousine at 11:00 PM.
   - The witness only became aware of blood after police officers pointed it out the next morning.
   - No injuries or bleeding were observed on O.J.'s left index finger at the last sighting.

#### Prosecution Side:
- The prosecution did not present direct evidence in this dialogue but objected to the defense's line of questioning regarding speculation about the relationship dynamics and physical interactions between O.J. and Nicole.

### Conflicts and Disagreements:
1. **Nature of Relationship**:
   - The defense emphasizes that O.J. was not concerned about Nicole's dating life, while the prosecution may imply that there were underlying issues in their relationship.

2. **Physical Interactions**:
   - The defense asserts that there was no physical violence or contact between O.J. and Nicole, which could conflict with any prosecution claims of domestic violence or aggression.

3. **O.J.'s State of Mind**:
   - The defense portrays O.J. as calm and normal during the critical times, while the prosecution may argue that his demeanor could mask deeper issues or guilt.

4. **Blood Evidence**:
   - The defense claims the witness did not see any blood, which could contradict any prosecution narrative that suggests O.J. was involved in a violent incident.

Overall, the dialogue presents a defense focused on establishing O.J.'s non-violent behavior and normal demeanor, while the prosecution's objections suggest they may be trying to challenge the credibility of the witness's observations and the implications of the relationship dynamics.","Previous Context Summary:
In the court conversation, the defense is attempting to establish that O.J. Simpson was not concerned about his ex-wife Nicole's dating life after their divorce. The key claims from the defense include:

1. **Defense Claim**: O.J. Simpson was aware that Nicole was dating other men and did not express any concerns or anger about it.
2. **Witness Claim**: The witness confirms that Nicole was divorced from O.J. and dating other men, and that O.J. did not voice any concerns regarding this.

The conflict arises from the implications of O.J.'s lack of concern. The defense is suggesting that O.J. was not possessive or jealous, which could counter claims of potential motive or emotional instability. The disagreement lies in the interpretation of O.J.'s behavior and its relevance to the case, as the prosecution may argue that his indifference does not negate other potential issues in their relationship.

Recent Exchanges:
DEFENSE: AND THAT DURING THE PERIOD OF TIME WHEN YOU FIRST MET NICOLE, SHE WAS DIVORCED FROM O.J. SIMPSON?
P_WITNESS: YES.

DEFENSE: AND SHE WAS DATING OTHER MEN?
P_WITNESS: YES.

DEFENSE: AND WAS HE (O.J.) AWARE THAT SHE WAS DATING OTHER MEN?
P_WITNESS: YES.

DEFENSE: AND DID HE EVER VOICE ANY CONCERNS ABOUT THAT?
P_WITNESS: NO.

DEFENSE: DID HE EVER SHOW ANY ANGER OR UPSET -- BEING UPSET AT THE FACT THAT SHE WAS DATING OTHER MEN?
P_WITNESS: NO.

DEFENSE: DID YOU EVER DISCUSS WITH O.J. WHAT YOUR RELATIONSHIP WAS WITH NICOLE?
P_WITNESS: NO.

DEFENSE: WAS IT EVER A CONCERN OF HIS?
P_WITNESS: NO.

Current Exchange:
DEFENSE: WERE YOU EVER PRESENT WHEN NICOLE WOULD COME OVER AND VISIT O.J. AT HIS ROCKINGHAM HOUSE?
P_WITNESS: WHEN I WAS THERE?",simpson_prosecution_9,"Brian ""kato"" Kaelin","Brian ""Kato"" Kaelin was a witness for the prosecution in the 1995 O.J. Simpson murder trial. His testimony was key because it contradicted Simpson's version of events","DEFENSE: AND THAT DURING THE PERIOD OF TIME WHEN YOU FIRST MET NICOLE, SHE WAS DIVORCED FROM O.J. SIMPSON?
P_WITNESS: YES.

DEFENSE: AND SHE WAS DATING OTHER MEN?
P_WITNESS: YES.

DEFENSE: AND WAS HE (O.J.) AWARE THAT SHE WAS DATING OTHER MEN?
P_WITNESS: YES.

DEFENSE: AND DID HE EVER VOICE ANY CONCERNS ABOUT THAT?
P_WITNESS: NO.

DEFENSE: DID HE EVER SHOW ANY ANGER OR UPSET -- BEING UPSET AT THE FACT THAT SHE WAS DATING OTHER MEN?
P_WITNESS: NO.

DEFENSE: DID YOU EVER DISCUSS WITH O.J. WHAT YOUR RELATIONSHIP WAS WITH NICOLE?
P_WITNESS: NO.

DEFENSE: WAS IT EVER A CONCERN OF HIS?
P_WITNESS: NO.

DEFENSE: WERE YOU EVER PRESENT WHEN NICOLE WOULD COME OVER AND VISIT O.J. AT HIS ROCKINGHAM HOUSE?
","{
    ""belief"": ""The witness's response is neutral and does not provide any new information that would benefit either side. The response is vague and does not clarify whether the witness was present when Nicole visited O.J. at his house."",
    ""Commitment_value"": 3,
    ""quality_rate"": 0,
    ""consistency_value"": 0,
    ""relevance_rate"": 2,
    ""manner_rate"": 3,
    ""outcome_value"": ""Witness"",
    ""outcome_reason"": 3
}",The witness's response is neutral and does not provide any new information that would benefit either side. The response is vague and does not clarify whether the witness was present when Nicole visited O.J. at his house.,3,0,0,2,3,Witness,3,0,1,0,1.0,0.5,0.2,4.0,2.4,-1.1910462240185071,-1.2361167273406095,-0.0185692119669445,0.0450705033221021
Q/A,YES.,YES.,,DEFENSE,P_WITNESS,"### Summary of Facts Discussed in the Dialogue

#### Defense Side:
1. **Relationship Status**:
   - Nicole was divorced from O.J. Simpson when she first met the witness.
   - Nicole was dating other men during this time, and O.J. was aware of it.
   - O.J. did not express any concerns or anger about Nicole dating other men.

2. **Interactions Between O.J. and Nicole**:
   - The witness was present when Nicole visited O.J. at his Rockingham house.
   - There was no physical contact observed between O.J. and Nicole; no hitting, pushing, or shoving was reported.

3. **Timeline of Relationship**:
   - The relationship between O.J. and Nicole was described as ""off and on"" around February and March 1994.
   - The witness learned that O.J. had mentioned it wasn't working out with Nicole at some point, possibly in March.

4. **Witness's Relationship with O.J.**:
   - The witness described their relationship with O.J. as a friendship but not part of his day-to-day life.
   - The witness did not know O.J.'s daily activities or whereabouts.

5. **O.J.'s Demeanor**:
   - On June 12th, O.J. appeared normal, not angry, agitated, depressed, or preoccupied.
   - The witness saw O.J. later that evening and reported he still seemed fine and had no issues bothering him.

6. **Blood Evidence**:
   - The witness did not see any blood at the front of the driveway or while walking to the limousine at 11:00 PM.
   - The witness only became aware of blood after police officers pointed it out the next morning.
   - No injuries or bleeding were observed on O.J.'s left index finger at the last sighting.

#### Prosecution Side:
- The prosecution did not present direct evidence in this dialogue but objected to the defense's line of questioning regarding speculation about the relationship dynamics and physical interactions between O.J. and Nicole.

### Conflicts and Disagreements:
1. **Nature of Relationship**:
   - The defense emphasizes that O.J. was not concerned about Nicole's dating life, while the prosecution may imply that there were underlying issues in their relationship.

2. **Physical Interactions**:
   - The defense asserts that there was no physical violence or contact between O.J. and Nicole, which could conflict with any prosecution claims of domestic violence or aggression.

3. **O.J.'s State of Mind**:
   - The defense portrays O.J. as calm and normal during the critical times, while the prosecution may argue that his demeanor could mask deeper issues or guilt.

4. **Blood Evidence**:
   - The defense claims the witness did not see any blood, which could contradict any prosecution narrative that suggests O.J. was involved in a violent incident.

Overall, the dialogue presents a defense focused on establishing O.J.'s non-violent behavior and normal demeanor, while the prosecution's objections suggest they may be trying to challenge the credibility of the witness's observations and the implications of the relationship dynamics.","Previous Context Summary:
In the court conversation, the defense is questioning a witness about the relationship dynamics between Nicole and O.J. Simpson. 

1. **Important Claims:**
   - **Defense Claim:** O.J. Simpson was aware that Nicole was dating other men after their divorce and did not express any concerns or anger about it.
   - **Witness Claim:** The witness confirms that Nicole was divorced from O.J., was dating other men, and that O.J. did not show any signs of upset regarding her dating life.

2. **Conflicts and Disagreement:**
   - The defense is trying to establish that O.J. was not possessive or concerned about Nicole's relationships, which could imply a lack of motive for any alleged wrongdoing. 
   - The witness's responses support the defense's narrative, indicating a lack of conflict or jealousy from O.J. regarding Nicole's dating life, which may contradict any claims of emotional turmoil that could be relevant to the case.

Recent Exchanges:
DEFENSE: AND THAT DURING THE PERIOD OF TIME WHEN YOU FIRST MET NICOLE, SHE WAS DIVORCED FROM O.J. SIMPSON?
P_WITNESS: YES.

DEFENSE: AND SHE WAS DATING OTHER MEN?
P_WITNESS: YES.

DEFENSE: AND WAS HE (O.J.) AWARE THAT SHE WAS DATING OTHER MEN?
P_WITNESS: YES.

DEFENSE: AND DID HE EVER VOICE ANY CONCERNS ABOUT THAT?
P_WITNESS: NO.

DEFENSE: DID HE EVER SHOW ANY ANGER OR UPSET -- BEING UPSET AT THE FACT THAT SHE WAS DATING OTHER MEN?
P_WITNESS: NO.

DEFENSE: DID YOU EVER DISCUSS WITH O.J. WHAT YOUR RELATIONSHIP WAS WITH NICOLE?
P_WITNESS: NO.

DEFENSE: WAS IT EVER A CONCERN OF HIS?
P_WITNESS: NO.

DEFENSE: WERE YOU EVER PRESENT WHEN NICOLE WOULD COME OVER AND VISIT O.J. AT HIS ROCKINGHAM HOUSE?
P_WITNESS: WHEN I WAS THERE?

Current Exchange:
DEFENSE: YES.
P_WITNESS: YES.",simpson_prosecution_9,"Brian ""kato"" Kaelin","Brian ""Kato"" Kaelin was a witness for the prosecution in the 1995 O.J. Simpson murder trial. His testimony was key because it contradicted Simpson's version of events","DEFENSE: AND THAT DURING THE PERIOD OF TIME WHEN YOU FIRST MET NICOLE, SHE WAS DIVORCED FROM O.J. SIMPSON?
P_WITNESS: YES.

DEFENSE: AND SHE WAS DATING OTHER MEN?
P_WITNESS: YES.

DEFENSE: AND WAS HE (O.J.) AWARE THAT SHE WAS DATING OTHER MEN?
P_WITNESS: YES.

DEFENSE: AND DID HE EVER VOICE ANY CONCERNS ABOUT THAT?
P_WITNESS: NO.

DEFENSE: DID HE EVER SHOW ANY ANGER OR UPSET -- BEING UPSET AT THE FACT THAT SHE WAS DATING OTHER MEN?
P_WITNESS: NO.

DEFENSE: DID YOU EVER DISCUSS WITH O.J. WHAT YOUR RELATIONSHIP WAS WITH NICOLE?
P_WITNESS: NO.

DEFENSE: WAS IT EVER A CONCERN OF HIS?
P_WITNESS: NO.

DEFENSE: WERE YOU EVER PRESENT WHEN NICOLE WOULD COME OVER AND VISIT O.J. AT HIS ROCKINGHAM HOUSE?
P_WITNESS: WHEN I WAS THERE?

DEFENSE: YES.
","{
    ""belief"": ""The witness's response is consistent with previous testimony and does not provide any new information that would benefit the defense. The witness appears to be maintaining a neutral stance, which does not significantly impact the current cross-examination."",
    ""Commitment_value"": ""3"",
    ""quality_rate"": ""1"",
    ""consistency_value"": ""1"",
    ""relevance_rate"": ""2"",
    ""manner_rate"": ""2"",
    ""outcome_value"": ""Witness"",
    ""outcome_reason"": ""2""
}","The witness's response is consistent with previous testimony and does not provide any new information that would benefit the defense. The witness appears to be maintaining a neutral stance, which does not significantly impact the current cross-examination.",3,1,1,2,2,Witness,2,0,0,0,1.0,0.5,0.9,4.5,3.3,-1.1168120410810656,-1.145489052725666,-0.0126760366792495,0.0286770116446004
Q/A,DID YOU EVER SEE ANY PHYSICAL CONTACT BETWEEN THE TWO OF THEM?,I -- HE DIDN'T HIT HER. THERE WAS NO PHYSICAL CONTACT?,,DEFENSE,P_WITNESS,"### Summary of Facts Discussed in the Dialogue

#### Defense Side:
1. **Relationship Status**:
   - Nicole was divorced from O.J. Simpson when she first met the witness.
   - Nicole was dating other men during this time, and O.J. was aware of it.
   - O.J. did not express any concerns or anger about Nicole dating other men.

2. **Interactions Between O.J. and Nicole**:
   - The witness was present when Nicole visited O.J. at his Rockingham house.
   - There was no physical contact observed between O.J. and Nicole; no hitting, pushing, or shoving was reported.

3. **Timeline of Relationship**:
   - The relationship between O.J. and Nicole was described as ""off and on"" around February and March 1994.
   - The witness learned that O.J. had mentioned it wasn't working out with Nicole at some point, possibly in March.

4. **Witness's Relationship with O.J.**:
   - The witness described their relationship with O.J. as a friendship but not part of his day-to-day life.
   - The witness did not know O.J.'s daily activities or whereabouts.

5. **O.J.'s Demeanor**:
   - On June 12th, O.J. appeared normal, not angry, agitated, depressed, or preoccupied.
   - The witness saw O.J. later that evening and reported he still seemed fine and had no issues bothering him.

6. **Blood Evidence**:
   - The witness did not see any blood at the front of the driveway or while walking to the limousine at 11:00 PM.
   - The witness only became aware of blood after police officers pointed it out the next morning.
   - No injuries or bleeding were observed on O.J.'s left index finger at the last sighting.

#### Prosecution Side:
- The prosecution did not present direct evidence in this dialogue but objected to the defense's line of questioning regarding speculation about the relationship dynamics and physical interactions between O.J. and Nicole.

### Conflicts and Disagreements:
1. **Nature of Relationship**:
   - The defense emphasizes that O.J. was not concerned about Nicole's dating life, while the prosecution may imply that there were underlying issues in their relationship.

2. **Physical Interactions**:
   - The defense asserts that there was no physical violence or contact between O.J. and Nicole, which could conflict with any prosecution claims of domestic violence or aggression.

3. **O.J.'s State of Mind**:
   - The defense portrays O.J. as calm and normal during the critical times, while the prosecution may argue that his demeanor could mask deeper issues or guilt.

4. **Blood Evidence**:
   - The defense claims the witness did not see any blood, which could contradict any prosecution narrative that suggests O.J. was involved in a violent incident.

Overall, the dialogue presents a defense focused on establishing O.J.'s non-violent behavior and normal demeanor, while the prosecution's objections suggest they may be trying to challenge the credibility of the witness's observations and the implications of the relationship dynamics.","Previous Context Summary:
In the court conversation, the defense and prosecution presented contrasting claims regarding the relationship dynamics between Nicole and O.J. Simpson.

1. **Important Claims:**
   - **Defense:** The defense aimed to establish that Nicole was divorced from O.J. and dating other men during their interactions, suggesting that O.J. was not concerned or upset about her dating life. They emphasized that O.J. did not express any anger or jealousy regarding her relationships.
   - **Prosecution:** The prosecution objected to the defense's line of questioning, indicating that the defense's inquiries were speculative, implying that they were attempting to draw conclusions about O.J.'s feelings and behavior without sufficient evidence.

2. **Conflicts and Disagreement:**
   - The primary conflict arose from the defense's attempt to portray O.J. as unconcerned about Nicole's dating life, while the prosecution challenged the relevance and validity of this portrayal, suggesting that it was speculative and not based on concrete evidence. The defense's questioning was met with objections from the prosecution, highlighting a disagreement over the admissibility of the witness's observations and the implications drawn from them.

Recent Exchanges:
DEFENSE: AND WAS HE (O.J.) AWARE THAT SHE WAS DATING OTHER MEN?
P_WITNESS: YES.

DEFENSE: AND DID HE EVER VOICE ANY CONCERNS ABOUT THAT?
P_WITNESS: NO.

DEFENSE: DID HE EVER SHOW ANY ANGER OR UPSET -- BEING UPSET AT THE FACT THAT SHE WAS DATING OTHER MEN?
P_WITNESS: NO.

DEFENSE: DID YOU EVER DISCUSS WITH O.J. WHAT YOUR RELATIONSHIP WAS WITH NICOLE?
P_WITNESS: NO.

DEFENSE: WAS IT EVER A CONCERN OF HIS?
P_WITNESS: NO.

DEFENSE: WERE YOU EVER PRESENT WHEN NICOLE WOULD COME OVER AND VISIT O.J. AT HIS ROCKINGHAM HOUSE?
P_WITNESS: WHEN I WAS THERE?

DEFENSE: YES.
P_WITNESS: YES.

DEFENSE: AND HOW DID THEY SEEM TO GET ALONG?
nan: nan

PROSECUTION: OBJECTION, SPECULATION, YOUR HONOR.
nan: nan

COURT: OVERRULED.
nan: nan

Current Exchange:
DEFENSE: DID YOU EVER SEE ANY PHYSICAL CONTACT BETWEEN THE TWO OF THEM?
P_WITNESS: I -- HE DIDN'T HIT HER. THERE WAS NO PHYSICAL CONTACT?",simpson_prosecution_9,"Brian ""kato"" Kaelin","Brian ""Kato"" Kaelin was a witness for the prosecution in the 1995 O.J. Simpson murder trial. His testimony was key because it contradicted Simpson's version of events","DEFENSE: AND THAT DURING THE PERIOD OF TIME WHEN YOU FIRST MET NICOLE, SHE WAS DIVORCED FROM O.J. SIMPSON?
P_WITNESS: YES.

DEFENSE: AND SHE WAS DATING OTHER MEN?
P_WITNESS: YES.

DEFENSE: AND WAS HE (O.J.) AWARE THAT SHE WAS DATING OTHER MEN?
P_WITNESS: YES.

DEFENSE: AND DID HE EVER VOICE ANY CONCERNS ABOUT THAT?
P_WITNESS: NO.

DEFENSE: DID HE EVER SHOW ANY ANGER OR UPSET -- BEING UPSET AT THE FACT THAT SHE WAS DATING OTHER MEN?
P_WITNESS: NO.

DEFENSE: DID YOU EVER DISCUSS WITH O.J. WHAT YOUR RELATIONSHIP WAS WITH NICOLE?
P_WITNESS: NO.

DEFENSE: WAS IT EVER A CONCERN OF HIS?
P_WITNESS: NO.

DEFENSE: WERE YOU EVER PRESENT WHEN NICOLE WOULD COME OVER AND VISIT O.J. AT HIS ROCKINGHAM HOUSE?
P_WITNESS: WHEN I WAS THERE?

DEFENSE: YES.
P_WITNESS: YES.

DEFENSE: AND HOW DID THEY SEEM TO GET ALONG?
nan: nan

PROSECUTION: OBJECTION, SPECULATION, YOUR HONOR.
nan: nan

COURT: OVERRULED.
nan: nan

DEFENSE: DID YOU EVER SEE ANY PHYSICAL CONTACT BETWEEN THE TWO OF THEM?
","```json
{
    ""belief"": ""The witness's response does not provide any new information that would benefit the defense's case. The answer is somewhat vague and does not directly address the question about physical contact, which is a key point in the cross-examination."",
    ""Commitment_value"": ""3"",
    ""quality_rate"": ""1"",
    ""consistency_value"": ""1"",
    ""relevance_rate"": ""2"",
    ""manner_rate"": ""3"",
    ""outcome_value"": ""Witness"",
    ""outcome_reason"": ""2""
}
```","The witness's response does not provide any new information that would benefit the defense's case. The answer is somewhat vague and does not directly address the question about physical contact, which is a key point in the cross-examination.",3,1,1,2,3,Witness,2,0,1,0,1.0,0.5,1.2,5.0,4.5,-1.042577858143624,-1.024652153239075,0.0086713644857347,-0.0179257049045489
Q/A,DID YOU SEE ANY PHYSICAL CONTACT AT ALL?,NO.,,DEFENSE,P_WITNESS,"### Summary of Facts Discussed in the Dialogue

#### Defense Side:
1. **Relationship Status**:
   - Nicole was divorced from O.J. Simpson when she first met the witness.
   - Nicole was dating other men during this time, and O.J. was aware of it.
   - O.J. did not express any concerns or anger about Nicole dating other men.

2. **Interactions Between O.J. and Nicole**:
   - The witness was present when Nicole visited O.J. at his Rockingham house.
   - There was no physical contact observed between O.J. and Nicole; no hitting, pushing, or shoving was reported.

3. **Timeline of Relationship**:
   - The relationship between O.J. and Nicole was described as ""off and on"" around February and March 1994.
   - The witness learned that O.J. had mentioned it wasn't working out with Nicole at some point, possibly in March.

4. **Witness's Relationship with O.J.**:
   - The witness described their relationship with O.J. as a friendship but not part of his day-to-day life.
   - The witness did not know O.J.'s daily activities or whereabouts.

5. **O.J.'s Demeanor**:
   - On June 12th, O.J. appeared normal, not angry, agitated, depressed, or preoccupied.
   - The witness saw O.J. later that evening and reported he still seemed fine and had no issues bothering him.

6. **Blood Evidence**:
   - The witness did not see any blood at the front of the driveway or while walking to the limousine at 11:00 PM.
   - The witness only became aware of blood after police officers pointed it out the next morning.
   - No injuries or bleeding were observed on O.J.'s left index finger at the last sighting.

#### Prosecution Side:
- The prosecution did not present direct evidence in this dialogue but objected to the defense's line of questioning regarding speculation about the relationship dynamics and physical interactions between O.J. and Nicole.

### Conflicts and Disagreements:
1. **Nature of Relationship**:
   - The defense emphasizes that O.J. was not concerned about Nicole's dating life, while the prosecution may imply that there were underlying issues in their relationship.

2. **Physical Interactions**:
   - The defense asserts that there was no physical violence or contact between O.J. and Nicole, which could conflict with any prosecution claims of domestic violence or aggression.

3. **O.J.'s State of Mind**:
   - The defense portrays O.J. as calm and normal during the critical times, while the prosecution may argue that his demeanor could mask deeper issues or guilt.

4. **Blood Evidence**:
   - The defense claims the witness did not see any blood, which could contradict any prosecution narrative that suggests O.J. was involved in a violent incident.

Overall, the dialogue presents a defense focused on establishing O.J.'s non-violent behavior and normal demeanor, while the prosecution's objections suggest they may be trying to challenge the credibility of the witness's observations and the implications of the relationship dynamics.","Previous Context Summary:
In the court conversation, the defense is attempting to establish that O.J. Simpson was not concerned about his ex-wife Nicole's dating life after their divorce. The key claims from the defense include:

1. **Defense Claim**: O.J. Simpson was aware that Nicole was dating other men and did not express any anger or concern about it.
2. **Prosecution Claim**: The prosecution's objections suggest they may be trying to challenge the relevance or reliability of the witness's testimony regarding the nature of O.J. and Nicole's relationship.

The conflicts and disagreements arise primarily from the defense's portrayal of O.J. as unconcerned and amicable regarding Nicole's dating, while the prosecution seems to be questioning the validity of this portrayal and the witness's ability to accurately assess the relationship dynamics. The defense also seeks to clarify that there was no physical abuse in their interactions, which the witness supports, further complicating the narrative around O.J.'s behavior.

Recent Exchanges:
DEFENSE: AND DID HE EVER VOICE ANY CONCERNS ABOUT THAT?
P_WITNESS: NO.

DEFENSE: DID HE EVER SHOW ANY ANGER OR UPSET -- BEING UPSET AT THE FACT THAT SHE WAS DATING OTHER MEN?
P_WITNESS: NO.

DEFENSE: DID YOU EVER DISCUSS WITH O.J. WHAT YOUR RELATIONSHIP WAS WITH NICOLE?
P_WITNESS: NO.

DEFENSE: WAS IT EVER A CONCERN OF HIS?
P_WITNESS: NO.

DEFENSE: WERE YOU EVER PRESENT WHEN NICOLE WOULD COME OVER AND VISIT O.J. AT HIS ROCKINGHAM HOUSE?
P_WITNESS: WHEN I WAS THERE?

DEFENSE: YES.
P_WITNESS: YES.

DEFENSE: AND HOW DID THEY SEEM TO GET ALONG?
nan: nan

PROSECUTION: OBJECTION, SPECULATION, YOUR HONOR.
nan: nan

COURT: OVERRULED.
nan: nan

DEFENSE: DID YOU EVER SEE ANY PHYSICAL CONTACT BETWEEN THE TWO OF THEM?
P_WITNESS: I -- HE DIDN'T HIT HER. THERE WAS NO PHYSICAL CONTACT?

Current Exchange:
DEFENSE: DID YOU SEE ANY PHYSICAL CONTACT AT ALL?
P_WITNESS: NO.",simpson_prosecution_9,"Brian ""kato"" Kaelin","Brian ""Kato"" Kaelin was a witness for the prosecution in the 1995 O.J. Simpson murder trial. His testimony was key because it contradicted Simpson's version of events","DEFENSE: AND THAT DURING THE PERIOD OF TIME WHEN YOU FIRST MET NICOLE, SHE WAS DIVORCED FROM O.J. SIMPSON?
P_WITNESS: YES.

DEFENSE: AND SHE WAS DATING OTHER MEN?
P_WITNESS: YES.

DEFENSE: AND WAS HE (O.J.) AWARE THAT SHE WAS DATING OTHER MEN?
P_WITNESS: YES.

DEFENSE: AND DID HE EVER VOICE ANY CONCERNS ABOUT THAT?
P_WITNESS: NO.

DEFENSE: DID HE EVER SHOW ANY ANGER OR UPSET -- BEING UPSET AT THE FACT THAT SHE WAS DATING OTHER MEN?
P_WITNESS: NO.

DEFENSE: DID YOU EVER DISCUSS WITH O.J. WHAT YOUR RELATIONSHIP WAS WITH NICOLE?
P_WITNESS: NO.

DEFENSE: WAS IT EVER A CONCERN OF HIS?
P_WITNESS: NO.

DEFENSE: WERE YOU EVER PRESENT WHEN NICOLE WOULD COME OVER AND VISIT O.J. AT HIS ROCKINGHAM HOUSE?
P_WITNESS: WHEN I WAS THERE?

DEFENSE: YES.
P_WITNESS: YES.

DEFENSE: AND HOW DID THEY SEEM TO GET ALONG?
nan: nan

PROSECUTION: OBJECTION, SPECULATION, YOUR HONOR.
nan: nan

COURT: OVERRULED.
nan: nan

DEFENSE: DID YOU EVER SEE ANY PHYSICAL CONTACT BETWEEN THE TWO OF THEM?
P_WITNESS: I -- HE DIDN'T HIT HER. THERE WAS NO PHYSICAL CONTACT?

DEFENSE: DID YOU SEE ANY PHYSICAL CONTACT AT ALL?
","```json
{
    ""belief"": ""The witness has not provided any new information that would benefit the defense's case, and the response is consistent with previous testimony. However, the lack of physical contact mentioned does not significantly impact the overall narrative of the case."",
    ""Commitment_value"": ""3"",
    ""quality_rate"": ""1"",
    ""consistency_value"": ""1"",
    ""relevance_rate"": ""2"",
    ""manner_rate"": ""2"",
    ""outcome_value"": ""Witness"",
    ""outcome_reason"": ""2""
}
```","The witness has not provided any new information that would benefit the defense's case, and the response is consistent with previous testimony. However, the lack of physical contact mentioned does not significantly impact the overall narrative of the case.",3,1,1,2,2,Witness,2,0,0,0,1.0,0.5,1.1,5.5,5.6,-0.9683436752061824,-0.9138849953763666,0.0289330837857022,-0.0544586798298158
Q/A,"ANY PUSHING, SHOVING?",NO.,,DEFENSE,P_WITNESS,"### Summary of Facts Discussed in the Dialogue

#### Defense Side:
1. **Relationship Status**:
   - Nicole was divorced from O.J. Simpson when she first met the witness.
   - Nicole was dating other men during this time, and O.J. was aware of it.
   - O.J. did not express any concerns or anger about Nicole dating other men.

2. **Interactions Between O.J. and Nicole**:
   - The witness was present when Nicole visited O.J. at his Rockingham house.
   - There was no physical contact observed between O.J. and Nicole; no hitting, pushing, or shoving was reported.

3. **Timeline of Relationship**:
   - The relationship between O.J. and Nicole was described as ""off and on"" around February and March 1994.
   - The witness learned that O.J. had mentioned it wasn't working out with Nicole at some point, possibly in March.

4. **Witness's Relationship with O.J.**:
   - The witness described their relationship with O.J. as a friendship but not part of his day-to-day life.
   - The witness did not know O.J.'s daily activities or whereabouts.

5. **O.J.'s Demeanor**:
   - On June 12th, O.J. appeared normal, not angry, agitated, depressed, or preoccupied.
   - The witness saw O.J. later that evening and reported he still seemed fine and had no issues bothering him.

6. **Blood Evidence**:
   - The witness did not see any blood at the front of the driveway or while walking to the limousine at 11:00 PM.
   - The witness only became aware of blood after police officers pointed it out the next morning.
   - No injuries or bleeding were observed on O.J.'s left index finger at the last sighting.

#### Prosecution Side:
- The prosecution did not present direct evidence in this dialogue but objected to the defense's line of questioning regarding speculation about the relationship dynamics and physical interactions between O.J. and Nicole.

### Conflicts and Disagreements:
1. **Nature of Relationship**:
   - The defense emphasizes that O.J. was not concerned about Nicole's dating life, while the prosecution may imply that there were underlying issues in their relationship.

2. **Physical Interactions**:
   - The defense asserts that there was no physical violence or contact between O.J. and Nicole, which could conflict with any prosecution claims of domestic violence or aggression.

3. **O.J.'s State of Mind**:
   - The defense portrays O.J. as calm and normal during the critical times, while the prosecution may argue that his demeanor could mask deeper issues or guilt.

4. **Blood Evidence**:
   - The defense claims the witness did not see any blood, which could contradict any prosecution narrative that suggests O.J. was involved in a violent incident.

Overall, the dialogue presents a defense focused on establishing O.J.'s non-violent behavior and normal demeanor, while the prosecution's objections suggest they may be trying to challenge the credibility of the witness's observations and the implications of the relationship dynamics.","Previous Context Summary:
In the court conversation, the defense and prosecution presented contrasting claims regarding the relationship between Nicole and O.J. Simpson.

1. **Important Claims:**
   - **Defense Claim:** The defense aimed to establish that O.J. Simpson was not concerned about Nicole dating other men after their divorce, suggesting that he did not exhibit jealousy or anger towards her relationships. They also sought to demonstrate that there was no physical abuse in their interactions.
   - **Prosecution Claim:** While the prosecution did not directly present their claims in this excerpt, their objection to the defense's line of questioning about the nature of Nicole and O.J.'s relationship implies that they may be contesting the defense's portrayal of the relationship as non-contentious and free of conflict.

2. **Conflicts and Disagreement:**
   - The primary conflict arises from the defense's portrayal of O.J. as unconcerned and non-violent regarding Nicole's dating life, which contrasts with the prosecution's likely position that there were underlying issues in their relationship, potentially including jealousy or abuse. The prosecution's objection to the defense's questions indicates a disagreement over the relevance and implications of the witness's testimony regarding the nature of O.J. and Nicole's interactions.

Recent Exchanges:
DEFENSE: DID HE EVER SHOW ANY ANGER OR UPSET -- BEING UPSET AT THE FACT THAT SHE WAS DATING OTHER MEN?
P_WITNESS: NO.

DEFENSE: DID YOU EVER DISCUSS WITH O.J. WHAT YOUR RELATIONSHIP WAS WITH NICOLE?
P_WITNESS: NO.

DEFENSE: WAS IT EVER A CONCERN OF HIS?
P_WITNESS: NO.

DEFENSE: WERE YOU EVER PRESENT WHEN NICOLE WOULD COME OVER AND VISIT O.J. AT HIS ROCKINGHAM HOUSE?
P_WITNESS: WHEN I WAS THERE?

DEFENSE: YES.
P_WITNESS: YES.

DEFENSE: AND HOW DID THEY SEEM TO GET ALONG?
nan: nan

PROSECUTION: OBJECTION, SPECULATION, YOUR HONOR.
nan: nan

COURT: OVERRULED.
nan: nan

DEFENSE: DID YOU EVER SEE ANY PHYSICAL CONTACT BETWEEN THE TWO OF THEM?
P_WITNESS: I -- HE DIDN'T HIT HER. THERE WAS NO PHYSICAL CONTACT?

DEFENSE: DID YOU SEE ANY PHYSICAL CONTACT AT ALL?
P_WITNESS: NO.

Current Exchange:
DEFENSE: ANY PUSHING, SHOVING?
P_WITNESS: NO.",simpson_prosecution_9,"Brian ""kato"" Kaelin","Brian ""Kato"" Kaelin was a witness for the prosecution in the 1995 O.J. Simpson murder trial. His testimony was key because it contradicted Simpson's version of events","DEFENSE: AND THAT DURING THE PERIOD OF TIME WHEN YOU FIRST MET NICOLE, SHE WAS DIVORCED FROM O.J. SIMPSON?
P_WITNESS: YES.

DEFENSE: AND SHE WAS DATING OTHER MEN?
P_WITNESS: YES.

DEFENSE: AND WAS HE (O.J.) AWARE THAT SHE WAS DATING OTHER MEN?
P_WITNESS: YES.

DEFENSE: AND DID HE EVER VOICE ANY CONCERNS ABOUT THAT?
P_WITNESS: NO.

DEFENSE: DID HE EVER SHOW ANY ANGER OR UPSET -- BEING UPSET AT THE FACT THAT SHE WAS DATING OTHER MEN?
P_WITNESS: NO.

DEFENSE: DID YOU EVER DISCUSS WITH O.J. WHAT YOUR RELATIONSHIP WAS WITH NICOLE?
P_WITNESS: NO.

DEFENSE: WAS IT EVER A CONCERN OF HIS?
P_WITNESS: NO.

DEFENSE: WERE YOU EVER PRESENT WHEN NICOLE WOULD COME OVER AND VISIT O.J. AT HIS ROCKINGHAM HOUSE?
P_WITNESS: WHEN I WAS THERE?

DEFENSE: YES.
P_WITNESS: YES.

DEFENSE: AND HOW DID THEY SEEM TO GET ALONG?
nan: nan

PROSECUTION: OBJECTION, SPECULATION, YOUR HONOR.
nan: nan

COURT: OVERRULED.
nan: nan

DEFENSE: DID YOU EVER SEE ANY PHYSICAL CONTACT BETWEEN THE TWO OF THEM?
P_WITNESS: I -- HE DIDN'T HIT HER. THERE WAS NO PHYSICAL CONTACT?

DEFENSE: DID YOU SEE ANY PHYSICAL CONTACT AT ALL?
P_WITNESS: NO.

DEFENSE: ANY PUSHING, SHOVING?
","```json
{
    ""belief"": ""The witness maintains a neutral stance and does not provide any information that benefits either side, making it difficult to determine a clear winner. However, the witness's responses are consistent and clear, which slightly favors the witness."",
    ""Commitment_value"": ""3"",
    ""quality_rate"": ""1"",
    ""consistency_value"": ""0"",
    ""relevance_rate"": ""1"",
    ""manner_rate"": ""2"",
    ""outcome_value"": ""Witness"",
    ""outcome_reason"": ""2""
}
```","The witness maintains a neutral stance and does not provide any information that benefits either side, making it difficult to determine a clear winner. However, the witness's responses are consistent and clear, which slightly favors the witness.",3,1,0,1,2,Witness,2,0,0,0,1.0,0.5,0.0,6.0,5.6,-0.8941094922687409,-0.9138849953763666,-0.0109378116154452,0.0197755031076256
Q/A,"NOW, DURING THE PERIOD OF TIME IN FEBRUARY AND MARCH 1994, WERE O.J. AND NICOLE STILL DATING AND WAS SHE STILL TRYING TO GET BACK TOGETHER WITH HIM?","I DON'T KNOW FOR SURE. IT WAS OFF AND ON, SO IT COULD HAVE BEEN.",,DEFENSE,P_WITNESS,"### Summary of Facts Discussed in the Dialogue

#### Defense Side:
1. **Relationship Status**:
   - Nicole was divorced from O.J. Simpson when she first met the witness.
   - Nicole was dating other men during this time, and O.J. was aware of it.
   - O.J. did not express any concerns or anger about Nicole dating other men.

2. **Interactions Between O.J. and Nicole**:
   - The witness was present when Nicole visited O.J. at his Rockingham house.
   - There was no physical contact observed between O.J. and Nicole; no hitting, pushing, or shoving was reported.

3. **Timeline of Relationship**:
   - The relationship between O.J. and Nicole was described as ""off and on"" around February and March 1994.
   - The witness learned that O.J. had mentioned it wasn't working out with Nicole at some point, possibly in March.

4. **Witness's Relationship with O.J.**:
   - The witness described their relationship with O.J. as a friendship but not part of his day-to-day life.
   - The witness did not know O.J.'s daily activities or whereabouts.

5. **O.J.'s Demeanor**:
   - On June 12th, O.J. appeared normal, not angry, agitated, depressed, or preoccupied.
   - The witness saw O.J. later that evening and reported he still seemed fine and had no issues bothering him.

6. **Blood Evidence**:
   - The witness did not see any blood at the front of the driveway or while walking to the limousine at 11:00 PM.
   - The witness only became aware of blood after police officers pointed it out the next morning.
   - No injuries or bleeding were observed on O.J.'s left index finger at the last sighting.

#### Prosecution Side:
- The prosecution did not present direct evidence in this dialogue but objected to the defense's line of questioning regarding speculation about the relationship dynamics and physical interactions between O.J. and Nicole.

### Conflicts and Disagreements:
1. **Nature of Relationship**:
   - The defense emphasizes that O.J. was not concerned about Nicole's dating life, while the prosecution may imply that there were underlying issues in their relationship.

2. **Physical Interactions**:
   - The defense asserts that there was no physical violence or contact between O.J. and Nicole, which could conflict with any prosecution claims of domestic violence or aggression.

3. **O.J.'s State of Mind**:
   - The defense portrays O.J. as calm and normal during the critical times, while the prosecution may argue that his demeanor could mask deeper issues or guilt.

4. **Blood Evidence**:
   - The defense claims the witness did not see any blood, which could contradict any prosecution narrative that suggests O.J. was involved in a violent incident.

Overall, the dialogue presents a defense focused on establishing O.J.'s non-violent behavior and normal demeanor, while the prosecution's objections suggest they may be trying to challenge the credibility of the witness's observations and the implications of the relationship dynamics.","Previous Context Summary:
In the court conversation, the key claims from each side are as follows:

1. **Defense's Claim**: The defense is attempting to establish that O.J. Simpson was not concerned about Nicole's dating life after their divorce, suggesting that there was no animosity or abusive behavior from O.J. towards Nicole. They emphasize that O.J. was aware of Nicole dating other men and did not express any anger or concern about it.

2. **Prosecution's Claim**: While the prosecution does not present a direct claim in this excerpt, their objection to the defense's line of questioning about the relationship dynamics indicates they may be trying to highlight potential issues of domestic violence or emotional distress in the relationship, which the defense is trying to downplay.

**Conflicts and Disagreements**: The primary conflict arises from the defense's portrayal of O.J. Simpson as non-threatening and unconcerned about Nicole's relationships, while the prosecution seems to be suggesting that there may be underlying issues of control or abuse that are not being addressed. The defense's questioning aims to show a lack of physical or emotional conflict between O.J. and Nicole, while the prosecution's objections hint at a deeper narrative regarding the nature of their relationship.

Recent Exchanges:
DEFENSE: DID YOU EVER DISCUSS WITH O.J. WHAT YOUR RELATIONSHIP WAS WITH NICOLE?
P_WITNESS: NO.

DEFENSE: WAS IT EVER A CONCERN OF HIS?
P_WITNESS: NO.

DEFENSE: WERE YOU EVER PRESENT WHEN NICOLE WOULD COME OVER AND VISIT O.J. AT HIS ROCKINGHAM HOUSE?
P_WITNESS: WHEN I WAS THERE?

DEFENSE: YES.
P_WITNESS: YES.

DEFENSE: AND HOW DID THEY SEEM TO GET ALONG?
nan: nan

PROSECUTION: OBJECTION, SPECULATION, YOUR HONOR.
nan: nan

COURT: OVERRULED.
nan: nan

DEFENSE: DID YOU EVER SEE ANY PHYSICAL CONTACT BETWEEN THE TWO OF THEM?
P_WITNESS: I -- HE DIDN'T HIT HER. THERE WAS NO PHYSICAL CONTACT?

DEFENSE: DID YOU SEE ANY PHYSICAL CONTACT AT ALL?
P_WITNESS: NO.

DEFENSE: ANY PUSHING, SHOVING?
P_WITNESS: NO.

Current Exchange:
DEFENSE: NOW, DURING THE PERIOD OF TIME IN FEBRUARY AND MARCH 1994, WERE O.J. AND NICOLE STILL DATING AND WAS SHE STILL TRYING TO GET BACK TOGETHER WITH HIM?
P_WITNESS: I DON'T KNOW FOR SURE. IT WAS OFF AND ON, SO IT COULD HAVE BEEN.",simpson_prosecution_9,"Brian ""kato"" Kaelin","Brian ""Kato"" Kaelin was a witness for the prosecution in the 1995 O.J. Simpson murder trial. His testimony was key because it contradicted Simpson's version of events","DEFENSE: AND THAT DURING THE PERIOD OF TIME WHEN YOU FIRST MET NICOLE, SHE WAS DIVORCED FROM O.J. SIMPSON?
P_WITNESS: YES.

DEFENSE: AND SHE WAS DATING OTHER MEN?
P_WITNESS: YES.

DEFENSE: AND WAS HE (O.J.) AWARE THAT SHE WAS DATING OTHER MEN?
P_WITNESS: YES.

DEFENSE: AND DID HE EVER VOICE ANY CONCERNS ABOUT THAT?
P_WITNESS: NO.

DEFENSE: DID HE EVER SHOW ANY ANGER OR UPSET -- BEING UPSET AT THE FACT THAT SHE WAS DATING OTHER MEN?
P_WITNESS: NO.

DEFENSE: DID YOU EVER DISCUSS WITH O.J. WHAT YOUR RELATIONSHIP WAS WITH NICOLE?
P_WITNESS: NO.

DEFENSE: WAS IT EVER A CONCERN OF HIS?
P_WITNESS: NO.

DEFENSE: WERE YOU EVER PRESENT WHEN NICOLE WOULD COME OVER AND VISIT O.J. AT HIS ROCKINGHAM HOUSE?
P_WITNESS: WHEN I WAS THERE?

DEFENSE: YES.
P_WITNESS: YES.

DEFENSE: AND HOW DID THEY SEEM TO GET ALONG?
nan: nan

PROSECUTION: OBJECTION, SPECULATION, YOUR HONOR.
nan: nan

COURT: OVERRULED.
nan: nan

DEFENSE: DID YOU EVER SEE ANY PHYSICAL CONTACT BETWEEN THE TWO OF THEM?
P_WITNESS: I -- HE DIDN'T HIT HER. THERE WAS NO PHYSICAL CONTACT?

DEFENSE: DID YOU SEE ANY PHYSICAL CONTACT AT ALL?
P_WITNESS: NO.

DEFENSE: ANY PUSHING, SHOVING?
P_WITNESS: NO.

DEFENSE: NOW, DURING THE PERIOD OF TIME IN FEBRUARY AND MARCH 1994, WERE O.J. AND NICOLE STILL DATING AND WAS SHE STILL TRYING TO GET BACK TOGETHER WITH HIM?
","```json
{
    ""belief"": ""The witness's response is somewhat vague and does not provide clear information about the status of O.J. and Nicole's relationship during the specified period. The witness's lack of certainty and the mention of an 'off and on' relationship suggest a level of uncertainty that could be beneficial to the defense in terms of casting doubt on the prosecution's claims."",
    ""Commitment_value"": 2,
    ""quality_rate"": 0,
    ""consistency_value"": 1,
    ""relevance_rate"": 2,
    ""manner_rate"": 3,
    ""outcome_value"": ""Witness"",
    ""outcome_reason"": ""2. Credibility attack on other side""
}
```",The witness's response is somewhat vague and does not provide clear information about the status of O.J. and Nicole's relationship during the specified period. The witness's lack of certainty and the mention of an 'off and on' relationship suggest a level of uncertainty that could be beneficial to the defense in terms of casting doubt on the prosecution's claims.,2,0,1,2,3,Witness,2. Credibility attack on other side,0,1,0,1.0,1.0,1.8000000000000005,7.0,7.4,-0.7456411263938577,-0.7326296461464799,0.0088018247327032,-0.0130114802473778
Q/A,AT SOME POINT IN TIME DID YOU LEARN THAT O.J. HAD SAID THAT IT WASN'T WORKING OUT WITH NICOLE AND THAT THEY WERE GOING TO GO THEIR OWN SEPARATE WAYS?,"AT SOME POINT, YES.",,DEFENSE,P_WITNESS,"### Summary of Facts Discussed in the Dialogue

#### Defense Side:
1. **Relationship Status**:
   - Nicole was divorced from O.J. Simpson when she first met the witness.
   - Nicole was dating other men during this time, and O.J. was aware of it.
   - O.J. did not express any concerns or anger about Nicole dating other men.

2. **Interactions Between O.J. and Nicole**:
   - The witness was present when Nicole visited O.J. at his Rockingham house.
   - There was no physical contact observed between O.J. and Nicole; no hitting, pushing, or shoving was reported.

3. **Timeline of Relationship**:
   - The relationship between O.J. and Nicole was described as ""off and on"" around February and March 1994.
   - The witness learned that O.J. had mentioned it wasn't working out with Nicole at some point, possibly in March.

4. **Witness's Relationship with O.J.**:
   - The witness described their relationship with O.J. as a friendship but not part of his day-to-day life.
   - The witness did not know O.J.'s daily activities or whereabouts.

5. **O.J.'s Demeanor**:
   - On June 12th, O.J. appeared normal, not angry, agitated, depressed, or preoccupied.
   - The witness saw O.J. later that evening and reported he still seemed fine and had no issues bothering him.

6. **Blood Evidence**:
   - The witness did not see any blood at the front of the driveway or while walking to the limousine at 11:00 PM.
   - The witness only became aware of blood after police officers pointed it out the next morning.
   - No injuries or bleeding were observed on O.J.'s left index finger at the last sighting.

#### Prosecution Side:
- The prosecution did not present direct evidence in this dialogue but objected to the defense's line of questioning regarding speculation about the relationship dynamics and physical interactions between O.J. and Nicole.

### Conflicts and Disagreements:
1. **Nature of Relationship**:
   - The defense emphasizes that O.J. was not concerned about Nicole's dating life, while the prosecution may imply that there were underlying issues in their relationship.

2. **Physical Interactions**:
   - The defense asserts that there was no physical violence or contact between O.J. and Nicole, which could conflict with any prosecution claims of domestic violence or aggression.

3. **O.J.'s State of Mind**:
   - The defense portrays O.J. as calm and normal during the critical times, while the prosecution may argue that his demeanor could mask deeper issues or guilt.

4. **Blood Evidence**:
   - The defense claims the witness did not see any blood, which could contradict any prosecution narrative that suggests O.J. was involved in a violent incident.

Overall, the dialogue presents a defense focused on establishing O.J.'s non-violent behavior and normal demeanor, while the prosecution's objections suggest they may be trying to challenge the credibility of the witness's observations and the implications of the relationship dynamics.","Previous Context Summary:
In the court conversation, the defense and prosecution presented contrasting claims regarding the relationship between O.J. Simpson and Nicole Brown.

1. **Important Claims:**
   - **Defense Claim:** The defense aimed to establish that O.J. Simpson was not concerned about Nicole dating other men after their divorce, suggesting that he did not exhibit jealousy or anger towards her relationships. They emphasized that there was no evidence of physical abuse or conflict between O.J. and Nicole during their interactions.
   - **Prosecution Claim:** While the prosecution did not directly present their claims in this excerpt, their objection to the defense's line of questioning about the nature of O.J. and Nicole's relationship implies that they may be trying to highlight potential issues of domestic violence or emotional turmoil in their past interactions.

2. **Conflicts and Disagreement:**
   - The primary conflict arises from the defense's portrayal of O.J. as nonchalant and unaffected by Nicole's dating life, contrasting with the prosecution's likely focus on the potential for underlying issues in their relationship. The defense's questioning suggests a lack of concern or conflict, while the prosecution's objections indicate a belief that the relationship may have been more complicated and possibly abusive. The witness's uncertainty about the status of O.J. and Nicole's relationship in early 1994 further complicates the narrative, leaving room for differing interpretations of their interactions.

Recent Exchanges:
DEFENSE: WAS IT EVER A CONCERN OF HIS?
P_WITNESS: NO.

DEFENSE: WERE YOU EVER PRESENT WHEN NICOLE WOULD COME OVER AND VISIT O.J. AT HIS ROCKINGHAM HOUSE?
P_WITNESS: WHEN I WAS THERE?

DEFENSE: YES.
P_WITNESS: YES.

DEFENSE: AND HOW DID THEY SEEM TO GET ALONG?
nan: nan

PROSECUTION: OBJECTION, SPECULATION, YOUR HONOR.
nan: nan

COURT: OVERRULED.
nan: nan

DEFENSE: DID YOU EVER SEE ANY PHYSICAL CONTACT BETWEEN THE TWO OF THEM?
P_WITNESS: I -- HE DIDN'T HIT HER. THERE WAS NO PHYSICAL CONTACT?

DEFENSE: DID YOU SEE ANY PHYSICAL CONTACT AT ALL?
P_WITNESS: NO.

DEFENSE: ANY PUSHING, SHOVING?
P_WITNESS: NO.

DEFENSE: NOW, DURING THE PERIOD OF TIME IN FEBRUARY AND MARCH 1994, WERE O.J. AND NICOLE STILL DATING AND WAS SHE STILL TRYING TO GET BACK TOGETHER WITH HIM?
P_WITNESS: I DON'T KNOW FOR SURE. IT WAS OFF AND ON, SO IT COULD HAVE BEEN.

Current Exchange:
DEFENSE: AT SOME POINT IN TIME DID YOU LEARN THAT O.J. HAD SAID THAT IT WASN'T WORKING OUT WITH NICOLE AND THAT THEY WERE GOING TO GO THEIR OWN SEPARATE WAYS?
P_WITNESS: AT SOME POINT, YES.",simpson_prosecution_9,"Brian ""kato"" Kaelin","Brian ""Kato"" Kaelin was a witness for the prosecution in the 1995 O.J. Simpson murder trial. His testimony was key because it contradicted Simpson's version of events","DEFENSE: AND THAT DURING THE PERIOD OF TIME WHEN YOU FIRST MET NICOLE, SHE WAS DIVORCED FROM O.J. SIMPSON?
P_WITNESS: YES.

DEFENSE: AND SHE WAS DATING OTHER MEN?
P_WITNESS: YES.

DEFENSE: AND WAS HE (O.J.) AWARE THAT SHE WAS DATING OTHER MEN?
P_WITNESS: YES.

DEFENSE: AND DID HE EVER VOICE ANY CONCERNS ABOUT THAT?
P_WITNESS: NO.

DEFENSE: DID HE EVER SHOW ANY ANGER OR UPSET -- BEING UPSET AT THE FACT THAT SHE WAS DATING OTHER MEN?
P_WITNESS: NO.

DEFENSE: DID YOU EVER DISCUSS WITH O.J. WHAT YOUR RELATIONSHIP WAS WITH NICOLE?
P_WITNESS: NO.

DEFENSE: WAS IT EVER A CONCERN OF HIS?
P_WITNESS: NO.

DEFENSE: WERE YOU EVER PRESENT WHEN NICOLE WOULD COME OVER AND VISIT O.J. AT HIS ROCKINGHAM HOUSE?
P_WITNESS: WHEN I WAS THERE?

DEFENSE: YES.
P_WITNESS: YES.

DEFENSE: AND HOW DID THEY SEEM TO GET ALONG?
nan: nan

PROSECUTION: OBJECTION, SPECULATION, YOUR HONOR.
nan: nan

COURT: OVERRULED.
nan: nan

DEFENSE: DID YOU EVER SEE ANY PHYSICAL CONTACT BETWEEN THE TWO OF THEM?
P_WITNESS: I -- HE DIDN'T HIT HER. THERE WAS NO PHYSICAL CONTACT?

DEFENSE: DID YOU SEE ANY PHYSICAL CONTACT AT ALL?
P_WITNESS: NO.

DEFENSE: ANY PUSHING, SHOVING?
P_WITNESS: NO.

DEFENSE: NOW, DURING THE PERIOD OF TIME IN FEBRUARY AND MARCH 1994, WERE O.J. AND NICOLE STILL DATING AND WAS SHE STILL TRYING TO GET BACK TOGETHER WITH HIM?
P_WITNESS: I DON'T KNOW FOR SURE. IT WAS OFF AND ON, SO IT COULD HAVE BEEN.

DEFENSE: AT SOME POINT IN TIME DID YOU LEARN THAT O.J. HAD SAID THAT IT WASN'T WORKING OUT WITH NICOLE AND THAT THEY WERE GOING TO GO THEIR OWN SEPARATE WAYS?
","```json
{
    ""belief"": ""The witness's response is slightly relevant and consistent with previous testimony, but it does not provide a clear answer to the question. The witness's commitment level is neutral, and the response is somewhat unclear, which slightly benefits the defense in terms of not providing a definitive answer."",
    ""Commitment_value"": ""3"",
    ""quality_rate"": ""0"",
    ""consistency_value"": ""0"",
    ""relevance_rate"": ""2"",
    ""manner_rate"": ""3"",
    ""outcome_value"": ""Questioner"",
    ""outcome_reason"": ""2""
}
```","The witness's response is slightly relevant and consistent with previous testimony, but it does not provide a clear answer to the question. The witness's commitment level is neutral, and the response is somewhat unclear, which slightly benefits the defense in terms of not providing a definitive answer.",3,0,0,2,3,Questioner,2,0,1,0,0.8571428571428571,0.5,0.2,7.5,7.6,-0.6714069434564162,-0.7124901628987147,-0.029686614166354,0.0410832194422985
Q/A,DO YOU RECALL PRECISELY WHEN THAT WAS?,"GOSH, PRECISELY? NOT PRECISELY, BUT -- IT COULD HAVE BEEN MARCH, BUT I CAN'T GIVE YOU A DATE.",,DEFENSE,P_WITNESS,"### Summary of Facts Discussed in the Dialogue

#### Defense Side:
1. **Relationship Status**:
   - Nicole was divorced from O.J. Simpson when she first met the witness.
   - Nicole was dating other men during this time, and O.J. was aware of it.
   - O.J. did not express any concerns or anger about Nicole dating other men.

2. **Interactions Between O.J. and Nicole**:
   - The witness was present when Nicole visited O.J. at his Rockingham house.
   - There was no physical contact observed between O.J. and Nicole; no hitting, pushing, or shoving was reported.

3. **Timeline of Relationship**:
   - The relationship between O.J. and Nicole was described as ""off and on"" around February and March 1994.
   - The witness learned that O.J. had mentioned it wasn't working out with Nicole at some point, possibly in March.

4. **Witness's Relationship with O.J.**:
   - The witness described their relationship with O.J. as a friendship but not part of his day-to-day life.
   - The witness did not know O.J.'s daily activities or whereabouts.

5. **O.J.'s Demeanor**:
   - On June 12th, O.J. appeared normal, not angry, agitated, depressed, or preoccupied.
   - The witness saw O.J. later that evening and reported he still seemed fine and had no issues bothering him.

6. **Blood Evidence**:
   - The witness did not see any blood at the front of the driveway or while walking to the limousine at 11:00 PM.
   - The witness only became aware of blood after police officers pointed it out the next morning.
   - No injuries or bleeding were observed on O.J.'s left index finger at the last sighting.

#### Prosecution Side:
- The prosecution did not present direct evidence in this dialogue but objected to the defense's line of questioning regarding speculation about the relationship dynamics and physical interactions between O.J. and Nicole.

### Conflicts and Disagreements:
1. **Nature of Relationship**:
   - The defense emphasizes that O.J. was not concerned about Nicole's dating life, while the prosecution may imply that there were underlying issues in their relationship.

2. **Physical Interactions**:
   - The defense asserts that there was no physical violence or contact between O.J. and Nicole, which could conflict with any prosecution claims of domestic violence or aggression.

3. **O.J.'s State of Mind**:
   - The defense portrays O.J. as calm and normal during the critical times, while the prosecution may argue that his demeanor could mask deeper issues or guilt.

4. **Blood Evidence**:
   - The defense claims the witness did not see any blood, which could contradict any prosecution narrative that suggests O.J. was involved in a violent incident.

Overall, the dialogue presents a defense focused on establishing O.J.'s non-violent behavior and normal demeanor, while the prosecution's objections suggest they may be trying to challenge the credibility of the witness's observations and the implications of the relationship dynamics.","Previous Context Summary:
In the court conversation, the defense and prosecution presented contrasting claims regarding the relationship between O.J. Simpson and Nicole Brown.

1. **Important Claims:**
   - **Defense:** The defense aimed to establish that O.J. Simpson was not concerned about Nicole dating other men after their divorce, suggesting that he did not exhibit jealousy or anger towards her relationships. They sought to portray their interactions as amicable and devoid of any physical conflict.
   - **Prosecution:** While the prosecution did not present a direct claim in this excerpt, their objection to the defense's line of questioning indicates they may be trying to highlight potential issues in O.J.'s behavior or the nature of his relationship with Nicole, possibly suggesting underlying tensions or violence.

2. **Conflicts and Disagreement:**
   - The primary conflict arises from the defense's portrayal of O.J. as nonchalant and unaffected by Nicole's dating life, while the prosecution's objections imply that there may be more to the story, potentially hinting at a history of conflict or abuse that the defense is attempting to downplay. The witness's uncertainty about the status of O.J. and Nicole's relationship during specific periods also introduces ambiguity, which could be a point of contention in the overall narrative of the case.

Recent Exchanges:
DEFENSE: WERE YOU EVER PRESENT WHEN NICOLE WOULD COME OVER AND VISIT O.J. AT HIS ROCKINGHAM HOUSE?
P_WITNESS: WHEN I WAS THERE?

DEFENSE: YES.
P_WITNESS: YES.

DEFENSE: AND HOW DID THEY SEEM TO GET ALONG?
nan: nan

PROSECUTION: OBJECTION, SPECULATION, YOUR HONOR.
nan: nan

COURT: OVERRULED.
nan: nan

DEFENSE: DID YOU EVER SEE ANY PHYSICAL CONTACT BETWEEN THE TWO OF THEM?
P_WITNESS: I -- HE DIDN'T HIT HER. THERE WAS NO PHYSICAL CONTACT?

DEFENSE: DID YOU SEE ANY PHYSICAL CONTACT AT ALL?
P_WITNESS: NO.

DEFENSE: ANY PUSHING, SHOVING?
P_WITNESS: NO.

DEFENSE: NOW, DURING THE PERIOD OF TIME IN FEBRUARY AND MARCH 1994, WERE O.J. AND NICOLE STILL DATING AND WAS SHE STILL TRYING TO GET BACK TOGETHER WITH HIM?
P_WITNESS: I DON'T KNOW FOR SURE. IT WAS OFF AND ON, SO IT COULD HAVE BEEN.

DEFENSE: AT SOME POINT IN TIME DID YOU LEARN THAT O.J. HAD SAID THAT IT WASN'T WORKING OUT WITH NICOLE AND THAT THEY WERE GOING TO GO THEIR OWN SEPARATE WAYS?
P_WITNESS: AT SOME POINT, YES.

Current Exchange:
DEFENSE: DO YOU RECALL PRECISELY WHEN THAT WAS?
P_WITNESS: GOSH, PRECISELY? NOT PRECISELY, BUT -- IT COULD HAVE BEEN MARCH, BUT I CAN'T GIVE YOU A DATE.",simpson_prosecution_9,"Brian ""kato"" Kaelin","Brian ""Kato"" Kaelin was a witness for the prosecution in the 1995 O.J. Simpson murder trial. His testimony was key because it contradicted Simpson's version of events","DEFENSE: AND THAT DURING THE PERIOD OF TIME WHEN YOU FIRST MET NICOLE, SHE WAS DIVORCED FROM O.J. SIMPSON?
P_WITNESS: YES.

DEFENSE: AND SHE WAS DATING OTHER MEN?
P_WITNESS: YES.

DEFENSE: AND WAS HE (O.J.) AWARE THAT SHE WAS DATING OTHER MEN?
P_WITNESS: YES.

DEFENSE: AND DID HE EVER VOICE ANY CONCERNS ABOUT THAT?
P_WITNESS: NO.

DEFENSE: DID HE EVER SHOW ANY ANGER OR UPSET -- BEING UPSET AT THE FACT THAT SHE WAS DATING OTHER MEN?
P_WITNESS: NO.

DEFENSE: DID YOU EVER DISCUSS WITH O.J. WHAT YOUR RELATIONSHIP WAS WITH NICOLE?
P_WITNESS: NO.

DEFENSE: WAS IT EVER A CONCERN OF HIS?
P_WITNESS: NO.

DEFENSE: WERE YOU EVER PRESENT WHEN NICOLE WOULD COME OVER AND VISIT O.J. AT HIS ROCKINGHAM HOUSE?
P_WITNESS: WHEN I WAS THERE?

DEFENSE: YES.
P_WITNESS: YES.

DEFENSE: AND HOW DID THEY SEEM TO GET ALONG?
nan: nan

PROSECUTION: OBJECTION, SPECULATION, YOUR HONOR.
nan: nan

COURT: OVERRULED.
nan: nan

DEFENSE: DID YOU EVER SEE ANY PHYSICAL CONTACT BETWEEN THE TWO OF THEM?
P_WITNESS: I -- HE DIDN'T HIT HER. THERE WAS NO PHYSICAL CONTACT?

DEFENSE: DID YOU SEE ANY PHYSICAL CONTACT AT ALL?
P_WITNESS: NO.

DEFENSE: ANY PUSHING, SHOVING?
P_WITNESS: NO.

DEFENSE: NOW, DURING THE PERIOD OF TIME IN FEBRUARY AND MARCH 1994, WERE O.J. AND NICOLE STILL DATING AND WAS SHE STILL TRYING TO GET BACK TOGETHER WITH HIM?
P_WITNESS: I DON'T KNOW FOR SURE. IT WAS OFF AND ON, SO IT COULD HAVE BEEN.

DEFENSE: AT SOME POINT IN TIME DID YOU LEARN THAT O.J. HAD SAID THAT IT WASN'T WORKING OUT WITH NICOLE AND THAT THEY WERE GOING TO GO THEIR OWN SEPARATE WAYS?
P_WITNESS: AT SOME POINT, YES.

DEFENSE: DO YOU RECALL PRECISELY WHEN THAT WAS?
","```json
{
    ""belief"": ""The witness appears to be providing vague and uncertain responses, which do not strongly support either side. The witness's lack of specific details and the use of phrases like 'I don't know for sure' and 'I can't give you a date' suggest a neutral stance."",
    ""Commitment_value"": ""3"",
    ""quality_rate"": ""0"",
    ""consistency_value"": ""0"",
    ""relevance_rate"": ""2"",
    ""manner_rate"": ""2"",
    ""outcome_value"": ""Witness"",
    ""outcome_reason"": ""2""
}
```","The witness appears to be providing vague and uncertain responses, which do not strongly support either side. The witness's lack of specific details and the use of phrases like 'I don't know for sure' and 'I can't give you a date' suggest a neutral stance.",3,0,0,2,2,Witness,2,0,0,0,0.8666666666666667,0.5,0.0,8.0,7.6,-0.5971727605189745,-0.7124901628987147,-0.0880512079236453,0.1153174023797402
Q/A,"NOW, YOUR RELATIONSHIP WITH O.J. YOU SAID WAS AS A FRIEND.WERE YOU PART OF HIS DAY-TO-DAY LIFE?",NO.,,DEFENSE,P_WITNESS,"### Summary of Facts Discussed in the Dialogue

#### Defense Side:
1. **Relationship Status**:
   - Nicole was divorced from O.J. Simpson when she first met the witness.
   - Nicole was dating other men during this time, and O.J. was aware of it.
   - O.J. did not express any concerns or anger about Nicole dating other men.

2. **Interactions Between O.J. and Nicole**:
   - The witness was present when Nicole visited O.J. at his Rockingham house.
   - There was no physical contact observed between O.J. and Nicole; no hitting, pushing, or shoving was reported.

3. **Timeline of Relationship**:
   - The relationship between O.J. and Nicole was described as ""off and on"" around February and March 1994.
   - The witness learned that O.J. had mentioned it wasn't working out with Nicole at some point, possibly in March.

4. **Witness's Relationship with O.J.**:
   - The witness described their relationship with O.J. as a friendship but not part of his day-to-day life.
   - The witness did not know O.J.'s daily activities or whereabouts.

5. **O.J.'s Demeanor**:
   - On June 12th, O.J. appeared normal, not angry, agitated, depressed, or preoccupied.
   - The witness saw O.J. later that evening and reported he still seemed fine and had no issues bothering him.

6. **Blood Evidence**:
   - The witness did not see any blood at the front of the driveway or while walking to the limousine at 11:00 PM.
   - The witness only became aware of blood after police officers pointed it out the next morning.
   - No injuries or bleeding were observed on O.J.'s left index finger at the last sighting.

#### Prosecution Side:
- The prosecution did not present direct evidence in this dialogue but objected to the defense's line of questioning regarding speculation about the relationship dynamics and physical interactions between O.J. and Nicole.

### Conflicts and Disagreements:
1. **Nature of Relationship**:
   - The defense emphasizes that O.J. was not concerned about Nicole's dating life, while the prosecution may imply that there were underlying issues in their relationship.

2. **Physical Interactions**:
   - The defense asserts that there was no physical violence or contact between O.J. and Nicole, which could conflict with any prosecution claims of domestic violence or aggression.

3. **O.J.'s State of Mind**:
   - The defense portrays O.J. as calm and normal during the critical times, while the prosecution may argue that his demeanor could mask deeper issues or guilt.

4. **Blood Evidence**:
   - The defense claims the witness did not see any blood, which could contradict any prosecution narrative that suggests O.J. was involved in a violent incident.

Overall, the dialogue presents a defense focused on establishing O.J.'s non-violent behavior and normal demeanor, while the prosecution's objections suggest they may be trying to challenge the credibility of the witness's observations and the implications of the relationship dynamics.","Previous Context Summary:
In the court conversation, the defense and prosecution presented contrasting claims regarding the relationship between O.J. Simpson and Nicole Brown.

1. **Important Claims:**
   - **Defense's Claim:** The defense aimed to establish that O.J. Simpson was not concerned about Nicole dating other men after their divorce, suggesting that he did not exhibit jealousy or anger towards her relationships. They sought to portray O.J. as having a non-confrontational attitude towards Nicole's dating life and to imply that there was no history of physical abuse.
   - **Prosecution's Claim:** While the prosecution did not present a direct claim in this excerpt, their objection to the defense's line of questioning about the nature of O.J. and Nicole's relationship indicates they may be trying to highlight potential issues of domestic violence or emotional turmoil in their past interactions.

2. **Conflicts and Disagreements:**
   - The primary conflict arises from the defense's portrayal of O.J. as calm and unconcerned about Nicole's dating life, contrasting with the prosecution's likely intention to suggest that there were underlying issues in their relationship that could indicate a motive for violence. The defense's questioning aimed to minimize any perceived threat O.J. posed to Nicole, while the prosecution's objections suggest they are focused on the implications of their relationship dynamics, potentially hinting at a history of conflict or abuse.

Recent Exchanges:
DEFENSE: YES.
P_WITNESS: YES.

DEFENSE: AND HOW DID THEY SEEM TO GET ALONG?
nan: nan

PROSECUTION: OBJECTION, SPECULATION, YOUR HONOR.
nan: nan

COURT: OVERRULED.
nan: nan

DEFENSE: DID YOU EVER SEE ANY PHYSICAL CONTACT BETWEEN THE TWO OF THEM?
P_WITNESS: I -- HE DIDN'T HIT HER. THERE WAS NO PHYSICAL CONTACT?

DEFENSE: DID YOU SEE ANY PHYSICAL CONTACT AT ALL?
P_WITNESS: NO.

DEFENSE: ANY PUSHING, SHOVING?
P_WITNESS: NO.

DEFENSE: NOW, DURING THE PERIOD OF TIME IN FEBRUARY AND MARCH 1994, WERE O.J. AND NICOLE STILL DATING AND WAS SHE STILL TRYING TO GET BACK TOGETHER WITH HIM?
P_WITNESS: I DON'T KNOW FOR SURE. IT WAS OFF AND ON, SO IT COULD HAVE BEEN.

DEFENSE: AT SOME POINT IN TIME DID YOU LEARN THAT O.J. HAD SAID THAT IT WASN'T WORKING OUT WITH NICOLE AND THAT THEY WERE GOING TO GO THEIR OWN SEPARATE WAYS?
P_WITNESS: AT SOME POINT, YES.

DEFENSE: DO YOU RECALL PRECISELY WHEN THAT WAS?
P_WITNESS: GOSH, PRECISELY? NOT PRECISELY, BUT -- IT COULD HAVE BEEN MARCH, BUT I CAN'T GIVE YOU A DATE.

Current Exchange:
DEFENSE: NOW, YOUR RELATIONSHIP WITH O.J. YOU SAID WAS AS A FRIEND.WERE YOU PART OF HIS DAY-TO-DAY LIFE?
P_WITNESS: NO.",simpson_prosecution_9,"Brian ""kato"" Kaelin","Brian ""Kato"" Kaelin was a witness for the prosecution in the 1995 O.J. Simpson murder trial. His testimony was key because it contradicted Simpson's version of events","DEFENSE: AND THAT DURING THE PERIOD OF TIME WHEN YOU FIRST MET NICOLE, SHE WAS DIVORCED FROM O.J. SIMPSON?
P_WITNESS: YES.

DEFENSE: AND SHE WAS DATING OTHER MEN?
P_WITNESS: YES.

DEFENSE: AND WAS HE (O.J.) AWARE THAT SHE WAS DATING OTHER MEN?
P_WITNESS: YES.

DEFENSE: AND DID HE EVER VOICE ANY CONCERNS ABOUT THAT?
P_WITNESS: NO.

DEFENSE: DID HE EVER SHOW ANY ANGER OR UPSET -- BEING UPSET AT THE FACT THAT SHE WAS DATING OTHER MEN?
P_WITNESS: NO.

DEFENSE: DID YOU EVER DISCUSS WITH O.J. WHAT YOUR RELATIONSHIP WAS WITH NICOLE?
P_WITNESS: NO.

DEFENSE: WAS IT EVER A CONCERN OF HIS?
P_WITNESS: NO.

DEFENSE: WERE YOU EVER PRESENT WHEN NICOLE WOULD COME OVER AND VISIT O.J. AT HIS ROCKINGHAM HOUSE?
P_WITNESS: WHEN I WAS THERE?

DEFENSE: YES.
P_WITNESS: YES.

DEFENSE: AND HOW DID THEY SEEM TO GET ALONG?
nan: nan

PROSECUTION: OBJECTION, SPECULATION, YOUR HONOR.
nan: nan

COURT: OVERRULED.
nan: nan

DEFENSE: DID YOU EVER SEE ANY PHYSICAL CONTACT BETWEEN THE TWO OF THEM?
P_WITNESS: I -- HE DIDN'T HIT HER. THERE WAS NO PHYSICAL CONTACT?

DEFENSE: DID YOU SEE ANY PHYSICAL CONTACT AT ALL?
P_WITNESS: NO.

DEFENSE: ANY PUSHING, SHOVING?
P_WITNESS: NO.

DEFENSE: NOW, DURING THE PERIOD OF TIME IN FEBRUARY AND MARCH 1994, WERE O.J. AND NICOLE STILL DATING AND WAS SHE STILL TRYING TO GET BACK TOGETHER WITH HIM?
P_WITNESS: I DON'T KNOW FOR SURE. IT WAS OFF AND ON, SO IT COULD HAVE BEEN.

DEFENSE: AT SOME POINT IN TIME DID YOU LEARN THAT O.J. HAD SAID THAT IT WASN'T WORKING OUT WITH NICOLE AND THAT THEY WERE GOING TO GO THEIR OWN SEPARATE WAYS?
P_WITNESS: AT SOME POINT, YES.

DEFENSE: DO YOU RECALL PRECISELY WHEN THAT WAS?
P_WITNESS: GOSH, PRECISELY? NOT PRECISELY, BUT -- IT COULD HAVE BEEN MARCH, BUT I CAN'T GIVE YOU A DATE.

DEFENSE: NOW, YOUR RELATIONSHIP WITH O.J. YOU SAID WAS AS A FRIEND.WERE YOU PART OF HIS DAY-TO-DAY LIFE?
","```json
{
    ""belief"": ""The witness's response is neutral and does not provide any new information that significantly benefits either side. The response is clear but does not add much to the ongoing cross-examination."",
    ""Commitment_value"": ""3"",
    ""quality_rate"": ""1"",
    ""consistency_value"": ""1"",
    ""relevance_rate"": ""2"",
    ""manner_rate"": ""2"",
    ""outcome_value"": ""Witness"",
    ""outcome_reason"": ""2""
}
```",The witness's response is neutral and does not provide any new information that significantly benefits either side. The response is clear but does not add much to the ongoing cross-examination.,3,1,1,2,2,Witness,2,0,0,0,0.875,0.5,1.7000000000000002,8.5,9.3,-0.522938577581533,-0.5413045552927106,-0.0172573138072086,0.0183659777111776
Q/A,WOULD YOU TALK TO HIM ON A DAY-TO-DAY BASIS?,NO.,,DEFENSE,P_WITNESS,"### Summary of Facts Discussed in the Dialogue

#### Defense Side:
1. **Relationship Status**:
   - Nicole was divorced from O.J. Simpson when she first met the witness.
   - Nicole was dating other men during this time, and O.J. was aware of it.
   - O.J. did not express any concerns or anger about Nicole dating other men.

2. **Interactions Between O.J. and Nicole**:
   - The witness was present when Nicole visited O.J. at his Rockingham house.
   - There was no physical contact observed between O.J. and Nicole; no hitting, pushing, or shoving was reported.

3. **Timeline of Relationship**:
   - The relationship between O.J. and Nicole was described as ""off and on"" around February and March 1994.
   - The witness learned that O.J. had mentioned it wasn't working out with Nicole at some point, possibly in March.

4. **Witness's Relationship with O.J.**:
   - The witness described their relationship with O.J. as a friendship but not part of his day-to-day life.
   - The witness did not know O.J.'s daily activities or whereabouts.

5. **O.J.'s Demeanor**:
   - On June 12th, O.J. appeared normal, not angry, agitated, depressed, or preoccupied.
   - The witness saw O.J. later that evening and reported he still seemed fine and had no issues bothering him.

6. **Blood Evidence**:
   - The witness did not see any blood at the front of the driveway or while walking to the limousine at 11:00 PM.
   - The witness only became aware of blood after police officers pointed it out the next morning.
   - No injuries or bleeding were observed on O.J.'s left index finger at the last sighting.

#### Prosecution Side:
- The prosecution did not present direct evidence in this dialogue but objected to the defense's line of questioning regarding speculation about the relationship dynamics and physical interactions between O.J. and Nicole.

### Conflicts and Disagreements:
1. **Nature of Relationship**:
   - The defense emphasizes that O.J. was not concerned about Nicole's dating life, while the prosecution may imply that there were underlying issues in their relationship.

2. **Physical Interactions**:
   - The defense asserts that there was no physical violence or contact between O.J. and Nicole, which could conflict with any prosecution claims of domestic violence or aggression.

3. **O.J.'s State of Mind**:
   - The defense portrays O.J. as calm and normal during the critical times, while the prosecution may argue that his demeanor could mask deeper issues or guilt.

4. **Blood Evidence**:
   - The defense claims the witness did not see any blood, which could contradict any prosecution narrative that suggests O.J. was involved in a violent incident.

Overall, the dialogue presents a defense focused on establishing O.J.'s non-violent behavior and normal demeanor, while the prosecution's objections suggest they may be trying to challenge the credibility of the witness's observations and the implications of the relationship dynamics.","Previous Context Summary:
In the court conversation, the defense and prosecution presented contrasting claims regarding the relationship between O.J. Simpson and Nicole Brown.

1. **Important Claims:**
   - **Defense's Claim:** The defense aimed to establish that O.J. Simpson was not concerned about Nicole dating other men after their divorce, suggesting that he did not exhibit jealousy or anger towards her relationships. They sought to portray O.J. as having a non-confrontational attitude towards Nicole's dating life and to imply that there was no history of physical abuse.
   - **Prosecution's Claim:** While the prosecution did not present a direct claim in this excerpt, their objection to the defense's line of questioning about the nature of O.J. and Nicole's relationship indicates they may be trying to highlight potential issues of domestic violence or emotional turmoil that contradict the defense's portrayal.

2. **Conflicts and Disagreements:**
   - The primary conflict arises from the defense's attempt to paint a picture of a benign relationship between O.J. and Nicole, while the prosecution likely aims to suggest that there were underlying issues, possibly including jealousy or abuse. The defense's questioning about the absence of physical contact and O.J.'s lack of concern about Nicole's dating life contrasts with the prosecution's potential narrative of a troubled relationship.
   - Additionally, there is a disagreement over the witness's knowledge of the timeline and nature of O.J. and Nicole's relationship, particularly during the critical months of February and March 1994, where the witness admits uncertainty about the status of their relationship, which could be pivotal in establishing the context of the events leading up to the incident in question.

Recent Exchanges:
DEFENSE: AND HOW DID THEY SEEM TO GET ALONG?
nan: nan

PROSECUTION: OBJECTION, SPECULATION, YOUR HONOR.
nan: nan

COURT: OVERRULED.
nan: nan

DEFENSE: DID YOU EVER SEE ANY PHYSICAL CONTACT BETWEEN THE TWO OF THEM?
P_WITNESS: I -- HE DIDN'T HIT HER. THERE WAS NO PHYSICAL CONTACT?

DEFENSE: DID YOU SEE ANY PHYSICAL CONTACT AT ALL?
P_WITNESS: NO.

DEFENSE: ANY PUSHING, SHOVING?
P_WITNESS: NO.

DEFENSE: NOW, DURING THE PERIOD OF TIME IN FEBRUARY AND MARCH 1994, WERE O.J. AND NICOLE STILL DATING AND WAS SHE STILL TRYING TO GET BACK TOGETHER WITH HIM?
P_WITNESS: I DON'T KNOW FOR SURE. IT WAS OFF AND ON, SO IT COULD HAVE BEEN.

DEFENSE: AT SOME POINT IN TIME DID YOU LEARN THAT O.J. HAD SAID THAT IT WASN'T WORKING OUT WITH NICOLE AND THAT THEY WERE GOING TO GO THEIR OWN SEPARATE WAYS?
P_WITNESS: AT SOME POINT, YES.

DEFENSE: DO YOU RECALL PRECISELY WHEN THAT WAS?
P_WITNESS: GOSH, PRECISELY? NOT PRECISELY, BUT -- IT COULD HAVE BEEN MARCH, BUT I CAN'T GIVE YOU A DATE.

DEFENSE: NOW, YOUR RELATIONSHIP WITH O.J. YOU SAID WAS AS A FRIEND.WERE YOU PART OF HIS DAY-TO-DAY LIFE?
P_WITNESS: NO.

Current Exchange:
DEFENSE: WOULD YOU TALK TO HIM ON A DAY-TO-DAY BASIS?
P_WITNESS: NO.",simpson_prosecution_9,"Brian ""kato"" Kaelin","Brian ""Kato"" Kaelin was a witness for the prosecution in the 1995 O.J. Simpson murder trial. His testimony was key because it contradicted Simpson's version of events","DEFENSE: AND THAT DURING THE PERIOD OF TIME WHEN YOU FIRST MET NICOLE, SHE WAS DIVORCED FROM O.J. SIMPSON?
P_WITNESS: YES.

DEFENSE: AND SHE WAS DATING OTHER MEN?
P_WITNESS: YES.

DEFENSE: AND WAS HE (O.J.) AWARE THAT SHE WAS DATING OTHER MEN?
P_WITNESS: YES.

DEFENSE: AND DID HE EVER VOICE ANY CONCERNS ABOUT THAT?
P_WITNESS: NO.

DEFENSE: DID HE EVER SHOW ANY ANGER OR UPSET -- BEING UPSET AT THE FACT THAT SHE WAS DATING OTHER MEN?
P_WITNESS: NO.

DEFENSE: DID YOU EVER DISCUSS WITH O.J. WHAT YOUR RELATIONSHIP WAS WITH NICOLE?
P_WITNESS: NO.

DEFENSE: WAS IT EVER A CONCERN OF HIS?
P_WITNESS: NO.

DEFENSE: WERE YOU EVER PRESENT WHEN NICOLE WOULD COME OVER AND VISIT O.J. AT HIS ROCKINGHAM HOUSE?
P_WITNESS: WHEN I WAS THERE?

DEFENSE: YES.
P_WITNESS: YES.

DEFENSE: AND HOW DID THEY SEEM TO GET ALONG?
nan: nan

PROSECUTION: OBJECTION, SPECULATION, YOUR HONOR.
nan: nan

COURT: OVERRULED.
nan: nan

DEFENSE: DID YOU EVER SEE ANY PHYSICAL CONTACT BETWEEN THE TWO OF THEM?
P_WITNESS: I -- HE DIDN'T HIT HER. THERE WAS NO PHYSICAL CONTACT?

DEFENSE: DID YOU SEE ANY PHYSICAL CONTACT AT ALL?
P_WITNESS: NO.

DEFENSE: ANY PUSHING, SHOVING?
P_WITNESS: NO.

DEFENSE: NOW, DURING THE PERIOD OF TIME IN FEBRUARY AND MARCH 1994, WERE O.J. AND NICOLE STILL DATING AND WAS SHE STILL TRYING TO GET BACK TOGETHER WITH HIM?
P_WITNESS: I DON'T KNOW FOR SURE. IT WAS OFF AND ON, SO IT COULD HAVE BEEN.

DEFENSE: AT SOME POINT IN TIME DID YOU LEARN THAT O.J. HAD SAID THAT IT WASN'T WORKING OUT WITH NICOLE AND THAT THEY WERE GOING TO GO THEIR OWN SEPARATE WAYS?
P_WITNESS: AT SOME POINT, YES.

DEFENSE: DO YOU RECALL PRECISELY WHEN THAT WAS?
P_WITNESS: GOSH, PRECISELY? NOT PRECISELY, BUT -- IT COULD HAVE BEEN MARCH, BUT I CAN'T GIVE YOU A DATE.

DEFENSE: NOW, YOUR RELATIONSHIP WITH O.J. YOU SAID WAS AS A FRIEND.WERE YOU PART OF HIS DAY-TO-DAY LIFE?
P_WITNESS: NO.

DEFENSE: WOULD YOU TALK TO HIM ON A DAY-TO-DAY BASIS?
","```json
{
    ""belief"": ""The witness continues to provide neutral and consistent responses, which do not significantly benefit either side. The witness's commitment level is low, and the responses are clear but not particularly relevant to the immediate question."",
    ""Commitment_value"": ""3"",
    ""quality_rate"": ""1"",
    ""consistency_value"": ""0"",
    ""relevance_rate"": ""2"",
    ""manner_rate"": ""2"",
    ""outcome_value"": ""Witness"",
    ""outcome_reason"": ""2""
}
```","The witness continues to provide neutral and consistent responses, which do not significantly benefit either side. The witness's commitment level is low, and the responses are clear but not particularly relevant to the immediate question.",3,1,0,2,2,Witness,2,0,0,0,0.8823529411764706,0.5,0.0,9.0,9.3,-0.4487043946440913,-0.5413045552927106,-0.0935346702214464,0.0926001606486192
Q/A,DID YOU KNOW HIS COMINGS AND GOINGS?,NO.,,DEFENSE,P_WITNESS,"### Summary of Facts Discussed in the Dialogue

#### Defense Side:
1. **Relationship Status**:
   - Nicole was divorced from O.J. Simpson when she first met the witness.
   - Nicole was dating other men during this time, and O.J. was aware of it.
   - O.J. did not express any concerns or anger about Nicole dating other men.

2. **Interactions Between O.J. and Nicole**:
   - The witness was present when Nicole visited O.J. at his Rockingham house.
   - There was no physical contact observed between O.J. and Nicole; no hitting, pushing, or shoving was reported.

3. **Timeline of Relationship**:
   - The relationship between O.J. and Nicole was described as ""off and on"" around February and March 1994.
   - The witness learned that O.J. had mentioned it wasn't working out with Nicole at some point, possibly in March.

4. **Witness's Relationship with O.J.**:
   - The witness described their relationship with O.J. as a friendship but not part of his day-to-day life.
   - The witness did not know O.J.'s daily activities or whereabouts.

5. **O.J.'s Demeanor**:
   - On June 12th, O.J. appeared normal, not angry, agitated, depressed, or preoccupied.
   - The witness saw O.J. later that evening and reported he still seemed fine and had no issues bothering him.

6. **Blood Evidence**:
   - The witness did not see any blood at the front of the driveway or while walking to the limousine at 11:00 PM.
   - The witness only became aware of blood after police officers pointed it out the next morning.
   - No injuries or bleeding were observed on O.J.'s left index finger at the last sighting.

#### Prosecution Side:
- The prosecution did not present direct evidence in this dialogue but objected to the defense's line of questioning regarding speculation about the relationship dynamics and physical interactions between O.J. and Nicole.

### Conflicts and Disagreements:
1. **Nature of Relationship**:
   - The defense emphasizes that O.J. was not concerned about Nicole's dating life, while the prosecution may imply that there were underlying issues in their relationship.

2. **Physical Interactions**:
   - The defense asserts that there was no physical violence or contact between O.J. and Nicole, which could conflict with any prosecution claims of domestic violence or aggression.

3. **O.J.'s State of Mind**:
   - The defense portrays O.J. as calm and normal during the critical times, while the prosecution may argue that his demeanor could mask deeper issues or guilt.

4. **Blood Evidence**:
   - The defense claims the witness did not see any blood, which could contradict any prosecution narrative that suggests O.J. was involved in a violent incident.

Overall, the dialogue presents a defense focused on establishing O.J.'s non-violent behavior and normal demeanor, while the prosecution's objections suggest they may be trying to challenge the credibility of the witness's observations and the implications of the relationship dynamics.","Previous Context Summary:
In the court conversation, the defense and prosecution presented contrasting claims regarding the relationship between O.J. Simpson and Nicole Brown.

1. **Important Claims:**
   - **Defense's Claim:** The defense aimed to establish that O.J. Simpson was not concerned about Nicole dating other men after their divorce, suggesting that he did not exhibit jealousy or anger towards her relationships. They sought to portray O.J. as having a non-confrontational attitude towards Nicole's dating life and to imply that there was no history of physical abuse.
   - **Prosecution's Claim:** While the prosecution did not present a direct claim in this excerpt, their objection to the defense's line of questioning about the nature of O.J. and Nicole's relationship indicates they may be trying to highlight potential issues of domestic violence or emotional turmoil that could contradict the defense's portrayal.

2. **Conflicts and Disagreements:**
   - The primary conflict arises from the defense's attempt to paint a picture of a benign relationship between O.J. and Nicole, while the prosecution seems to be focused on underlying tensions and potential abuse. The defense's questioning suggests that O.J. was indifferent to Nicole's dating life, while the prosecution's objections imply that there may be more complexity to their relationship that the defense is trying to downplay.
   - Additionally, there is a disagreement about the witness's knowledge of the relationship dynamics, particularly regarding the timeline of O.J. and Nicole's interactions and whether they were trying to reconcile, which the witness could not definitively confirm. This uncertainty could be leveraged by the prosecution to suggest that the relationship was more complicated than the defense claims.

Recent Exchanges:
PROSECUTION: OBJECTION, SPECULATION, YOUR HONOR.
nan: nan

COURT: OVERRULED.
nan: nan

DEFENSE: DID YOU EVER SEE ANY PHYSICAL CONTACT BETWEEN THE TWO OF THEM?
P_WITNESS: I -- HE DIDN'T HIT HER. THERE WAS NO PHYSICAL CONTACT?

DEFENSE: DID YOU SEE ANY PHYSICAL CONTACT AT ALL?
P_WITNESS: NO.

DEFENSE: ANY PUSHING, SHOVING?
P_WITNESS: NO.

DEFENSE: NOW, DURING THE PERIOD OF TIME IN FEBRUARY AND MARCH 1994, WERE O.J. AND NICOLE STILL DATING AND WAS SHE STILL TRYING TO GET BACK TOGETHER WITH HIM?
P_WITNESS: I DON'T KNOW FOR SURE. IT WAS OFF AND ON, SO IT COULD HAVE BEEN.

DEFENSE: AT SOME POINT IN TIME DID YOU LEARN THAT O.J. HAD SAID THAT IT WASN'T WORKING OUT WITH NICOLE AND THAT THEY WERE GOING TO GO THEIR OWN SEPARATE WAYS?
P_WITNESS: AT SOME POINT, YES.

DEFENSE: DO YOU RECALL PRECISELY WHEN THAT WAS?
P_WITNESS: GOSH, PRECISELY? NOT PRECISELY, BUT -- IT COULD HAVE BEEN MARCH, BUT I CAN'T GIVE YOU A DATE.

DEFENSE: NOW, YOUR RELATIONSHIP WITH O.J. YOU SAID WAS AS A FRIEND.WERE YOU PART OF HIS DAY-TO-DAY LIFE?
P_WITNESS: NO.

DEFENSE: WOULD YOU TALK TO HIM ON A DAY-TO-DAY BASIS?
P_WITNESS: NO.

Current Exchange:
DEFENSE: DID YOU KNOW HIS COMINGS AND GOINGS?
P_WITNESS: NO.",simpson_prosecution_9,"Brian ""kato"" Kaelin","Brian ""Kato"" Kaelin was a witness for the prosecution in the 1995 O.J. Simpson murder trial. His testimony was key because it contradicted Simpson's version of events","DEFENSE: AND THAT DURING THE PERIOD OF TIME WHEN YOU FIRST MET NICOLE, SHE WAS DIVORCED FROM O.J. SIMPSON?
P_WITNESS: YES.

DEFENSE: AND SHE WAS DATING OTHER MEN?
P_WITNESS: YES.

DEFENSE: AND WAS HE (O.J.) AWARE THAT SHE WAS DATING OTHER MEN?
P_WITNESS: YES.

DEFENSE: AND DID HE EVER VOICE ANY CONCERNS ABOUT THAT?
P_WITNESS: NO.

DEFENSE: DID HE EVER SHOW ANY ANGER OR UPSET -- BEING UPSET AT THE FACT THAT SHE WAS DATING OTHER MEN?
P_WITNESS: NO.

DEFENSE: DID YOU EVER DISCUSS WITH O.J. WHAT YOUR RELATIONSHIP WAS WITH NICOLE?
P_WITNESS: NO.

DEFENSE: WAS IT EVER A CONCERN OF HIS?
P_WITNESS: NO.

DEFENSE: WERE YOU EVER PRESENT WHEN NICOLE WOULD COME OVER AND VISIT O.J. AT HIS ROCKINGHAM HOUSE?
P_WITNESS: WHEN I WAS THERE?

DEFENSE: YES.
P_WITNESS: YES.

DEFENSE: AND HOW DID THEY SEEM TO GET ALONG?
nan: nan

PROSECUTION: OBJECTION, SPECULATION, YOUR HONOR.
nan: nan

COURT: OVERRULED.
nan: nan

DEFENSE: DID YOU EVER SEE ANY PHYSICAL CONTACT BETWEEN THE TWO OF THEM?
P_WITNESS: I -- HE DIDN'T HIT HER. THERE WAS NO PHYSICAL CONTACT?

DEFENSE: DID YOU SEE ANY PHYSICAL CONTACT AT ALL?
P_WITNESS: NO.

DEFENSE: ANY PUSHING, SHOVING?
P_WITNESS: NO.

DEFENSE: NOW, DURING THE PERIOD OF TIME IN FEBRUARY AND MARCH 1994, WERE O.J. AND NICOLE STILL DATING AND WAS SHE STILL TRYING TO GET BACK TOGETHER WITH HIM?
P_WITNESS: I DON'T KNOW FOR SURE. IT WAS OFF AND ON, SO IT COULD HAVE BEEN.

DEFENSE: AT SOME POINT IN TIME DID YOU LEARN THAT O.J. HAD SAID THAT IT WASN'T WORKING OUT WITH NICOLE AND THAT THEY WERE GOING TO GO THEIR OWN SEPARATE WAYS?
P_WITNESS: AT SOME POINT, YES.

DEFENSE: DO YOU RECALL PRECISELY WHEN THAT WAS?
P_WITNESS: GOSH, PRECISELY? NOT PRECISELY, BUT -- IT COULD HAVE BEEN MARCH, BUT I CAN'T GIVE YOU A DATE.

DEFENSE: NOW, YOUR RELATIONSHIP WITH O.J. YOU SAID WAS AS A FRIEND.WERE YOU PART OF HIS DAY-TO-DAY LIFE?
P_WITNESS: NO.

DEFENSE: WOULD YOU TALK TO HIM ON A DAY-TO-DAY BASIS?
P_WITNESS: NO.

DEFENSE: DID YOU KNOW HIS COMINGS AND GOINGS?
","```json
{
    ""belief"": ""The witness continues to provide neutral and consistent responses, which do not significantly benefit either side. The witness's lack of detailed knowledge about O.J.'s daily life and comings and goings is consistent with previous testimony and does not provide new information that would sway the jury."",
    ""Commitment_value"": ""3"",
    ""quality_rate"": ""1"",
    ""consistency_value"": ""1"",
    ""relevance_rate"": ""2"",
    ""manner_rate"": ""2"",
    ""outcome_value"": ""Witness"",
    ""outcome_reason"": ""2""
}
```","The witness continues to provide neutral and consistent responses, which do not significantly benefit either side. The witness's lack of detailed knowledge about O.J.'s daily life and comings and goings is consistent with previous testimony and does not provide new information that would sway the jury.",3,1,1,2,2,Witness,2,0,0,0,0.8888888888888888,0.5,1.9,9.5,11.2,-0.3744702117066498,-0.3499794644389414,0.033806002092527,-0.0244907472677083
Q/A,SO YOU WOULDN'T BE GENERALLY AWARE AT ANY POINT IN TIME WHERE HE WAS OR WHAT HE WAS DOING?,CORRECT.,,DEFENSE,P_WITNESS,"### Summary of Facts Discussed in the Dialogue

#### Defense Side:
1. **Relationship Status**:
   - Nicole was divorced from O.J. Simpson when she first met the witness.
   - Nicole was dating other men during this time, and O.J. was aware of it.
   - O.J. did not express any concerns or anger about Nicole dating other men.

2. **Interactions Between O.J. and Nicole**:
   - The witness was present when Nicole visited O.J. at his Rockingham house.
   - There was no physical contact observed between O.J. and Nicole; no hitting, pushing, or shoving was reported.

3. **Timeline of Relationship**:
   - The relationship between O.J. and Nicole was described as ""off and on"" around February and March 1994.
   - The witness learned that O.J. had mentioned it wasn't working out with Nicole at some point, possibly in March.

4. **Witness's Relationship with O.J.**:
   - The witness described their relationship with O.J. as a friendship but not part of his day-to-day life.
   - The witness did not know O.J.'s daily activities or whereabouts.

5. **O.J.'s Demeanor**:
   - On June 12th, O.J. appeared normal, not angry, agitated, depressed, or preoccupied.
   - The witness saw O.J. later that evening and reported he still seemed fine and had no issues bothering him.

6. **Blood Evidence**:
   - The witness did not see any blood at the front of the driveway or while walking to the limousine at 11:00 PM.
   - The witness only became aware of blood after police officers pointed it out the next morning.
   - No injuries or bleeding were observed on O.J.'s left index finger at the last sighting.

#### Prosecution Side:
- The prosecution did not present direct evidence in this dialogue but objected to the defense's line of questioning regarding speculation about the relationship dynamics and physical interactions between O.J. and Nicole.

### Conflicts and Disagreements:
1. **Nature of Relationship**:
   - The defense emphasizes that O.J. was not concerned about Nicole's dating life, while the prosecution may imply that there were underlying issues in their relationship.

2. **Physical Interactions**:
   - The defense asserts that there was no physical violence or contact between O.J. and Nicole, which could conflict with any prosecution claims of domestic violence or aggression.

3. **O.J.'s State of Mind**:
   - The defense portrays O.J. as calm and normal during the critical times, while the prosecution may argue that his demeanor could mask deeper issues or guilt.

4. **Blood Evidence**:
   - The defense claims the witness did not see any blood, which could contradict any prosecution narrative that suggests O.J. was involved in a violent incident.

Overall, the dialogue presents a defense focused on establishing O.J.'s non-violent behavior and normal demeanor, while the prosecution's objections suggest they may be trying to challenge the credibility of the witness's observations and the implications of the relationship dynamics.","Previous Context Summary:
In the court conversation, the key claims from each side are as follows:

1. **Defense's Claim**: The defense is attempting to establish that O.J. Simpson was not concerned about Nicole's dating life after their divorce, suggesting that there was no animosity or abusive behavior from O.J. towards Nicole. They emphasize that O.J. was aware of Nicole dating other men and did not express any anger or concern about it.

2. **Prosecution's Claim**: While the prosecution's specific claims are not detailed in the provided text, they object to the defense's line of questioning, indicating that they may be trying to challenge the relevance or reliability of the witness's testimony regarding O.J. and Nicole's relationship dynamics.

**Conflicts and Disagreements**: The primary conflict arises from the defense's portrayal of O.J. as non-confrontational and unconcerned about Nicole's relationships, which could imply a lack of motive for any alleged abusive behavior. The prosecution's objections suggest they may be trying to counter this narrative, possibly indicating that they believe there is more to the relationship that contradicts the defense's claims. The witness's uncertainty about the specifics of O.J. and Nicole's relationship during certain periods also highlights a lack of clarity that could be pivotal in the case.

Recent Exchanges:
COURT: OVERRULED.
nan: nan

DEFENSE: DID YOU EVER SEE ANY PHYSICAL CONTACT BETWEEN THE TWO OF THEM?
P_WITNESS: I -- HE DIDN'T HIT HER. THERE WAS NO PHYSICAL CONTACT?

DEFENSE: DID YOU SEE ANY PHYSICAL CONTACT AT ALL?
P_WITNESS: NO.

DEFENSE: ANY PUSHING, SHOVING?
P_WITNESS: NO.

DEFENSE: NOW, DURING THE PERIOD OF TIME IN FEBRUARY AND MARCH 1994, WERE O.J. AND NICOLE STILL DATING AND WAS SHE STILL TRYING TO GET BACK TOGETHER WITH HIM?
P_WITNESS: I DON'T KNOW FOR SURE. IT WAS OFF AND ON, SO IT COULD HAVE BEEN.

DEFENSE: AT SOME POINT IN TIME DID YOU LEARN THAT O.J. HAD SAID THAT IT WASN'T WORKING OUT WITH NICOLE AND THAT THEY WERE GOING TO GO THEIR OWN SEPARATE WAYS?
P_WITNESS: AT SOME POINT, YES.

DEFENSE: DO YOU RECALL PRECISELY WHEN THAT WAS?
P_WITNESS: GOSH, PRECISELY? NOT PRECISELY, BUT -- IT COULD HAVE BEEN MARCH, BUT I CAN'T GIVE YOU A DATE.

DEFENSE: NOW, YOUR RELATIONSHIP WITH O.J. YOU SAID WAS AS A FRIEND.WERE YOU PART OF HIS DAY-TO-DAY LIFE?
P_WITNESS: NO.

DEFENSE: WOULD YOU TALK TO HIM ON A DAY-TO-DAY BASIS?
P_WITNESS: NO.

DEFENSE: DID YOU KNOW HIS COMINGS AND GOINGS?
P_WITNESS: NO.

Current Exchange:
DEFENSE: SO YOU WOULDN'T BE GENERALLY AWARE AT ANY POINT IN TIME WHERE HE WAS OR WHAT HE WAS DOING?
P_WITNESS: CORRECT.",simpson_prosecution_9,"Brian ""kato"" Kaelin","Brian ""Kato"" Kaelin was a witness for the prosecution in the 1995 O.J. Simpson murder trial. His testimony was key because it contradicted Simpson's version of events","DEFENSE: AND THAT DURING THE PERIOD OF TIME WHEN YOU FIRST MET NICOLE, SHE WAS DIVORCED FROM O.J. SIMPSON?
P_WITNESS: YES.

DEFENSE: AND SHE WAS DATING OTHER MEN?
P_WITNESS: YES.

DEFENSE: AND WAS HE (O.J.) AWARE THAT SHE WAS DATING OTHER MEN?
P_WITNESS: YES.

DEFENSE: AND DID HE EVER VOICE ANY CONCERNS ABOUT THAT?
P_WITNESS: NO.

DEFENSE: DID HE EVER SHOW ANY ANGER OR UPSET -- BEING UPSET AT THE FACT THAT SHE WAS DATING OTHER MEN?
P_WITNESS: NO.

DEFENSE: DID YOU EVER DISCUSS WITH O.J. WHAT YOUR RELATIONSHIP WAS WITH NICOLE?
P_WITNESS: NO.

DEFENSE: WAS IT EVER A CONCERN OF HIS?
P_WITNESS: NO.

DEFENSE: WERE YOU EVER PRESENT WHEN NICOLE WOULD COME OVER AND VISIT O.J. AT HIS ROCKINGHAM HOUSE?
P_WITNESS: WHEN I WAS THERE?

DEFENSE: YES.
P_WITNESS: YES.

DEFENSE: AND HOW DID THEY SEEM TO GET ALONG?
nan: nan

PROSECUTION: OBJECTION, SPECULATION, YOUR HONOR.
nan: nan

COURT: OVERRULED.
nan: nan

DEFENSE: DID YOU EVER SEE ANY PHYSICAL CONTACT BETWEEN THE TWO OF THEM?
P_WITNESS: I -- HE DIDN'T HIT HER. THERE WAS NO PHYSICAL CONTACT?

DEFENSE: DID YOU SEE ANY PHYSICAL CONTACT AT ALL?
P_WITNESS: NO.

DEFENSE: ANY PUSHING, SHOVING?
P_WITNESS: NO.

DEFENSE: NOW, DURING THE PERIOD OF TIME IN FEBRUARY AND MARCH 1994, WERE O.J. AND NICOLE STILL DATING AND WAS SHE STILL TRYING TO GET BACK TOGETHER WITH HIM?
P_WITNESS: I DON'T KNOW FOR SURE. IT WAS OFF AND ON, SO IT COULD HAVE BEEN.

DEFENSE: AT SOME POINT IN TIME DID YOU LEARN THAT O.J. HAD SAID THAT IT WASN'T WORKING OUT WITH NICOLE AND THAT THEY WERE GOING TO GO THEIR OWN SEPARATE WAYS?
P_WITNESS: AT SOME POINT, YES.

DEFENSE: DO YOU RECALL PRECISELY WHEN THAT WAS?
P_WITNESS: GOSH, PRECISELY? NOT PRECISELY, BUT -- IT COULD HAVE BEEN MARCH, BUT I CAN'T GIVE YOU A DATE.

DEFENSE: NOW, YOUR RELATIONSHIP WITH O.J. YOU SAID WAS AS A FRIEND.WERE YOU PART OF HIS DAY-TO-DAY LIFE?
P_WITNESS: NO.

DEFENSE: WOULD YOU TALK TO HIM ON A DAY-TO-DAY BASIS?
P_WITNESS: NO.

DEFENSE: DID YOU KNOW HIS COMINGS AND GOINGS?
P_WITNESS: NO.

DEFENSE: SO YOU WOULDN'T BE GENERALLY AWARE AT ANY POINT IN TIME WHERE HE WAS OR WHAT HE WAS DOING?
","```json
{
    ""belief"": ""The witness continues to provide neutral and consistent responses, which do not significantly benefit either side. The response is clear but slightly irrelevant to the immediate question."",
    ""Commitment_value"": ""3"",
    ""quality_rate"": ""1"",
    ""consistency_value"": ""1"",
    ""relevance_rate"": ""2"",
    ""manner_rate"": ""2"",
    ""outcome_value"": ""Witness"",
    ""outcome_reason"": ""2""
}
```","The witness continues to provide neutral and consistent responses, which do not significantly benefit either side. The response is clear but slightly irrelevant to the immediate question.",3,1,1,2,2,Witness,2,0,0,0,0.8947368421052632,0.5,2.0,10.0,13.2,-0.3002360287692082,-0.1485846319612895,0.3378886269653712,-0.1516513968079186
Q/A,HOW WAS HE -- WHAT WAS HIS DEMEANOR LIKE AT 2:30 (ON JUNE 12TH)?,HE WAS FINE.,,DEFENSE,P_WITNESS,"### Summary of Facts Discussed in the Dialogue

#### Defense Side:
1. **Relationship Status**:
   - Nicole was divorced from O.J. Simpson when she first met the witness.
   - Nicole was dating other men during this time, and O.J. was aware of it.
   - O.J. did not express any concerns or anger about Nicole dating other men.

2. **Interactions Between O.J. and Nicole**:
   - The witness was present when Nicole visited O.J. at his Rockingham house.
   - There was no physical contact observed between O.J. and Nicole; no hitting, pushing, or shoving was reported.

3. **Timeline of Relationship**:
   - The relationship between O.J. and Nicole was described as ""off and on"" around February and March 1994.
   - The witness learned that O.J. had mentioned it wasn't working out with Nicole at some point, possibly in March.

4. **Witness's Relationship with O.J.**:
   - The witness described their relationship with O.J. as a friendship but not part of his day-to-day life.
   - The witness did not know O.J.'s daily activities or whereabouts.

5. **O.J.'s Demeanor**:
   - On June 12th, O.J. appeared normal, not angry, agitated, depressed, or preoccupied.
   - The witness saw O.J. later that evening and reported he still seemed fine and had no issues bothering him.

6. **Blood Evidence**:
   - The witness did not see any blood at the front of the driveway or while walking to the limousine at 11:00 PM.
   - The witness only became aware of blood after police officers pointed it out the next morning.
   - No injuries or bleeding were observed on O.J.'s left index finger at the last sighting.

#### Prosecution Side:
- The prosecution did not present direct evidence in this dialogue but objected to the defense's line of questioning regarding speculation about the relationship dynamics and physical interactions between O.J. and Nicole.

### Conflicts and Disagreements:
1. **Nature of Relationship**:
   - The defense emphasizes that O.J. was not concerned about Nicole's dating life, while the prosecution may imply that there were underlying issues in their relationship.

2. **Physical Interactions**:
   - The defense asserts that there was no physical violence or contact between O.J. and Nicole, which could conflict with any prosecution claims of domestic violence or aggression.

3. **O.J.'s State of Mind**:
   - The defense portrays O.J. as calm and normal during the critical times, while the prosecution may argue that his demeanor could mask deeper issues or guilt.

4. **Blood Evidence**:
   - The defense claims the witness did not see any blood, which could contradict any prosecution narrative that suggests O.J. was involved in a violent incident.

Overall, the dialogue presents a defense focused on establishing O.J.'s non-violent behavior and normal demeanor, while the prosecution's objections suggest they may be trying to challenge the credibility of the witness's observations and the implications of the relationship dynamics.","Previous Context Summary:
In the court conversation, the defense and prosecution presented conflicting claims regarding the relationship between O.J. Simpson and Nicole Brown.

1. **Important Claims:**
   - **Defense's Claim:** The defense aimed to establish that O.J. Simpson was not concerned about Nicole dating other men after their divorce, suggesting that he did not exhibit jealousy or anger towards her relationships. They also sought to show that there was no physical abuse in their interactions.
   - **Prosecution's Claim:** While the prosecution did not present a direct claim in this excerpt, their objection to the defense's line of questioning about the nature of O.J. and Nicole's relationship implies that they may be trying to establish a narrative of potential abuse or conflict.

2. **Conflicts and Disagreement:**
   - The defense and prosecution disagreed on the nature of O.J. and Nicole's relationship, particularly regarding O.J.'s feelings about Nicole dating other men and whether there was any physical contact or abuse. The defense's witness indicated that O.J. did not express concerns or show anger about Nicole's dating life, while the prosecution's objections suggest they may have evidence or arguments that contradict this portrayal.
   - Additionally, the witness's uncertainty about the timeline of O.J. and Nicole's relationship status during February and March 1994 introduces ambiguity, which could be a point of contention in establishing the dynamics of their relationship during that period.

Recent Exchanges:
DEFENSE: DID YOU EVER SEE ANY PHYSICAL CONTACT BETWEEN THE TWO OF THEM?
P_WITNESS: I -- HE DIDN'T HIT HER. THERE WAS NO PHYSICAL CONTACT?

DEFENSE: DID YOU SEE ANY PHYSICAL CONTACT AT ALL?
P_WITNESS: NO.

DEFENSE: ANY PUSHING, SHOVING?
P_WITNESS: NO.

DEFENSE: NOW, DURING THE PERIOD OF TIME IN FEBRUARY AND MARCH 1994, WERE O.J. AND NICOLE STILL DATING AND WAS SHE STILL TRYING TO GET BACK TOGETHER WITH HIM?
P_WITNESS: I DON'T KNOW FOR SURE. IT WAS OFF AND ON, SO IT COULD HAVE BEEN.

DEFENSE: AT SOME POINT IN TIME DID YOU LEARN THAT O.J. HAD SAID THAT IT WASN'T WORKING OUT WITH NICOLE AND THAT THEY WERE GOING TO GO THEIR OWN SEPARATE WAYS?
P_WITNESS: AT SOME POINT, YES.

DEFENSE: DO YOU RECALL PRECISELY WHEN THAT WAS?
P_WITNESS: GOSH, PRECISELY? NOT PRECISELY, BUT -- IT COULD HAVE BEEN MARCH, BUT I CAN'T GIVE YOU A DATE.

DEFENSE: NOW, YOUR RELATIONSHIP WITH O.J. YOU SAID WAS AS A FRIEND.WERE YOU PART OF HIS DAY-TO-DAY LIFE?
P_WITNESS: NO.

DEFENSE: WOULD YOU TALK TO HIM ON A DAY-TO-DAY BASIS?
P_WITNESS: NO.

DEFENSE: DID YOU KNOW HIS COMINGS AND GOINGS?
P_WITNESS: NO.

DEFENSE: SO YOU WOULDN'T BE GENERALLY AWARE AT ANY POINT IN TIME WHERE HE WAS OR WHAT HE WAS DOING?
P_WITNESS: CORRECT.

Current Exchange:
DEFENSE: HOW WAS HE -- WHAT WAS HIS DEMEANOR LIKE AT 2:30 (ON JUNE 12TH)?
P_WITNESS: HE WAS FINE.",simpson_prosecution_9,"Brian ""kato"" Kaelin","Brian ""Kato"" Kaelin was a witness for the prosecution in the 1995 O.J. Simpson murder trial. His testimony was key because it contradicted Simpson's version of events","DEFENSE: AND THAT DURING THE PERIOD OF TIME WHEN YOU FIRST MET NICOLE, SHE WAS DIVORCED FROM O.J. SIMPSON?
P_WITNESS: YES.

DEFENSE: AND SHE WAS DATING OTHER MEN?
P_WITNESS: YES.

DEFENSE: AND WAS HE (O.J.) AWARE THAT SHE WAS DATING OTHER MEN?
P_WITNESS: YES.

DEFENSE: AND DID HE EVER VOICE ANY CONCERNS ABOUT THAT?
P_WITNESS: NO.

DEFENSE: DID HE EVER SHOW ANY ANGER OR UPSET -- BEING UPSET AT THE FACT THAT SHE WAS DATING OTHER MEN?
P_WITNESS: NO.

DEFENSE: DID YOU EVER DISCUSS WITH O.J. WHAT YOUR RELATIONSHIP WAS WITH NICOLE?
P_WITNESS: NO.

DEFENSE: WAS IT EVER A CONCERN OF HIS?
P_WITNESS: NO.

DEFENSE: WERE YOU EVER PRESENT WHEN NICOLE WOULD COME OVER AND VISIT O.J. AT HIS ROCKINGHAM HOUSE?
P_WITNESS: WHEN I WAS THERE?

DEFENSE: YES.
P_WITNESS: YES.

DEFENSE: AND HOW DID THEY SEEM TO GET ALONG?
nan: nan

PROSECUTION: OBJECTION, SPECULATION, YOUR HONOR.
nan: nan

COURT: OVERRULED.
nan: nan

DEFENSE: DID YOU EVER SEE ANY PHYSICAL CONTACT BETWEEN THE TWO OF THEM?
P_WITNESS: I -- HE DIDN'T HIT HER. THERE WAS NO PHYSICAL CONTACT?

DEFENSE: DID YOU SEE ANY PHYSICAL CONTACT AT ALL?
P_WITNESS: NO.

DEFENSE: ANY PUSHING, SHOVING?
P_WITNESS: NO.

DEFENSE: NOW, DURING THE PERIOD OF TIME IN FEBRUARY AND MARCH 1994, WERE O.J. AND NICOLE STILL DATING AND WAS SHE STILL TRYING TO GET BACK TOGETHER WITH HIM?
P_WITNESS: I DON'T KNOW FOR SURE. IT WAS OFF AND ON, SO IT COULD HAVE BEEN.

DEFENSE: AT SOME POINT IN TIME DID YOU LEARN THAT O.J. HAD SAID THAT IT WASN'T WORKING OUT WITH NICOLE AND THAT THEY WERE GOING TO GO THEIR OWN SEPARATE WAYS?
P_WITNESS: AT SOME POINT, YES.

DEFENSE: DO YOU RECALL PRECISELY WHEN THAT WAS?
P_WITNESS: GOSH, PRECISELY? NOT PRECISELY, BUT -- IT COULD HAVE BEEN MARCH, BUT I CAN'T GIVE YOU A DATE.

DEFENSE: NOW, YOUR RELATIONSHIP WITH O.J. YOU SAID WAS AS A FRIEND.WERE YOU PART OF HIS DAY-TO-DAY LIFE?
P_WITNESS: NO.

DEFENSE: WOULD YOU TALK TO HIM ON A DAY-TO-DAY BASIS?
P_WITNESS: NO.

DEFENSE: DID YOU KNOW HIS COMINGS AND GOINGS?
P_WITNESS: NO.

DEFENSE: SO YOU WOULDN'T BE GENERALLY AWARE AT ANY POINT IN TIME WHERE HE WAS OR WHAT HE WAS DOING?
P_WITNESS: CORRECT.

DEFENSE: HOW WAS HE -- WHAT WAS HIS DEMEANOR LIKE AT 2:30 (ON JUNE 12TH)?
","```json
{
    ""belief"": ""The witness's response is neutral and does not provide much new information. The demeanor description is vague and does not significantly impact the case either way."",
    ""Commitment_value"": ""3"",
    ""quality_rate"": ""1"",
    ""consistency_value"": ""0"",
    ""relevance_rate"": ""2"",
    ""manner_rate"": ""2"",
    ""outcome_value"": ""Questioner"",
    ""outcome_reason"": ""2""
}
```",The witness's response is neutral and does not provide much new information. The demeanor description is vague and does not significantly impact the case either way.,3,1,0,2,2,Questioner,2,0,0,0,0.8,0.5,0.0,10.5,13.2,-0.2260018458317666,-0.1485846319612895,0.206673808212711,-0.077417213870477
Q/A,"WHEN YOU SAY ""FINE"" ���",HE WAS ���,,DEFENSE,P_WITNESS,"### Summary of Facts Discussed in the Dialogue

#### Defense Side:
1. **Relationship Status**:
   - Nicole was divorced from O.J. Simpson when she first met the witness.
   - Nicole was dating other men during this time, and O.J. was aware of it.
   - O.J. did not express any concerns or anger about Nicole dating other men.

2. **Interactions Between O.J. and Nicole**:
   - The witness was present when Nicole visited O.J. at his Rockingham house.
   - There was no physical contact observed between O.J. and Nicole; no hitting, pushing, or shoving was reported.

3. **Timeline of Relationship**:
   - The relationship between O.J. and Nicole was described as ""off and on"" around February and March 1994.
   - The witness learned that O.J. had mentioned it wasn't working out with Nicole at some point, possibly in March.

4. **Witness's Relationship with O.J.**:
   - The witness described their relationship with O.J. as a friendship but not part of his day-to-day life.
   - The witness did not know O.J.'s daily activities or whereabouts.

5. **O.J.'s Demeanor**:
   - On June 12th, O.J. appeared normal, not angry, agitated, depressed, or preoccupied.
   - The witness saw O.J. later that evening and reported he still seemed fine and had no issues bothering him.

6. **Blood Evidence**:
   - The witness did not see any blood at the front of the driveway or while walking to the limousine at 11:00 PM.
   - The witness only became aware of blood after police officers pointed it out the next morning.
   - No injuries or bleeding were observed on O.J.'s left index finger at the last sighting.

#### Prosecution Side:
- The prosecution did not present direct evidence in this dialogue but objected to the defense's line of questioning regarding speculation about the relationship dynamics and physical interactions between O.J. and Nicole.

### Conflicts and Disagreements:
1. **Nature of Relationship**:
   - The defense emphasizes that O.J. was not concerned about Nicole's dating life, while the prosecution may imply that there were underlying issues in their relationship.

2. **Physical Interactions**:
   - The defense asserts that there was no physical violence or contact between O.J. and Nicole, which could conflict with any prosecution claims of domestic violence or aggression.

3. **O.J.'s State of Mind**:
   - The defense portrays O.J. as calm and normal during the critical times, while the prosecution may argue that his demeanor could mask deeper issues or guilt.

4. **Blood Evidence**:
   - The defense claims the witness did not see any blood, which could contradict any prosecution narrative that suggests O.J. was involved in a violent incident.

Overall, the dialogue presents a defense focused on establishing O.J.'s non-violent behavior and normal demeanor, while the prosecution's objections suggest they may be trying to challenge the credibility of the witness's observations and the implications of the relationship dynamics.","Previous Context Summary:
In the court conversation, the defense and prosecution presented contrasting claims regarding the relationship between O.J. Simpson and Nicole Brown Simpson.

1. **Important Claims:**
   - **Defense:** The defense aimed to establish that O.J. Simpson was not concerned about Nicole dating other men after their divorce, suggesting that he did not exhibit jealousy or anger towards her relationships. They also sought to demonstrate that there was no physical abuse in their interactions.
   - **Prosecution:** While the prosecution did not present direct claims in this excerpt, their objections indicate a focus on the reliability of the witness's observations and the potential for speculation regarding the nature of O.J. and Nicole's relationship.

2. **Conflicts and Disagreement:**
   - The defense and prosecution disagreed on the interpretation of the witness's observations about O.J. and Nicole's relationship. The defense's line of questioning aimed to portray O.J. as non-confrontational and unconcerned about Nicole's dating life, while the prosecution's objection to speculation suggests they may have aimed to challenge the witness's credibility or the relevance of their testimony regarding O.J.'s demeanor and actions. Additionally, the witness's uncertainty about the timeline of O.J. and Nicole's relationship status introduced ambiguity that could be leveraged by either side.

Recent Exchanges:
DEFENSE: DID YOU SEE ANY PHYSICAL CONTACT AT ALL?
P_WITNESS: NO.

DEFENSE: ANY PUSHING, SHOVING?
P_WITNESS: NO.

DEFENSE: NOW, DURING THE PERIOD OF TIME IN FEBRUARY AND MARCH 1994, WERE O.J. AND NICOLE STILL DATING AND WAS SHE STILL TRYING TO GET BACK TOGETHER WITH HIM?
P_WITNESS: I DON'T KNOW FOR SURE. IT WAS OFF AND ON, SO IT COULD HAVE BEEN.

DEFENSE: AT SOME POINT IN TIME DID YOU LEARN THAT O.J. HAD SAID THAT IT WASN'T WORKING OUT WITH NICOLE AND THAT THEY WERE GOING TO GO THEIR OWN SEPARATE WAYS?
P_WITNESS: AT SOME POINT, YES.

DEFENSE: DO YOU RECALL PRECISELY WHEN THAT WAS?
P_WITNESS: GOSH, PRECISELY? NOT PRECISELY, BUT -- IT COULD HAVE BEEN MARCH, BUT I CAN'T GIVE YOU A DATE.

DEFENSE: NOW, YOUR RELATIONSHIP WITH O.J. YOU SAID WAS AS A FRIEND.WERE YOU PART OF HIS DAY-TO-DAY LIFE?
P_WITNESS: NO.

DEFENSE: WOULD YOU TALK TO HIM ON A DAY-TO-DAY BASIS?
P_WITNESS: NO.

DEFENSE: DID YOU KNOW HIS COMINGS AND GOINGS?
P_WITNESS: NO.

DEFENSE: SO YOU WOULDN'T BE GENERALLY AWARE AT ANY POINT IN TIME WHERE HE WAS OR WHAT HE WAS DOING?
P_WITNESS: CORRECT.

DEFENSE: HOW WAS HE -- WHAT WAS HIS DEMEANOR LIKE AT 2:30 (ON JUNE 12TH)?
P_WITNESS: HE WAS FINE.

Current Exchange:
DEFENSE: WHEN YOU SAY ""FINE"" ���
P_WITNESS: HE WAS ���",simpson_prosecution_9,"Brian ""kato"" Kaelin","Brian ""Kato"" Kaelin was a witness for the prosecution in the 1995 O.J. Simpson murder trial. His testimony was key because it contradicted Simpson's version of events","DEFENSE: AND THAT DURING THE PERIOD OF TIME WHEN YOU FIRST MET NICOLE, SHE WAS DIVORCED FROM O.J. SIMPSON?
P_WITNESS: YES.

DEFENSE: AND SHE WAS DATING OTHER MEN?
P_WITNESS: YES.

DEFENSE: AND WAS HE (O.J.) AWARE THAT SHE WAS DATING OTHER MEN?
P_WITNESS: YES.

DEFENSE: AND DID HE EVER VOICE ANY CONCERNS ABOUT THAT?
P_WITNESS: NO.

DEFENSE: DID HE EVER SHOW ANY ANGER OR UPSET -- BEING UPSET AT THE FACT THAT SHE WAS DATING OTHER MEN?
P_WITNESS: NO.

DEFENSE: DID YOU EVER DISCUSS WITH O.J. WHAT YOUR RELATIONSHIP WAS WITH NICOLE?
P_WITNESS: NO.

DEFENSE: WAS IT EVER A CONCERN OF HIS?
P_WITNESS: NO.

DEFENSE: WERE YOU EVER PRESENT WHEN NICOLE WOULD COME OVER AND VISIT O.J. AT HIS ROCKINGHAM HOUSE?
P_WITNESS: WHEN I WAS THERE?

DEFENSE: YES.
P_WITNESS: YES.

DEFENSE: AND HOW DID THEY SEEM TO GET ALONG?
nan: nan

PROSECUTION: OBJECTION, SPECULATION, YOUR HONOR.
nan: nan

COURT: OVERRULED.
nan: nan

DEFENSE: DID YOU EVER SEE ANY PHYSICAL CONTACT BETWEEN THE TWO OF THEM?
P_WITNESS: I -- HE DIDN'T HIT HER. THERE WAS NO PHYSICAL CONTACT?

DEFENSE: DID YOU SEE ANY PHYSICAL CONTACT AT ALL?
P_WITNESS: NO.

DEFENSE: ANY PUSHING, SHOVING?
P_WITNESS: NO.

DEFENSE: NOW, DURING THE PERIOD OF TIME IN FEBRUARY AND MARCH 1994, WERE O.J. AND NICOLE STILL DATING AND WAS SHE STILL TRYING TO GET BACK TOGETHER WITH HIM?
P_WITNESS: I DON'T KNOW FOR SURE. IT WAS OFF AND ON, SO IT COULD HAVE BEEN.

DEFENSE: AT SOME POINT IN TIME DID YOU LEARN THAT O.J. HAD SAID THAT IT WASN'T WORKING OUT WITH NICOLE AND THAT THEY WERE GOING TO GO THEIR OWN SEPARATE WAYS?
P_WITNESS: AT SOME POINT, YES.

DEFENSE: DO YOU RECALL PRECISELY WHEN THAT WAS?
P_WITNESS: GOSH, PRECISELY? NOT PRECISELY, BUT -- IT COULD HAVE BEEN MARCH, BUT I CAN'T GIVE YOU A DATE.

DEFENSE: NOW, YOUR RELATIONSHIP WITH O.J. YOU SAID WAS AS A FRIEND.WERE YOU PART OF HIS DAY-TO-DAY LIFE?
P_WITNESS: NO.

DEFENSE: WOULD YOU TALK TO HIM ON A DAY-TO-DAY BASIS?
P_WITNESS: NO.

DEFENSE: DID YOU KNOW HIS COMINGS AND GOINGS?
P_WITNESS: NO.

DEFENSE: SO YOU WOULDN'T BE GENERALLY AWARE AT ANY POINT IN TIME WHERE HE WAS OR WHAT HE WAS DOING?
P_WITNESS: CORRECT.

DEFENSE: HOW WAS HE -- WHAT WAS HIS DEMEANOR LIKE AT 2:30 (ON JUNE 12TH)?
P_WITNESS: HE WAS FINE.

DEFENSE: WHEN YOU SAY ""FINE"" ���
","```json
{
    ""belief"": ""The witness continues to provide neutral and vague responses, which do not significantly benefit either side. The defense can use this to suggest the witness is not a reliable source of information."",
    ""Commitment_value"": ""3"",
    ""quality_rate"": ""0"",
    ""consistency_value"": ""0"",
    ""relevance_rate"": ""1"",
    ""manner_rate"": ""2"",
    ""outcome_value"": ""Witness"",
    ""outcome_reason"": ""2""
}
```","The witness continues to provide neutral and vague responses, which do not significantly benefit either side. The defense can use this to suggest the witness is not a reliable source of information.",3,0,0,1,2,Witness,2,0,0,0,0.8095238095238095,0.5,0.0,11.0,13.2,-0.151767662894325,-0.1485846319612895,0.0105976581086739,-0.0031830309330354
Q/A,NORMAL O.J.?,"GOT DONE GOLFING, LIKE YOU ARE NOW, I GUESS. I GUESS NORMAL CONVERSATION.",,DEFENSE,P_WITNESS,"### Summary of Facts Discussed in the Dialogue

#### Defense Side:
1. **Relationship Status**:
   - Nicole was divorced from O.J. Simpson when she first met the witness.
   - Nicole was dating other men during this time, and O.J. was aware of it.
   - O.J. did not express any concerns or anger about Nicole dating other men.

2. **Interactions Between O.J. and Nicole**:
   - The witness was present when Nicole visited O.J. at his Rockingham house.
   - There was no physical contact observed between O.J. and Nicole; no hitting, pushing, or shoving was reported.

3. **Timeline of Relationship**:
   - The relationship between O.J. and Nicole was described as ""off and on"" around February and March 1994.
   - The witness learned that O.J. had mentioned it wasn't working out with Nicole at some point, possibly in March.

4. **Witness's Relationship with O.J.**:
   - The witness described their relationship with O.J. as a friendship but not part of his day-to-day life.
   - The witness did not know O.J.'s daily activities or whereabouts.

5. **O.J.'s Demeanor**:
   - On June 12th, O.J. appeared normal, not angry, agitated, depressed, or preoccupied.
   - The witness saw O.J. later that evening and reported he still seemed fine and had no issues bothering him.

6. **Blood Evidence**:
   - The witness did not see any blood at the front of the driveway or while walking to the limousine at 11:00 PM.
   - The witness only became aware of blood after police officers pointed it out the next morning.
   - No injuries or bleeding were observed on O.J.'s left index finger at the last sighting.

#### Prosecution Side:
- The prosecution did not present direct evidence in this dialogue but objected to the defense's line of questioning regarding speculation about the relationship dynamics and physical interactions between O.J. and Nicole.

### Conflicts and Disagreements:
1. **Nature of Relationship**:
   - The defense emphasizes that O.J. was not concerned about Nicole's dating life, while the prosecution may imply that there were underlying issues in their relationship.

2. **Physical Interactions**:
   - The defense asserts that there was no physical violence or contact between O.J. and Nicole, which could conflict with any prosecution claims of domestic violence or aggression.

3. **O.J.'s State of Mind**:
   - The defense portrays O.J. as calm and normal during the critical times, while the prosecution may argue that his demeanor could mask deeper issues or guilt.

4. **Blood Evidence**:
   - The defense claims the witness did not see any blood, which could contradict any prosecution narrative that suggests O.J. was involved in a violent incident.

Overall, the dialogue presents a defense focused on establishing O.J.'s non-violent behavior and normal demeanor, while the prosecution's objections suggest they may be trying to challenge the credibility of the witness's observations and the implications of the relationship dynamics.","Previous Context Summary:
In the court conversation, the defense and prosecution presented conflicting claims regarding the relationship between O.J. Simpson and Nicole Brown.

1. **Important Claims:**
   - **Defense's Claim:** The defense aimed to establish that O.J. Simpson was not concerned about Nicole dating other men after their divorce, suggesting that he did not exhibit jealousy or anger towards her relationships. They also sought to show that there was no physical abuse in their interactions.
   - **Prosecution's Claim:** While the prosecution did not present a direct claim in this excerpt, their objection to the defense's line of questioning about the witness's observations indicates they may be trying to highlight potential issues of domestic violence or emotional distress in the relationship.

2. **Conflicts and Disagreement:**
   - The defense and prosecution disagreed on the relevance and implications of the witness's observations regarding O.J. and Nicole's relationship. The defense's line of questioning aimed to portray O.J. as non-threatening and unconcerned about Nicole's dating life, while the prosecution's objection suggests they may be trying to frame the narrative around potential abuse or emotional turmoil in the relationship. Additionally, the witness's uncertainty about the status of O.J. and Nicole's relationship during specific periods introduces ambiguity that could be leveraged by either side.

Recent Exchanges:
DEFENSE: ANY PUSHING, SHOVING?
P_WITNESS: NO.

DEFENSE: NOW, DURING THE PERIOD OF TIME IN FEBRUARY AND MARCH 1994, WERE O.J. AND NICOLE STILL DATING AND WAS SHE STILL TRYING TO GET BACK TOGETHER WITH HIM?
P_WITNESS: I DON'T KNOW FOR SURE. IT WAS OFF AND ON, SO IT COULD HAVE BEEN.

DEFENSE: AT SOME POINT IN TIME DID YOU LEARN THAT O.J. HAD SAID THAT IT WASN'T WORKING OUT WITH NICOLE AND THAT THEY WERE GOING TO GO THEIR OWN SEPARATE WAYS?
P_WITNESS: AT SOME POINT, YES.

DEFENSE: DO YOU RECALL PRECISELY WHEN THAT WAS?
P_WITNESS: GOSH, PRECISELY? NOT PRECISELY, BUT -- IT COULD HAVE BEEN MARCH, BUT I CAN'T GIVE YOU A DATE.

DEFENSE: NOW, YOUR RELATIONSHIP WITH O.J. YOU SAID WAS AS A FRIEND.WERE YOU PART OF HIS DAY-TO-DAY LIFE?
P_WITNESS: NO.

DEFENSE: WOULD YOU TALK TO HIM ON A DAY-TO-DAY BASIS?
P_WITNESS: NO.

DEFENSE: DID YOU KNOW HIS COMINGS AND GOINGS?
P_WITNESS: NO.

DEFENSE: SO YOU WOULDN'T BE GENERALLY AWARE AT ANY POINT IN TIME WHERE HE WAS OR WHAT HE WAS DOING?
P_WITNESS: CORRECT.

DEFENSE: HOW WAS HE -- WHAT WAS HIS DEMEANOR LIKE AT 2:30 (ON JUNE 12TH)?
P_WITNESS: HE WAS FINE.

DEFENSE: WHEN YOU SAY ""FINE"" ���
P_WITNESS: HE WAS ���

Current Exchange:
DEFENSE: NORMAL O.J.?
P_WITNESS: GOT DONE GOLFING, LIKE YOU ARE NOW, I GUESS. I GUESS NORMAL CONVERSATION.",simpson_prosecution_9,"Brian ""kato"" Kaelin","Brian ""Kato"" Kaelin was a witness for the prosecution in the 1995 O.J. Simpson murder trial. His testimony was key because it contradicted Simpson's version of events","DEFENSE: AND THAT DURING THE PERIOD OF TIME WHEN YOU FIRST MET NICOLE, SHE WAS DIVORCED FROM O.J. SIMPSON?
P_WITNESS: YES.

DEFENSE: AND SHE WAS DATING OTHER MEN?
P_WITNESS: YES.

DEFENSE: AND WAS HE (O.J.) AWARE THAT SHE WAS DATING OTHER MEN?
P_WITNESS: YES.

DEFENSE: AND DID HE EVER VOICE ANY CONCERNS ABOUT THAT?
P_WITNESS: NO.

DEFENSE: DID HE EVER SHOW ANY ANGER OR UPSET -- BEING UPSET AT THE FACT THAT SHE WAS DATING OTHER MEN?
P_WITNESS: NO.

DEFENSE: DID YOU EVER DISCUSS WITH O.J. WHAT YOUR RELATIONSHIP WAS WITH NICOLE?
P_WITNESS: NO.

DEFENSE: WAS IT EVER A CONCERN OF HIS?
P_WITNESS: NO.

DEFENSE: WERE YOU EVER PRESENT WHEN NICOLE WOULD COME OVER AND VISIT O.J. AT HIS ROCKINGHAM HOUSE?
P_WITNESS: WHEN I WAS THERE?

DEFENSE: YES.
P_WITNESS: YES.

DEFENSE: AND HOW DID THEY SEEM TO GET ALONG?
nan: nan

PROSECUTION: OBJECTION, SPECULATION, YOUR HONOR.
nan: nan

COURT: OVERRULED.
nan: nan

DEFENSE: DID YOU EVER SEE ANY PHYSICAL CONTACT BETWEEN THE TWO OF THEM?
P_WITNESS: I -- HE DIDN'T HIT HER. THERE WAS NO PHYSICAL CONTACT?

DEFENSE: DID YOU SEE ANY PHYSICAL CONTACT AT ALL?
P_WITNESS: NO.

DEFENSE: ANY PUSHING, SHOVING?
P_WITNESS: NO.

DEFENSE: NOW, DURING THE PERIOD OF TIME IN FEBRUARY AND MARCH 1994, WERE O.J. AND NICOLE STILL DATING AND WAS SHE STILL TRYING TO GET BACK TOGETHER WITH HIM?
P_WITNESS: I DON'T KNOW FOR SURE. IT WAS OFF AND ON, SO IT COULD HAVE BEEN.

DEFENSE: AT SOME POINT IN TIME DID YOU LEARN THAT O.J. HAD SAID THAT IT WASN'T WORKING OUT WITH NICOLE AND THAT THEY WERE GOING TO GO THEIR OWN SEPARATE WAYS?
P_WITNESS: AT SOME POINT, YES.

DEFENSE: DO YOU RECALL PRECISELY WHEN THAT WAS?
P_WITNESS: GOSH, PRECISELY? NOT PRECISELY, BUT -- IT COULD HAVE BEEN MARCH, BUT I CAN'T GIVE YOU A DATE.

DEFENSE: NOW, YOUR RELATIONSHIP WITH O.J. YOU SAID WAS AS A FRIEND.WERE YOU PART OF HIS DAY-TO-DAY LIFE?
P_WITNESS: NO.

DEFENSE: WOULD YOU TALK TO HIM ON A DAY-TO-DAY BASIS?
P_WITNESS: NO.

DEFENSE: DID YOU KNOW HIS COMINGS AND GOINGS?
P_WITNESS: NO.

DEFENSE: SO YOU WOULDN'T BE GENERALLY AWARE AT ANY POINT IN TIME WHERE HE WAS OR WHAT HE WAS DOING?
P_WITNESS: CORRECT.

DEFENSE: HOW WAS HE -- WHAT WAS HIS DEMEANOR LIKE AT 2:30 (ON JUNE 12TH)?
P_WITNESS: HE WAS FINE.

DEFENSE: WHEN YOU SAY ""FINE"" ���
P_WITNESS: HE WAS ���

DEFENSE: NORMAL O.J.?
","```json
{
    ""belief"": ""The witness's response is somewhat beneficial to the defense as it suggests O.J. was not overly concerned about Nicole's dating other men and was generally fine on the day in question. However, the response is vague and lacks detail, which could be seen as less than fully committed."",
    ""Commitment_value"": ""2"",
    ""quality_rate"": ""0"",
    ""consistency_value"": ""0"",
    ""relevance_rate"": ""2"",
    ""manner_rate"": ""2"",
    ""outcome_value"": ""Witness"",
    ""outcome_reason"": ""2""
}
```","The witness's response is somewhat beneficial to the defense as it suggests O.J. was not overly concerned about Nicole's dating other men and was generally fine on the day in question. However, the response is vague and lacks detail, which could be seen as less than fully committed.",2,0,0,2,2,Witness,2,0,0,0,0.8181818181818182,1.0,0.0,12.0,13.2,-0.0032992970194418,-0.1485846319612895,-0.9565550214353437,0.1452853349418477
Q/A,HE DIDN'T SEEM ANGRY?,NO.,,DEFENSE,P_WITNESS,"### Summary of Facts Discussed in the Dialogue

#### Defense Side:
1. **Relationship Status**:
   - Nicole was divorced from O.J. Simpson when she first met the witness.
   - Nicole was dating other men during this time, and O.J. was aware of it.
   - O.J. did not express any concerns or anger about Nicole dating other men.

2. **Interactions Between O.J. and Nicole**:
   - The witness was present when Nicole visited O.J. at his Rockingham house.
   - There was no physical contact observed between O.J. and Nicole; no hitting, pushing, or shoving was reported.

3. **Timeline of Relationship**:
   - The relationship between O.J. and Nicole was described as ""off and on"" around February and March 1994.
   - The witness learned that O.J. had mentioned it wasn't working out with Nicole at some point, possibly in March.

4. **Witness's Relationship with O.J.**:
   - The witness described their relationship with O.J. as a friendship but not part of his day-to-day life.
   - The witness did not know O.J.'s daily activities or whereabouts.

5. **O.J.'s Demeanor**:
   - On June 12th, O.J. appeared normal, not angry, agitated, depressed, or preoccupied.
   - The witness saw O.J. later that evening and reported he still seemed fine and had no issues bothering him.

6. **Blood Evidence**:
   - The witness did not see any blood at the front of the driveway or while walking to the limousine at 11:00 PM.
   - The witness only became aware of blood after police officers pointed it out the next morning.
   - No injuries or bleeding were observed on O.J.'s left index finger at the last sighting.

#### Prosecution Side:
- The prosecution did not present direct evidence in this dialogue but objected to the defense's line of questioning regarding speculation about the relationship dynamics and physical interactions between O.J. and Nicole.

### Conflicts and Disagreements:
1. **Nature of Relationship**:
   - The defense emphasizes that O.J. was not concerned about Nicole's dating life, while the prosecution may imply that there were underlying issues in their relationship.

2. **Physical Interactions**:
   - The defense asserts that there was no physical violence or contact between O.J. and Nicole, which could conflict with any prosecution claims of domestic violence or aggression.

3. **O.J.'s State of Mind**:
   - The defense portrays O.J. as calm and normal during the critical times, while the prosecution may argue that his demeanor could mask deeper issues or guilt.

4. **Blood Evidence**:
   - The defense claims the witness did not see any blood, which could contradict any prosecution narrative that suggests O.J. was involved in a violent incident.

Overall, the dialogue presents a defense focused on establishing O.J.'s non-violent behavior and normal demeanor, while the prosecution's objections suggest they may be trying to challenge the credibility of the witness's observations and the implications of the relationship dynamics.","Previous Context Summary:
In the court conversation, the defense and prosecution presented conflicting claims regarding the relationship between O.J. Simpson and Nicole Brown.

1. **Important Claims:**
   - **Defense's Claim:** The defense aimed to establish that O.J. Simpson was not concerned about Nicole dating other men after their divorce, indicating a lack of jealousy or anger on his part. They sought to portray O.J. as having a normal demeanor and no history of physical violence towards Nicole.
   - **Prosecution's Claim:** While the prosecution did not present direct claims in this excerpt, their objection to the defense's line of questioning about the nature of O.J. and Nicole's relationship suggests they may be trying to highlight potential issues of domestic violence or emotional turmoil in their relationship.

2. **Conflicts and Disagreement:**
   - The defense and prosecution disagreed on the relevance and implications of O.J.'s behavior and demeanor regarding his relationship with Nicole. The defense's questioning aimed to paint a picture of a non-violent, unconcerned individual, while the prosecution's objection indicates they may have a different narrative regarding O.J.'s character and actions.
   - There was also a conflict in the witness's knowledge about the timeline and nature of O.J. and Nicole's relationship, particularly regarding whether they were trying to reconcile or if O.J. had expressed any definitive separation. The witness's uncertainty about the specifics of their relationship during critical periods could be leveraged by either side to support their claims.

Recent Exchanges:
DEFENSE: NOW, DURING THE PERIOD OF TIME IN FEBRUARY AND MARCH 1994, WERE O.J. AND NICOLE STILL DATING AND WAS SHE STILL TRYING TO GET BACK TOGETHER WITH HIM?
P_WITNESS: I DON'T KNOW FOR SURE. IT WAS OFF AND ON, SO IT COULD HAVE BEEN.

DEFENSE: AT SOME POINT IN TIME DID YOU LEARN THAT O.J. HAD SAID THAT IT WASN'T WORKING OUT WITH NICOLE AND THAT THEY WERE GOING TO GO THEIR OWN SEPARATE WAYS?
P_WITNESS: AT SOME POINT, YES.

DEFENSE: DO YOU RECALL PRECISELY WHEN THAT WAS?
P_WITNESS: GOSH, PRECISELY? NOT PRECISELY, BUT -- IT COULD HAVE BEEN MARCH, BUT I CAN'T GIVE YOU A DATE.

DEFENSE: NOW, YOUR RELATIONSHIP WITH O.J. YOU SAID WAS AS A FRIEND.WERE YOU PART OF HIS DAY-TO-DAY LIFE?
P_WITNESS: NO.

DEFENSE: WOULD YOU TALK TO HIM ON A DAY-TO-DAY BASIS?
P_WITNESS: NO.

DEFENSE: DID YOU KNOW HIS COMINGS AND GOINGS?
P_WITNESS: NO.

DEFENSE: SO YOU WOULDN'T BE GENERALLY AWARE AT ANY POINT IN TIME WHERE HE WAS OR WHAT HE WAS DOING?
P_WITNESS: CORRECT.

DEFENSE: HOW WAS HE -- WHAT WAS HIS DEMEANOR LIKE AT 2:30 (ON JUNE 12TH)?
P_WITNESS: HE WAS FINE.

DEFENSE: WHEN YOU SAY ""FINE"" ���
P_WITNESS: HE WAS ���

DEFENSE: NORMAL O.J.?
P_WITNESS: GOT DONE GOLFING, LIKE YOU ARE NOW, I GUESS. I GUESS NORMAL CONVERSATION.

Current Exchange:
DEFENSE: HE DIDN'T SEEM ANGRY?
P_WITNESS: NO.",simpson_prosecution_9,"Brian ""kato"" Kaelin","Brian ""Kato"" Kaelin was a witness for the prosecution in the 1995 O.J. Simpson murder trial. His testimony was key because it contradicted Simpson's version of events","DEFENSE: AND THAT DURING THE PERIOD OF TIME WHEN YOU FIRST MET NICOLE, SHE WAS DIVORCED FROM O.J. SIMPSON?
P_WITNESS: YES.

DEFENSE: AND SHE WAS DATING OTHER MEN?
P_WITNESS: YES.

DEFENSE: AND WAS HE (O.J.) AWARE THAT SHE WAS DATING OTHER MEN?
P_WITNESS: YES.

DEFENSE: AND DID HE EVER VOICE ANY CONCERNS ABOUT THAT?
P_WITNESS: NO.

DEFENSE: DID HE EVER SHOW ANY ANGER OR UPSET -- BEING UPSET AT THE FACT THAT SHE WAS DATING OTHER MEN?
P_WITNESS: NO.

DEFENSE: DID YOU EVER DISCUSS WITH O.J. WHAT YOUR RELATIONSHIP WAS WITH NICOLE?
P_WITNESS: NO.

DEFENSE: WAS IT EVER A CONCERN OF HIS?
P_WITNESS: NO.

DEFENSE: WERE YOU EVER PRESENT WHEN NICOLE WOULD COME OVER AND VISIT O.J. AT HIS ROCKINGHAM HOUSE?
P_WITNESS: WHEN I WAS THERE?

DEFENSE: YES.
P_WITNESS: YES.

DEFENSE: AND HOW DID THEY SEEM TO GET ALONG?
nan: nan

PROSECUTION: OBJECTION, SPECULATION, YOUR HONOR.
nan: nan

COURT: OVERRULED.
nan: nan

DEFENSE: DID YOU EVER SEE ANY PHYSICAL CONTACT BETWEEN THE TWO OF THEM?
P_WITNESS: I -- HE DIDN'T HIT HER. THERE WAS NO PHYSICAL CONTACT?

DEFENSE: DID YOU SEE ANY PHYSICAL CONTACT AT ALL?
P_WITNESS: NO.

DEFENSE: ANY PUSHING, SHOVING?
P_WITNESS: NO.

DEFENSE: NOW, DURING THE PERIOD OF TIME IN FEBRUARY AND MARCH 1994, WERE O.J. AND NICOLE STILL DATING AND WAS SHE STILL TRYING TO GET BACK TOGETHER WITH HIM?
P_WITNESS: I DON'T KNOW FOR SURE. IT WAS OFF AND ON, SO IT COULD HAVE BEEN.

DEFENSE: AT SOME POINT IN TIME DID YOU LEARN THAT O.J. HAD SAID THAT IT WASN'T WORKING OUT WITH NICOLE AND THAT THEY WERE GOING TO GO THEIR OWN SEPARATE WAYS?
P_WITNESS: AT SOME POINT, YES.

DEFENSE: DO YOU RECALL PRECISELY WHEN THAT WAS?
P_WITNESS: GOSH, PRECISELY? NOT PRECISELY, BUT -- IT COULD HAVE BEEN MARCH, BUT I CAN'T GIVE YOU A DATE.

DEFENSE: NOW, YOUR RELATIONSHIP WITH O.J. YOU SAID WAS AS A FRIEND.WERE YOU PART OF HIS DAY-TO-DAY LIFE?
P_WITNESS: NO.

DEFENSE: WOULD YOU TALK TO HIM ON A DAY-TO-DAY BASIS?
P_WITNESS: NO.

DEFENSE: DID YOU KNOW HIS COMINGS AND GOINGS?
P_WITNESS: NO.

DEFENSE: SO YOU WOULDN'T BE GENERALLY AWARE AT ANY POINT IN TIME WHERE HE WAS OR WHAT HE WAS DOING?
P_WITNESS: CORRECT.

DEFENSE: HOW WAS HE -- WHAT WAS HIS DEMEANOR LIKE AT 2:30 (ON JUNE 12TH)?
P_WITNESS: HE WAS FINE.

DEFENSE: WHEN YOU SAY ""FINE"" ���
P_WITNESS: HE WAS ���

DEFENSE: NORMAL O.J.?
P_WITNESS: GOT DONE GOLFING, LIKE YOU ARE NOW, I GUESS. I GUESS NORMAL CONVERSATION.

DEFENSE: HE DIDN'T SEEM ANGRY?
","```json
{
    ""belief"": ""The witness's response is consistent with previous testimony and does not provide new information that would significantly benefit either side. The witness maintains a neutral stance and does not appear to be lying or being particularly convincing."",
    ""Commitment_value"": ""3"",
    ""quality_rate"": ""1"",
    ""consistency_value"": ""1"",
    ""relevance_rate"": ""2"",
    ""manner_rate"": ""2"",
    ""outcome_value"": ""Witness"",
    ""outcome_reason"": ""2""
}
```",The witness's response is consistent with previous testimony and does not provide new information that would significantly benefit either side. The witness maintains a neutral stance and does not appear to be lying or being particularly convincing.,3,1,1,2,2,Witness,2,0,0,0,0.8260869565217391,0.5,2.5,12.5,15.7,0.0709348859179997,0.1031589086357751,-0.1850957571484371,-0.0322240227177754
Q/A,DIDN'T SEEM AGITATED?,NO.,,DEFENSE,P_WITNESS,"### Summary of Facts Discussed in the Dialogue

#### Defense Side:
1. **Relationship Status**:
   - Nicole was divorced from O.J. Simpson when she first met the witness.
   - Nicole was dating other men during this time, and O.J. was aware of it.
   - O.J. did not express any concerns or anger about Nicole dating other men.

2. **Interactions Between O.J. and Nicole**:
   - The witness was present when Nicole visited O.J. at his Rockingham house.
   - There was no physical contact observed between O.J. and Nicole; no hitting, pushing, or shoving was reported.

3. **Timeline of Relationship**:
   - The relationship between O.J. and Nicole was described as ""off and on"" around February and March 1994.
   - The witness learned that O.J. had mentioned it wasn't working out with Nicole at some point, possibly in March.

4. **Witness's Relationship with O.J.**:
   - The witness described their relationship with O.J. as a friendship but not part of his day-to-day life.
   - The witness did not know O.J.'s daily activities or whereabouts.

5. **O.J.'s Demeanor**:
   - On June 12th, O.J. appeared normal, not angry, agitated, depressed, or preoccupied.
   - The witness saw O.J. later that evening and reported he still seemed fine and had no issues bothering him.

6. **Blood Evidence**:
   - The witness did not see any blood at the front of the driveway or while walking to the limousine at 11:00 PM.
   - The witness only became aware of blood after police officers pointed it out the next morning.
   - No injuries or bleeding were observed on O.J.'s left index finger at the last sighting.

#### Prosecution Side:
- The prosecution did not present direct evidence in this dialogue but objected to the defense's line of questioning regarding speculation about the relationship dynamics and physical interactions between O.J. and Nicole.

### Conflicts and Disagreements:
1. **Nature of Relationship**:
   - The defense emphasizes that O.J. was not concerned about Nicole's dating life, while the prosecution may imply that there were underlying issues in their relationship.

2. **Physical Interactions**:
   - The defense asserts that there was no physical violence or contact between O.J. and Nicole, which could conflict with any prosecution claims of domestic violence or aggression.

3. **O.J.'s State of Mind**:
   - The defense portrays O.J. as calm and normal during the critical times, while the prosecution may argue that his demeanor could mask deeper issues or guilt.

4. **Blood Evidence**:
   - The defense claims the witness did not see any blood, which could contradict any prosecution narrative that suggests O.J. was involved in a violent incident.

Overall, the dialogue presents a defense focused on establishing O.J.'s non-violent behavior and normal demeanor, while the prosecution's objections suggest they may be trying to challenge the credibility of the witness's observations and the implications of the relationship dynamics.","Previous Context Summary:
In the court conversation, the defense and prosecution presented contrasting claims regarding O.J. Simpson's relationship with Nicole Brown Simpson.

1. **Important Claims:**
   - **Defense:** The defense aimed to establish that O.J. Simpson was not concerned about Nicole dating other men after their divorce, indicating a lack of jealousy or anger on his part. They sought to portray O.J. as having a normal demeanor and no history of physical violence towards Nicole.
   - **Prosecution:** While the prosecution did not present direct claims in this excerpt, their objection to the defense's line of questioning about the witness's observations suggests they may be aiming to highlight potential issues of domestic violence or emotional turmoil in O.J. and Nicole's relationship.

2. **Conflicts and Disagreements:**
   - The primary conflict arises from the defense's portrayal of O.J. as calm and unconcerned about Nicole's dating life, contrasting with the prosecution's likely focus on the implications of their relationship dynamics, including any potential for violence or emotional distress. The defense's questioning aimed to minimize O.J.'s involvement in any negative aspects of their relationship, while the prosecution's objections indicate a disagreement over the relevance and implications of the witness's testimony regarding O.J.'s behavior and demeanor.

Recent Exchanges:
DEFENSE: AT SOME POINT IN TIME DID YOU LEARN THAT O.J. HAD SAID THAT IT WASN'T WORKING OUT WITH NICOLE AND THAT THEY WERE GOING TO GO THEIR OWN SEPARATE WAYS?
P_WITNESS: AT SOME POINT, YES.

DEFENSE: DO YOU RECALL PRECISELY WHEN THAT WAS?
P_WITNESS: GOSH, PRECISELY? NOT PRECISELY, BUT -- IT COULD HAVE BEEN MARCH, BUT I CAN'T GIVE YOU A DATE.

DEFENSE: NOW, YOUR RELATIONSHIP WITH O.J. YOU SAID WAS AS A FRIEND.WERE YOU PART OF HIS DAY-TO-DAY LIFE?
P_WITNESS: NO.

DEFENSE: WOULD YOU TALK TO HIM ON A DAY-TO-DAY BASIS?
P_WITNESS: NO.

DEFENSE: DID YOU KNOW HIS COMINGS AND GOINGS?
P_WITNESS: NO.

DEFENSE: SO YOU WOULDN'T BE GENERALLY AWARE AT ANY POINT IN TIME WHERE HE WAS OR WHAT HE WAS DOING?
P_WITNESS: CORRECT.

DEFENSE: HOW WAS HE -- WHAT WAS HIS DEMEANOR LIKE AT 2:30 (ON JUNE 12TH)?
P_WITNESS: HE WAS FINE.

DEFENSE: WHEN YOU SAY ""FINE"" ���
P_WITNESS: HE WAS ���

DEFENSE: NORMAL O.J.?
P_WITNESS: GOT DONE GOLFING, LIKE YOU ARE NOW, I GUESS. I GUESS NORMAL CONVERSATION.

DEFENSE: HE DIDN'T SEEM ANGRY?
P_WITNESS: NO.

Current Exchange:
DEFENSE: DIDN'T SEEM AGITATED?
P_WITNESS: NO.",simpson_prosecution_9,"Brian ""kato"" Kaelin","Brian ""Kato"" Kaelin was a witness for the prosecution in the 1995 O.J. Simpson murder trial. His testimony was key because it contradicted Simpson's version of events","DEFENSE: AND THAT DURING THE PERIOD OF TIME WHEN YOU FIRST MET NICOLE, SHE WAS DIVORCED FROM O.J. SIMPSON?
P_WITNESS: YES.

DEFENSE: AND SHE WAS DATING OTHER MEN?
P_WITNESS: YES.

DEFENSE: AND WAS HE (O.J.) AWARE THAT SHE WAS DATING OTHER MEN?
P_WITNESS: YES.

DEFENSE: AND DID HE EVER VOICE ANY CONCERNS ABOUT THAT?
P_WITNESS: NO.

DEFENSE: DID HE EVER SHOW ANY ANGER OR UPSET -- BEING UPSET AT THE FACT THAT SHE WAS DATING OTHER MEN?
P_WITNESS: NO.

DEFENSE: DID YOU EVER DISCUSS WITH O.J. WHAT YOUR RELATIONSHIP WAS WITH NICOLE?
P_WITNESS: NO.

DEFENSE: WAS IT EVER A CONCERN OF HIS?
P_WITNESS: NO.

DEFENSE: WERE YOU EVER PRESENT WHEN NICOLE WOULD COME OVER AND VISIT O.J. AT HIS ROCKINGHAM HOUSE?
P_WITNESS: WHEN I WAS THERE?

DEFENSE: YES.
P_WITNESS: YES.

DEFENSE: AND HOW DID THEY SEEM TO GET ALONG?
nan: nan

PROSECUTION: OBJECTION, SPECULATION, YOUR HONOR.
nan: nan

COURT: OVERRULED.
nan: nan

DEFENSE: DID YOU EVER SEE ANY PHYSICAL CONTACT BETWEEN THE TWO OF THEM?
P_WITNESS: I -- HE DIDN'T HIT HER. THERE WAS NO PHYSICAL CONTACT?

DEFENSE: DID YOU SEE ANY PHYSICAL CONTACT AT ALL?
P_WITNESS: NO.

DEFENSE: ANY PUSHING, SHOVING?
P_WITNESS: NO.

DEFENSE: NOW, DURING THE PERIOD OF TIME IN FEBRUARY AND MARCH 1994, WERE O.J. AND NICOLE STILL DATING AND WAS SHE STILL TRYING TO GET BACK TOGETHER WITH HIM?
P_WITNESS: I DON'T KNOW FOR SURE. IT WAS OFF AND ON, SO IT COULD HAVE BEEN.

DEFENSE: AT SOME POINT IN TIME DID YOU LEARN THAT O.J. HAD SAID THAT IT WASN'T WORKING OUT WITH NICOLE AND THAT THEY WERE GOING TO GO THEIR OWN SEPARATE WAYS?
P_WITNESS: AT SOME POINT, YES.

DEFENSE: DO YOU RECALL PRECISELY WHEN THAT WAS?
P_WITNESS: GOSH, PRECISELY? NOT PRECISELY, BUT -- IT COULD HAVE BEEN MARCH, BUT I CAN'T GIVE YOU A DATE.

DEFENSE: NOW, YOUR RELATIONSHIP WITH O.J. YOU SAID WAS AS A FRIEND.WERE YOU PART OF HIS DAY-TO-DAY LIFE?
P_WITNESS: NO.

DEFENSE: WOULD YOU TALK TO HIM ON A DAY-TO-DAY BASIS?
P_WITNESS: NO.

DEFENSE: DID YOU KNOW HIS COMINGS AND GOINGS?
P_WITNESS: NO.

DEFENSE: SO YOU WOULDN'T BE GENERALLY AWARE AT ANY POINT IN TIME WHERE HE WAS OR WHAT HE WAS DOING?
P_WITNESS: CORRECT.

DEFENSE: HOW WAS HE -- WHAT WAS HIS DEMEANOR LIKE AT 2:30 (ON JUNE 12TH)?
P_WITNESS: HE WAS FINE.

DEFENSE: WHEN YOU SAY ""FINE"" ���
P_WITNESS: HE WAS ���

DEFENSE: NORMAL O.J.?
P_WITNESS: GOT DONE GOLFING, LIKE YOU ARE NOW, I GUESS. I GUESS NORMAL CONVERSATION.

DEFENSE: HE DIDN'T SEEM ANGRY?
P_WITNESS: NO.

DEFENSE: DIDN'T SEEM AGITATED?
","```json
{
    ""belief"": ""The witness maintains a neutral stance and does not provide any new information that would significantly benefit either side. The response is clear but lacks detail, making it slightly irrelevant to the specific question asked."",
    ""Commitment_value"": ""3"",
    ""quality_rate"": ""1"",
    ""consistency_value"": ""0"",
    ""relevance_rate"": ""2"",
    ""manner_rate"": ""2"",
    ""outcome_value"": ""Witness"",
    ""outcome_reason"": ""2""
}
```","The witness maintains a neutral stance and does not provide any new information that would significantly benefit either side. The response is clear but lacks detail, making it slightly irrelevant to the specific question asked.",3,1,0,2,2,Witness,2,0,0,0,0.8333333333333334,0.5,0.0,13.0,15.7,0.1451690688554413,0.1031589086357751,0.1691720789742753,0.0420101602196661
Q/A,HE DIDN'T SEEM DEPRESSED?,NO.,,DEFENSE,P_WITNESS,"### Summary of Facts Discussed in the Dialogue

#### Defense Side:
1. **Relationship Status**:
   - Nicole was divorced from O.J. Simpson when she first met the witness.
   - Nicole was dating other men during this time, and O.J. was aware of it.
   - O.J. did not express any concerns or anger about Nicole dating other men.

2. **Interactions Between O.J. and Nicole**:
   - The witness was present when Nicole visited O.J. at his Rockingham house.
   - There was no physical contact observed between O.J. and Nicole; no hitting, pushing, or shoving was reported.

3. **Timeline of Relationship**:
   - The relationship between O.J. and Nicole was described as ""off and on"" around February and March 1994.
   - The witness learned that O.J. had mentioned it wasn't working out with Nicole at some point, possibly in March.

4. **Witness's Relationship with O.J.**:
   - The witness described their relationship with O.J. as a friendship but not part of his day-to-day life.
   - The witness did not know O.J.'s daily activities or whereabouts.

5. **O.J.'s Demeanor**:
   - On June 12th, O.J. appeared normal, not angry, agitated, depressed, or preoccupied.
   - The witness saw O.J. later that evening and reported he still seemed fine and had no issues bothering him.

6. **Blood Evidence**:
   - The witness did not see any blood at the front of the driveway or while walking to the limousine at 11:00 PM.
   - The witness only became aware of blood after police officers pointed it out the next morning.
   - No injuries or bleeding were observed on O.J.'s left index finger at the last sighting.

#### Prosecution Side:
- The prosecution did not present direct evidence in this dialogue but objected to the defense's line of questioning regarding speculation about the relationship dynamics and physical interactions between O.J. and Nicole.

### Conflicts and Disagreements:
1. **Nature of Relationship**:
   - The defense emphasizes that O.J. was not concerned about Nicole's dating life, while the prosecution may imply that there were underlying issues in their relationship.

2. **Physical Interactions**:
   - The defense asserts that there was no physical violence or contact between O.J. and Nicole, which could conflict with any prosecution claims of domestic violence or aggression.

3. **O.J.'s State of Mind**:
   - The defense portrays O.J. as calm and normal during the critical times, while the prosecution may argue that his demeanor could mask deeper issues or guilt.

4. **Blood Evidence**:
   - The defense claims the witness did not see any blood, which could contradict any prosecution narrative that suggests O.J. was involved in a violent incident.

Overall, the dialogue presents a defense focused on establishing O.J.'s non-violent behavior and normal demeanor, while the prosecution's objections suggest they may be trying to challenge the credibility of the witness's observations and the implications of the relationship dynamics.","Previous Context Summary:
In the court conversation, the defense and prosecution presented contrasting claims regarding O.J. Simpson's relationship with Nicole Brown.

1. **Important Claims:**
   - **Defense:** The defense aimed to establish that O.J. Simpson was not concerned about Nicole dating other men after their divorce, indicating a lack of jealousy or anger on his part. They sought to portray O.J. as having a normal demeanor and no history of physical aggression towards Nicole.
   - **Prosecution:** While the prosecution did not present direct claims in this excerpt, their objections suggest they may be trying to challenge the defense's portrayal of O.J. as non-aggressive and unconcerned about Nicole's relationships.

2. **Conflicts and Disagreement:**
   - The defense's line of questioning focused on the absence of any signs of anger or physical aggression from O.J. towards Nicole, which could conflict with the prosecution's narrative of a troubled and potentially abusive relationship.
   - The witness's uncertainty about the status of O.J. and Nicole's relationship during specific periods (February and March 1994) introduces ambiguity, which could be a point of contention between the two sides regarding the nature of their interactions leading up to the events in question.

Recent Exchanges:
DEFENSE: DO YOU RECALL PRECISELY WHEN THAT WAS?
P_WITNESS: GOSH, PRECISELY? NOT PRECISELY, BUT -- IT COULD HAVE BEEN MARCH, BUT I CAN'T GIVE YOU A DATE.

DEFENSE: NOW, YOUR RELATIONSHIP WITH O.J. YOU SAID WAS AS A FRIEND.WERE YOU PART OF HIS DAY-TO-DAY LIFE?
P_WITNESS: NO.

DEFENSE: WOULD YOU TALK TO HIM ON A DAY-TO-DAY BASIS?
P_WITNESS: NO.

DEFENSE: DID YOU KNOW HIS COMINGS AND GOINGS?
P_WITNESS: NO.

DEFENSE: SO YOU WOULDN'T BE GENERALLY AWARE AT ANY POINT IN TIME WHERE HE WAS OR WHAT HE WAS DOING?
P_WITNESS: CORRECT.

DEFENSE: HOW WAS HE -- WHAT WAS HIS DEMEANOR LIKE AT 2:30 (ON JUNE 12TH)?
P_WITNESS: HE WAS FINE.

DEFENSE: WHEN YOU SAY ""FINE"" ���
P_WITNESS: HE WAS ���

DEFENSE: NORMAL O.J.?
P_WITNESS: GOT DONE GOLFING, LIKE YOU ARE NOW, I GUESS. I GUESS NORMAL CONVERSATION.

DEFENSE: HE DIDN'T SEEM ANGRY?
P_WITNESS: NO.

DEFENSE: DIDN'T SEEM AGITATED?
P_WITNESS: NO.

Current Exchange:
DEFENSE: HE DIDN'T SEEM DEPRESSED?
P_WITNESS: NO.",simpson_prosecution_9,"Brian ""kato"" Kaelin","Brian ""Kato"" Kaelin was a witness for the prosecution in the 1995 O.J. Simpson murder trial. His testimony was key because it contradicted Simpson's version of events","DEFENSE: AND THAT DURING THE PERIOD OF TIME WHEN YOU FIRST MET NICOLE, SHE WAS DIVORCED FROM O.J. SIMPSON?
P_WITNESS: YES.

DEFENSE: AND SHE WAS DATING OTHER MEN?
P_WITNESS: YES.

DEFENSE: AND WAS HE (O.J.) AWARE THAT SHE WAS DATING OTHER MEN?
P_WITNESS: YES.

DEFENSE: AND DID HE EVER VOICE ANY CONCERNS ABOUT THAT?
P_WITNESS: NO.

DEFENSE: DID HE EVER SHOW ANY ANGER OR UPSET -- BEING UPSET AT THE FACT THAT SHE WAS DATING OTHER MEN?
P_WITNESS: NO.

DEFENSE: DID YOU EVER DISCUSS WITH O.J. WHAT YOUR RELATIONSHIP WAS WITH NICOLE?
P_WITNESS: NO.

DEFENSE: WAS IT EVER A CONCERN OF HIS?
P_WITNESS: NO.

DEFENSE: WERE YOU EVER PRESENT WHEN NICOLE WOULD COME OVER AND VISIT O.J. AT HIS ROCKINGHAM HOUSE?
P_WITNESS: WHEN I WAS THERE?

DEFENSE: YES.
P_WITNESS: YES.

DEFENSE: AND HOW DID THEY SEEM TO GET ALONG?
nan: nan

PROSECUTION: OBJECTION, SPECULATION, YOUR HONOR.
nan: nan

COURT: OVERRULED.
nan: nan

DEFENSE: DID YOU EVER SEE ANY PHYSICAL CONTACT BETWEEN THE TWO OF THEM?
P_WITNESS: I -- HE DIDN'T HIT HER. THERE WAS NO PHYSICAL CONTACT?

DEFENSE: DID YOU SEE ANY PHYSICAL CONTACT AT ALL?
P_WITNESS: NO.

DEFENSE: ANY PUSHING, SHOVING?
P_WITNESS: NO.

DEFENSE: NOW, DURING THE PERIOD OF TIME IN FEBRUARY AND MARCH 1994, WERE O.J. AND NICOLE STILL DATING AND WAS SHE STILL TRYING TO GET BACK TOGETHER WITH HIM?
P_WITNESS: I DON'T KNOW FOR SURE. IT WAS OFF AND ON, SO IT COULD HAVE BEEN.

DEFENSE: AT SOME POINT IN TIME DID YOU LEARN THAT O.J. HAD SAID THAT IT WASN'T WORKING OUT WITH NICOLE AND THAT THEY WERE GOING TO GO THEIR OWN SEPARATE WAYS?
P_WITNESS: AT SOME POINT, YES.

DEFENSE: DO YOU RECALL PRECISELY WHEN THAT WAS?
P_WITNESS: GOSH, PRECISELY? NOT PRECISELY, BUT -- IT COULD HAVE BEEN MARCH, BUT I CAN'T GIVE YOU A DATE.

DEFENSE: NOW, YOUR RELATIONSHIP WITH O.J. YOU SAID WAS AS A FRIEND.WERE YOU PART OF HIS DAY-TO-DAY LIFE?
P_WITNESS: NO.

DEFENSE: WOULD YOU TALK TO HIM ON A DAY-TO-DAY BASIS?
P_WITNESS: NO.

DEFENSE: DID YOU KNOW HIS COMINGS AND GOINGS?
P_WITNESS: NO.

DEFENSE: SO YOU WOULDN'T BE GENERALLY AWARE AT ANY POINT IN TIME WHERE HE WAS OR WHAT HE WAS DOING?
P_WITNESS: CORRECT.

DEFENSE: HOW WAS HE -- WHAT WAS HIS DEMEANOR LIKE AT 2:30 (ON JUNE 12TH)?
P_WITNESS: HE WAS FINE.

DEFENSE: WHEN YOU SAY ""FINE"" ���
P_WITNESS: HE WAS ���

DEFENSE: NORMAL O.J.?
P_WITNESS: GOT DONE GOLFING, LIKE YOU ARE NOW, I GUESS. I GUESS NORMAL CONVERSATION.

DEFENSE: HE DIDN'T SEEM ANGRY?
P_WITNESS: NO.

DEFENSE: DIDN'T SEEM AGITATED?
P_WITNESS: NO.

DEFENSE: HE DIDN'T SEEM DEPRESSED?
","```json
{
    ""belief"": ""The witness maintains a neutral stance and does not provide any new information that would significantly benefit either side. The response is clear and relevant to the question asked."",
    ""Commitment_value"": ""3"",
    ""quality_rate"": ""1"",
    ""consistency_value"": ""0"",
    ""relevance_rate"": ""1"",
    ""manner_rate"": ""2"",
    ""outcome_value"": ""Witness"",
    ""outcome_reason"": ""2""
}
```",The witness maintains a neutral stance and does not provide any new information that would significantly benefit either side. The response is clear and relevant to the question asked.,3,1,0,1,2,Witness,2,0,0,0,0.84,0.5,0.0,13.5,15.7,0.2194032517928829,0.1031589086357751,0.3603781144156175,0.1162443431571077
Q/A,DIDN'T SEEM DESPONDENT?,NO.,,DEFENSE,P_WITNESS,"### Summary of Facts Discussed in the Dialogue

#### Defense Side:
1. **Relationship Status**:
   - Nicole was divorced from O.J. Simpson when she first met the witness.
   - Nicole was dating other men during this time, and O.J. was aware of it.
   - O.J. did not express any concerns or anger about Nicole dating other men.

2. **Interactions Between O.J. and Nicole**:
   - The witness was present when Nicole visited O.J. at his Rockingham house.
   - There was no physical contact observed between O.J. and Nicole; no hitting, pushing, or shoving was reported.

3. **Timeline of Relationship**:
   - The relationship between O.J. and Nicole was described as ""off and on"" around February and March 1994.
   - The witness learned that O.J. had mentioned it wasn't working out with Nicole at some point, possibly in March.

4. **Witness's Relationship with O.J.**:
   - The witness described their relationship with O.J. as a friendship but not part of his day-to-day life.
   - The witness did not know O.J.'s daily activities or whereabouts.

5. **O.J.'s Demeanor**:
   - On June 12th, O.J. appeared normal, not angry, agitated, depressed, or preoccupied.
   - The witness saw O.J. later that evening and reported he still seemed fine and had no issues bothering him.

6. **Blood Evidence**:
   - The witness did not see any blood at the front of the driveway or while walking to the limousine at 11:00 PM.
   - The witness only became aware of blood after police officers pointed it out the next morning.
   - No injuries or bleeding were observed on O.J.'s left index finger at the last sighting.

#### Prosecution Side:
- The prosecution did not present direct evidence in this dialogue but objected to the defense's line of questioning regarding speculation about the relationship dynamics and physical interactions between O.J. and Nicole.

### Conflicts and Disagreements:
1. **Nature of Relationship**:
   - The defense emphasizes that O.J. was not concerned about Nicole's dating life, while the prosecution may imply that there were underlying issues in their relationship.

2. **Physical Interactions**:
   - The defense asserts that there was no physical violence or contact between O.J. and Nicole, which could conflict with any prosecution claims of domestic violence or aggression.

3. **O.J.'s State of Mind**:
   - The defense portrays O.J. as calm and normal during the critical times, while the prosecution may argue that his demeanor could mask deeper issues or guilt.

4. **Blood Evidence**:
   - The defense claims the witness did not see any blood, which could contradict any prosecution narrative that suggests O.J. was involved in a violent incident.

Overall, the dialogue presents a defense focused on establishing O.J.'s non-violent behavior and normal demeanor, while the prosecution's objections suggest they may be trying to challenge the credibility of the witness's observations and the implications of the relationship dynamics.","Previous Context Summary:
In the court conversation, the defense and prosecution presented contrasting claims regarding O.J. Simpson's relationship with Nicole Brown Simpson and his demeanor around the time of the incident in question.

1. **Important Claims:**
   - **Defense:** The defense aimed to establish that O.J. Simpson was not concerned about Nicole dating other men, had no issues with her relationships, and exhibited a normal demeanor on the day of the incident, suggesting he was not angry, agitated, or depressed.
   - **Prosecution:** While the prosecution did not present direct claims in this excerpt, their objections indicate a focus on the reliability of the witness's observations and the potential for speculation regarding O.J. and Nicole's relationship dynamics.

2. **Conflicts and Disagreement:**
   - The defense's line of questioning sought to portray O.J. as a non-confrontational individual who was unaffected by Nicole's dating life, while the prosecution's objections suggest they may have aimed to challenge the witness's credibility and the relevance of their testimony. The witness's uncertainty about the specifics of O.J. and Nicole's relationship during certain periods also highlights a lack of clarity that could be exploited by either side.

Recent Exchanges:
DEFENSE: NOW, YOUR RELATIONSHIP WITH O.J. YOU SAID WAS AS A FRIEND.WERE YOU PART OF HIS DAY-TO-DAY LIFE?
P_WITNESS: NO.

DEFENSE: WOULD YOU TALK TO HIM ON A DAY-TO-DAY BASIS?
P_WITNESS: NO.

DEFENSE: DID YOU KNOW HIS COMINGS AND GOINGS?
P_WITNESS: NO.

DEFENSE: SO YOU WOULDN'T BE GENERALLY AWARE AT ANY POINT IN TIME WHERE HE WAS OR WHAT HE WAS DOING?
P_WITNESS: CORRECT.

DEFENSE: HOW WAS HE -- WHAT WAS HIS DEMEANOR LIKE AT 2:30 (ON JUNE 12TH)?
P_WITNESS: HE WAS FINE.

DEFENSE: WHEN YOU SAY ""FINE"" ���
P_WITNESS: HE WAS ���

DEFENSE: NORMAL O.J.?
P_WITNESS: GOT DONE GOLFING, LIKE YOU ARE NOW, I GUESS. I GUESS NORMAL CONVERSATION.

DEFENSE: HE DIDN'T SEEM ANGRY?
P_WITNESS: NO.

DEFENSE: DIDN'T SEEM AGITATED?
P_WITNESS: NO.

DEFENSE: HE DIDN'T SEEM DEPRESSED?
P_WITNESS: NO.

Current Exchange:
DEFENSE: DIDN'T SEEM DESPONDENT?
P_WITNESS: NO.",simpson_prosecution_9,"Brian ""kato"" Kaelin","Brian ""Kato"" Kaelin was a witness for the prosecution in the 1995 O.J. Simpson murder trial. His testimony was key because it contradicted Simpson's version of events","DEFENSE: AND THAT DURING THE PERIOD OF TIME WHEN YOU FIRST MET NICOLE, SHE WAS DIVORCED FROM O.J. SIMPSON?
P_WITNESS: YES.

DEFENSE: AND SHE WAS DATING OTHER MEN?
P_WITNESS: YES.

DEFENSE: AND WAS HE (O.J.) AWARE THAT SHE WAS DATING OTHER MEN?
P_WITNESS: YES.

DEFENSE: AND DID HE EVER VOICE ANY CONCERNS ABOUT THAT?
P_WITNESS: NO.

DEFENSE: DID HE EVER SHOW ANY ANGER OR UPSET -- BEING UPSET AT THE FACT THAT SHE WAS DATING OTHER MEN?
P_WITNESS: NO.

DEFENSE: DID YOU EVER DISCUSS WITH O.J. WHAT YOUR RELATIONSHIP WAS WITH NICOLE?
P_WITNESS: NO.

DEFENSE: WAS IT EVER A CONCERN OF HIS?
P_WITNESS: NO.

DEFENSE: WERE YOU EVER PRESENT WHEN NICOLE WOULD COME OVER AND VISIT O.J. AT HIS ROCKINGHAM HOUSE?
P_WITNESS: WHEN I WAS THERE?

DEFENSE: YES.
P_WITNESS: YES.

DEFENSE: AND HOW DID THEY SEEM TO GET ALONG?
nan: nan

PROSECUTION: OBJECTION, SPECULATION, YOUR HONOR.
nan: nan

COURT: OVERRULED.
nan: nan

DEFENSE: DID YOU EVER SEE ANY PHYSICAL CONTACT BETWEEN THE TWO OF THEM?
P_WITNESS: I -- HE DIDN'T HIT HER. THERE WAS NO PHYSICAL CONTACT?

DEFENSE: DID YOU SEE ANY PHYSICAL CONTACT AT ALL?
P_WITNESS: NO.

DEFENSE: ANY PUSHING, SHOVING?
P_WITNESS: NO.

DEFENSE: NOW, DURING THE PERIOD OF TIME IN FEBRUARY AND MARCH 1994, WERE O.J. AND NICOLE STILL DATING AND WAS SHE STILL TRYING TO GET BACK TOGETHER WITH HIM?
P_WITNESS: I DON'T KNOW FOR SURE. IT WAS OFF AND ON, SO IT COULD HAVE BEEN.

DEFENSE: AT SOME POINT IN TIME DID YOU LEARN THAT O.J. HAD SAID THAT IT WASN'T WORKING OUT WITH NICOLE AND THAT THEY WERE GOING TO GO THEIR OWN SEPARATE WAYS?
P_WITNESS: AT SOME POINT, YES.

DEFENSE: DO YOU RECALL PRECISELY WHEN THAT WAS?
P_WITNESS: GOSH, PRECISELY? NOT PRECISELY, BUT -- IT COULD HAVE BEEN MARCH, BUT I CAN'T GIVE YOU A DATE.

DEFENSE: NOW, YOUR RELATIONSHIP WITH O.J. YOU SAID WAS AS A FRIEND.WERE YOU PART OF HIS DAY-TO-DAY LIFE?
P_WITNESS: NO.

DEFENSE: WOULD YOU TALK TO HIM ON A DAY-TO-DAY BASIS?
P_WITNESS: NO.

DEFENSE: DID YOU KNOW HIS COMINGS AND GOINGS?
P_WITNESS: NO.

DEFENSE: SO YOU WOULDN'T BE GENERALLY AWARE AT ANY POINT IN TIME WHERE HE WAS OR WHAT HE WAS DOING?
P_WITNESS: CORRECT.

DEFENSE: HOW WAS HE -- WHAT WAS HIS DEMEANOR LIKE AT 2:30 (ON JUNE 12TH)?
P_WITNESS: HE WAS FINE.

DEFENSE: WHEN YOU SAY ""FINE"" ���
P_WITNESS: HE WAS ���

DEFENSE: NORMAL O.J.?
P_WITNESS: GOT DONE GOLFING, LIKE YOU ARE NOW, I GUESS. I GUESS NORMAL CONVERSATION.

DEFENSE: HE DIDN'T SEEM ANGRY?
P_WITNESS: NO.

DEFENSE: DIDN'T SEEM AGITATED?
P_WITNESS: NO.

DEFENSE: HE DIDN'T SEEM DEPRESSED?
P_WITNESS: NO.

DEFENSE: DIDN'T SEEM DESPONDENT?
","```json
{
    ""belief"": ""The witness's response is consistent with previous testimony and does not provide any new information that would benefit either side. The witness maintains a neutral stance and does not appear to be lying or being particularly convincing."",
    ""Commitment_value"": ""3"",
    ""quality_rate"": ""1"",
    ""consistency_value"": ""1"",
    ""relevance_rate"": ""2"",
    ""manner_rate"": ""2"",
    ""outcome_value"": ""Witness"",
    ""outcome_reason"": ""2""
}
```",The witness's response is consistent with previous testimony and does not provide any new information that would benefit either side. The witness maintains a neutral stance and does not appear to be lying or being particularly convincing.,3,1,1,2,2,Witness,2,0,0,0,0.8461538461538461,0.5,2.8000000000000003,14.0,18.5,0.2936374347303245,0.3851116741044876,-0.1347688537391881,-0.0914742393741631
Q/A,DIDN'T SEEM PREOCCUPIED?,NO. I THINK HE MENTIONED THE TRIP WAS COMING UP.,,DEFENSE,P_WITNESS,"### Summary of Facts Discussed in the Dialogue

#### Defense Side:
1. **Relationship Status**:
   - Nicole was divorced from O.J. Simpson when she first met the witness.
   - Nicole was dating other men during this time, and O.J. was aware of it.
   - O.J. did not express any concerns or anger about Nicole dating other men.

2. **Interactions Between O.J. and Nicole**:
   - The witness was present when Nicole visited O.J. at his Rockingham house.
   - There was no physical contact observed between O.J. and Nicole; no hitting, pushing, or shoving was reported.

3. **Timeline of Relationship**:
   - The relationship between O.J. and Nicole was described as ""off and on"" around February and March 1994.
   - The witness learned that O.J. had mentioned it wasn't working out with Nicole at some point, possibly in March.

4. **Witness's Relationship with O.J.**:
   - The witness described their relationship with O.J. as a friendship but not part of his day-to-day life.
   - The witness did not know O.J.'s daily activities or whereabouts.

5. **O.J.'s Demeanor**:
   - On June 12th, O.J. appeared normal, not angry, agitated, depressed, or preoccupied.
   - The witness saw O.J. later that evening and reported he still seemed fine and had no issues bothering him.

6. **Blood Evidence**:
   - The witness did not see any blood at the front of the driveway or while walking to the limousine at 11:00 PM.
   - The witness only became aware of blood after police officers pointed it out the next morning.
   - No injuries or bleeding were observed on O.J.'s left index finger at the last sighting.

#### Prosecution Side:
- The prosecution did not present direct evidence in this dialogue but objected to the defense's line of questioning regarding speculation about the relationship dynamics and physical interactions between O.J. and Nicole.

### Conflicts and Disagreements:
1. **Nature of Relationship**:
   - The defense emphasizes that O.J. was not concerned about Nicole's dating life, while the prosecution may imply that there were underlying issues in their relationship.

2. **Physical Interactions**:
   - The defense asserts that there was no physical violence or contact between O.J. and Nicole, which could conflict with any prosecution claims of domestic violence or aggression.

3. **O.J.'s State of Mind**:
   - The defense portrays O.J. as calm and normal during the critical times, while the prosecution may argue that his demeanor could mask deeper issues or guilt.

4. **Blood Evidence**:
   - The defense claims the witness did not see any blood, which could contradict any prosecution narrative that suggests O.J. was involved in a violent incident.

Overall, the dialogue presents a defense focused on establishing O.J.'s non-violent behavior and normal demeanor, while the prosecution's objections suggest they may be trying to challenge the credibility of the witness's observations and the implications of the relationship dynamics.","Previous Context Summary:
In the court conversation, the defense and prosecution presented conflicting claims regarding O.J. Simpson's relationship with Nicole Brown.

1. **Important Claims:**
   - **Defense's Claim:** The defense aimed to establish that O.J. Simpson was not concerned about Nicole dating other men after their divorce, suggesting that he did not exhibit any anger or jealousy towards her relationships. They also sought to portray O.J. as having a normal demeanor on the day of the incident, indicating he was not upset or despondent.
   - **Prosecution's Claim:** While the prosecution did not directly present their claims in this excerpt, their objections suggest they may be trying to challenge the defense's portrayal of O.J.'s demeanor and the nature of his relationship with Nicole, implying that there may have been underlying issues.

2. **Conflicts and Disagreements:**
   - There is a clear conflict regarding O.J.'s emotional state and behavior towards Nicole. The defense's witness testified that O.J. did not show any signs of anger or concern about Nicole's dating life, while the prosecution's objections indicate they may have evidence or arguments that contradict this portrayal.
   - Additionally, the defense's line of questioning suggests a focus on O.J.'s normalcy and lack of aggression, which may conflict with the prosecution's narrative of a troubled relationship that could have led to violence. The witness's uncertainty about the status of O.J. and Nicole's relationship during specific periods also highlights a lack of clarity that could be pivotal in the case.

Recent Exchanges:
DEFENSE: WOULD YOU TALK TO HIM ON A DAY-TO-DAY BASIS?
P_WITNESS: NO.

DEFENSE: DID YOU KNOW HIS COMINGS AND GOINGS?
P_WITNESS: NO.

DEFENSE: SO YOU WOULDN'T BE GENERALLY AWARE AT ANY POINT IN TIME WHERE HE WAS OR WHAT HE WAS DOING?
P_WITNESS: CORRECT.

DEFENSE: HOW WAS HE -- WHAT WAS HIS DEMEANOR LIKE AT 2:30 (ON JUNE 12TH)?
P_WITNESS: HE WAS FINE.

DEFENSE: WHEN YOU SAY ""FINE"" ���
P_WITNESS: HE WAS ���

DEFENSE: NORMAL O.J.?
P_WITNESS: GOT DONE GOLFING, LIKE YOU ARE NOW, I GUESS. I GUESS NORMAL CONVERSATION.

DEFENSE: HE DIDN'T SEEM ANGRY?
P_WITNESS: NO.

DEFENSE: DIDN'T SEEM AGITATED?
P_WITNESS: NO.

DEFENSE: HE DIDN'T SEEM DEPRESSED?
P_WITNESS: NO.

DEFENSE: DIDN'T SEEM DESPONDENT?
P_WITNESS: NO.

Current Exchange:
DEFENSE: DIDN'T SEEM PREOCCUPIED?
P_WITNESS: NO. I THINK HE MENTIONED THE TRIP WAS COMING UP.",simpson_prosecution_9,"Brian ""kato"" Kaelin","Brian ""Kato"" Kaelin was a witness for the prosecution in the 1995 O.J. Simpson murder trial. His testimony was key because it contradicted Simpson's version of events","DEFENSE: AND THAT DURING THE PERIOD OF TIME WHEN YOU FIRST MET NICOLE, SHE WAS DIVORCED FROM O.J. SIMPSON?
P_WITNESS: YES.

DEFENSE: AND SHE WAS DATING OTHER MEN?
P_WITNESS: YES.

DEFENSE: AND WAS HE (O.J.) AWARE THAT SHE WAS DATING OTHER MEN?
P_WITNESS: YES.

DEFENSE: AND DID HE EVER VOICE ANY CONCERNS ABOUT THAT?
P_WITNESS: NO.

DEFENSE: DID HE EVER SHOW ANY ANGER OR UPSET -- BEING UPSET AT THE FACT THAT SHE WAS DATING OTHER MEN?
P_WITNESS: NO.

DEFENSE: DID YOU EVER DISCUSS WITH O.J. WHAT YOUR RELATIONSHIP WAS WITH NICOLE?
P_WITNESS: NO.

DEFENSE: WAS IT EVER A CONCERN OF HIS?
P_WITNESS: NO.

DEFENSE: WERE YOU EVER PRESENT WHEN NICOLE WOULD COME OVER AND VISIT O.J. AT HIS ROCKINGHAM HOUSE?
P_WITNESS: WHEN I WAS THERE?

DEFENSE: YES.
P_WITNESS: YES.

DEFENSE: AND HOW DID THEY SEEM TO GET ALONG?
nan: nan

PROSECUTION: OBJECTION, SPECULATION, YOUR HONOR.
nan: nan

COURT: OVERRULED.
nan: nan

DEFENSE: DID YOU EVER SEE ANY PHYSICAL CONTACT BETWEEN THE TWO OF THEM?
P_WITNESS: I -- HE DIDN'T HIT HER. THERE WAS NO PHYSICAL CONTACT?

DEFENSE: DID YOU SEE ANY PHYSICAL CONTACT AT ALL?
P_WITNESS: NO.

DEFENSE: ANY PUSHING, SHOVING?
P_WITNESS: NO.

DEFENSE: NOW, DURING THE PERIOD OF TIME IN FEBRUARY AND MARCH 1994, WERE O.J. AND NICOLE STILL DATING AND WAS SHE STILL TRYING TO GET BACK TOGETHER WITH HIM?
P_WITNESS: I DON'T KNOW FOR SURE. IT WAS OFF AND ON, SO IT COULD HAVE BEEN.

DEFENSE: AT SOME POINT IN TIME DID YOU LEARN THAT O.J. HAD SAID THAT IT WASN'T WORKING OUT WITH NICOLE AND THAT THEY WERE GOING TO GO THEIR OWN SEPARATE WAYS?
P_WITNESS: AT SOME POINT, YES.

DEFENSE: DO YOU RECALL PRECISELY WHEN THAT WAS?
P_WITNESS: GOSH, PRECISELY? NOT PRECISELY, BUT -- IT COULD HAVE BEEN MARCH, BUT I CAN'T GIVE YOU A DATE.

DEFENSE: NOW, YOUR RELATIONSHIP WITH O.J. YOU SAID WAS AS A FRIEND.WERE YOU PART OF HIS DAY-TO-DAY LIFE?
P_WITNESS: NO.

DEFENSE: WOULD YOU TALK TO HIM ON A DAY-TO-DAY BASIS?
P_WITNESS: NO.

DEFENSE: DID YOU KNOW HIS COMINGS AND GOINGS?
P_WITNESS: NO.

DEFENSE: SO YOU WOULDN'T BE GENERALLY AWARE AT ANY POINT IN TIME WHERE HE WAS OR WHAT HE WAS DOING?
P_WITNESS: CORRECT.

DEFENSE: HOW WAS HE -- WHAT WAS HIS DEMEANOR LIKE AT 2:30 (ON JUNE 12TH)?
P_WITNESS: HE WAS FINE.

DEFENSE: WHEN YOU SAY ""FINE"" ���
P_WITNESS: HE WAS ���

DEFENSE: NORMAL O.J.?
P_WITNESS: GOT DONE GOLFING, LIKE YOU ARE NOW, I GUESS. I GUESS NORMAL CONVERSATION.

DEFENSE: HE DIDN'T SEEM ANGRY?
P_WITNESS: NO.

DEFENSE: DIDN'T SEEM AGITATED?
P_WITNESS: NO.

DEFENSE: HE DIDN'T SEEM DEPRESSED?
P_WITNESS: NO.

DEFENSE: DIDN'T SEEM DESPONDENT?
P_WITNESS: NO.

DEFENSE: DIDN'T SEEM PREOCCUPIED?
","```json
{
    ""belief"": ""The witness's response does not provide new information and is somewhat vague, which does not significantly benefit either side. The response is slightly relevant and clear, but it does not add substantial value to the cross-examination."",
    ""Commitment_value"": ""3"",
    ""quality_rate"": ""0"",
    ""consistency_value"": ""0"",
    ""relevance_rate"": ""2"",
    ""manner_rate"": ""2"",
    ""outcome_value"": ""Witness"",
    ""outcome_reason"": ""2""
}
```","The witness's response does not provide new information and is somewhat vague, which does not significantly benefit either side. The response is slightly relevant and clear, but it does not add substantial value to the cross-examination.",3,0,0,2,2,Witness,2,0,0,0,0.8518518518518519,0.5,0.0,14.5,18.5,0.3678716176677661,0.3851116741044876,-0.0228956692998387,-0.0172400564367214
Q/A,AND THEN YOU SAW HIM A LITTLE LATER THAT EVENING?,YES.,,DEFENSE,P_WITNESS,"### Summary of Facts Discussed in the Dialogue

#### Defense Side:
1. **Relationship Status**:
   - Nicole was divorced from O.J. Simpson when she first met the witness.
   - Nicole was dating other men during this time, and O.J. was aware of it.
   - O.J. did not express any concerns or anger about Nicole dating other men.

2. **Interactions Between O.J. and Nicole**:
   - The witness was present when Nicole visited O.J. at his Rockingham house.
   - There was no physical contact observed between O.J. and Nicole; no hitting, pushing, or shoving was reported.

3. **Timeline of Relationship**:
   - The relationship between O.J. and Nicole was described as ""off and on"" around February and March 1994.
   - The witness learned that O.J. had mentioned it wasn't working out with Nicole at some point, possibly in March.

4. **Witness's Relationship with O.J.**:
   - The witness described their relationship with O.J. as a friendship but not part of his day-to-day life.
   - The witness did not know O.J.'s daily activities or whereabouts.

5. **O.J.'s Demeanor**:
   - On June 12th, O.J. appeared normal, not angry, agitated, depressed, or preoccupied.
   - The witness saw O.J. later that evening and reported he still seemed fine and had no issues bothering him.

6. **Blood Evidence**:
   - The witness did not see any blood at the front of the driveway or while walking to the limousine at 11:00 PM.
   - The witness only became aware of blood after police officers pointed it out the next morning.
   - No injuries or bleeding were observed on O.J.'s left index finger at the last sighting.

#### Prosecution Side:
- The prosecution did not present direct evidence in this dialogue but objected to the defense's line of questioning regarding speculation about the relationship dynamics and physical interactions between O.J. and Nicole.

### Conflicts and Disagreements:
1. **Nature of Relationship**:
   - The defense emphasizes that O.J. was not concerned about Nicole's dating life, while the prosecution may imply that there were underlying issues in their relationship.

2. **Physical Interactions**:
   - The defense asserts that there was no physical violence or contact between O.J. and Nicole, which could conflict with any prosecution claims of domestic violence or aggression.

3. **O.J.'s State of Mind**:
   - The defense portrays O.J. as calm and normal during the critical times, while the prosecution may argue that his demeanor could mask deeper issues or guilt.

4. **Blood Evidence**:
   - The defense claims the witness did not see any blood, which could contradict any prosecution narrative that suggests O.J. was involved in a violent incident.

Overall, the dialogue presents a defense focused on establishing O.J.'s non-violent behavior and normal demeanor, while the prosecution's objections suggest they may be trying to challenge the credibility of the witness's observations and the implications of the relationship dynamics.","Previous Context Summary:
In the court conversation, the defense and prosecution presented conflicting claims regarding O.J. Simpson's relationship with Nicole Brown.

1. **Important Claims:**
   - **Defense Claim:** The defense aimed to establish that O.J. Simpson was not concerned about Nicole dating other men after their divorce, suggesting that he did not exhibit any anger or jealousy towards her relationships. They also sought to portray O.J. as having a normal demeanor on the day of the incident, indicating he was not upset or preoccupied.
   - **Prosecution Claim:** While the prosecution did not directly present their claims in this excerpt, their objections suggest they may be trying to challenge the defense's portrayal of O.J.'s demeanor and the nature of his relationship with Nicole, implying that there may have been underlying issues.

2. **Conflicts and Disagreement:**
   - The primary conflict arises from the defense's portrayal of O.J. as calm and unconcerned about Nicole's dating life, contrasting with the prosecution's likely implication that there were deeper emotional issues at play. The defense's questioning aimed to show that O.J. was not aggressive or troubled, while the prosecution's objections indicate a disagreement over the interpretation of O.J.'s behavior and the dynamics of his relationship with Nicole. The witness's uncertainty about the status of O.J. and Nicole's relationship during specific periods also highlights a lack of clarity that could be pivotal in the case.

Recent Exchanges:
DEFENSE: DID YOU KNOW HIS COMINGS AND GOINGS?
P_WITNESS: NO.

DEFENSE: SO YOU WOULDN'T BE GENERALLY AWARE AT ANY POINT IN TIME WHERE HE WAS OR WHAT HE WAS DOING?
P_WITNESS: CORRECT.

DEFENSE: HOW WAS HE -- WHAT WAS HIS DEMEANOR LIKE AT 2:30 (ON JUNE 12TH)?
P_WITNESS: HE WAS FINE.

DEFENSE: WHEN YOU SAY ""FINE"" ���
P_WITNESS: HE WAS ���

DEFENSE: NORMAL O.J.?
P_WITNESS: GOT DONE GOLFING, LIKE YOU ARE NOW, I GUESS. I GUESS NORMAL CONVERSATION.

DEFENSE: HE DIDN'T SEEM ANGRY?
P_WITNESS: NO.

DEFENSE: DIDN'T SEEM AGITATED?
P_WITNESS: NO.

DEFENSE: HE DIDN'T SEEM DEPRESSED?
P_WITNESS: NO.

DEFENSE: DIDN'T SEEM DESPONDENT?
P_WITNESS: NO.

DEFENSE: DIDN'T SEEM PREOCCUPIED?
P_WITNESS: NO. I THINK HE MENTIONED THE TRIP WAS COMING UP.

Current Exchange:
DEFENSE: AND THEN YOU SAW HIM A LITTLE LATER THAT EVENING?
P_WITNESS: YES.",simpson_prosecution_9,"Brian ""kato"" Kaelin","Brian ""Kato"" Kaelin was a witness for the prosecution in the 1995 O.J. Simpson murder trial. His testimony was key because it contradicted Simpson's version of events","DEFENSE: AND THAT DURING THE PERIOD OF TIME WHEN YOU FIRST MET NICOLE, SHE WAS DIVORCED FROM O.J. SIMPSON?
P_WITNESS: YES.

DEFENSE: AND SHE WAS DATING OTHER MEN?
P_WITNESS: YES.

DEFENSE: AND WAS HE (O.J.) AWARE THAT SHE WAS DATING OTHER MEN?
P_WITNESS: YES.

DEFENSE: AND DID HE EVER VOICE ANY CONCERNS ABOUT THAT?
P_WITNESS: NO.

DEFENSE: DID HE EVER SHOW ANY ANGER OR UPSET -- BEING UPSET AT THE FACT THAT SHE WAS DATING OTHER MEN?
P_WITNESS: NO.

DEFENSE: DID YOU EVER DISCUSS WITH O.J. WHAT YOUR RELATIONSHIP WAS WITH NICOLE?
P_WITNESS: NO.

DEFENSE: WAS IT EVER A CONCERN OF HIS?
P_WITNESS: NO.

DEFENSE: WERE YOU EVER PRESENT WHEN NICOLE WOULD COME OVER AND VISIT O.J. AT HIS ROCKINGHAM HOUSE?
P_WITNESS: WHEN I WAS THERE?

DEFENSE: YES.
P_WITNESS: YES.

DEFENSE: AND HOW DID THEY SEEM TO GET ALONG?
nan: nan

PROSECUTION: OBJECTION, SPECULATION, YOUR HONOR.
nan: nan

COURT: OVERRULED.
nan: nan

DEFENSE: DID YOU EVER SEE ANY PHYSICAL CONTACT BETWEEN THE TWO OF THEM?
P_WITNESS: I -- HE DIDN'T HIT HER. THERE WAS NO PHYSICAL CONTACT?

DEFENSE: DID YOU SEE ANY PHYSICAL CONTACT AT ALL?
P_WITNESS: NO.

DEFENSE: ANY PUSHING, SHOVING?
P_WITNESS: NO.

DEFENSE: NOW, DURING THE PERIOD OF TIME IN FEBRUARY AND MARCH 1994, WERE O.J. AND NICOLE STILL DATING AND WAS SHE STILL TRYING TO GET BACK TOGETHER WITH HIM?
P_WITNESS: I DON'T KNOW FOR SURE. IT WAS OFF AND ON, SO IT COULD HAVE BEEN.

DEFENSE: AT SOME POINT IN TIME DID YOU LEARN THAT O.J. HAD SAID THAT IT WASN'T WORKING OUT WITH NICOLE AND THAT THEY WERE GOING TO GO THEIR OWN SEPARATE WAYS?
P_WITNESS: AT SOME POINT, YES.

DEFENSE: DO YOU RECALL PRECISELY WHEN THAT WAS?
P_WITNESS: GOSH, PRECISELY? NOT PRECISELY, BUT -- IT COULD HAVE BEEN MARCH, BUT I CAN'T GIVE YOU A DATE.

DEFENSE: NOW, YOUR RELATIONSHIP WITH O.J. YOU SAID WAS AS A FRIEND.WERE YOU PART OF HIS DAY-TO-DAY LIFE?
P_WITNESS: NO.

DEFENSE: WOULD YOU TALK TO HIM ON A DAY-TO-DAY BASIS?
P_WITNESS: NO.

DEFENSE: DID YOU KNOW HIS COMINGS AND GOINGS?
P_WITNESS: NO.

DEFENSE: SO YOU WOULDN'T BE GENERALLY AWARE AT ANY POINT IN TIME WHERE HE WAS OR WHAT HE WAS DOING?
P_WITNESS: CORRECT.

DEFENSE: HOW WAS HE -- WHAT WAS HIS DEMEANOR LIKE AT 2:30 (ON JUNE 12TH)?
P_WITNESS: HE WAS FINE.

DEFENSE: WHEN YOU SAY ""FINE"" ���
P_WITNESS: HE WAS ���

DEFENSE: NORMAL O.J.?
P_WITNESS: GOT DONE GOLFING, LIKE YOU ARE NOW, I GUESS. I GUESS NORMAL CONVERSATION.

DEFENSE: HE DIDN'T SEEM ANGRY?
P_WITNESS: NO.

DEFENSE: DIDN'T SEEM AGITATED?
P_WITNESS: NO.

DEFENSE: HE DIDN'T SEEM DEPRESSED?
P_WITNESS: NO.

DEFENSE: DIDN'T SEEM DESPONDENT?
P_WITNESS: NO.

DEFENSE: DIDN'T SEEM PREOCCUPIED?
P_WITNESS: NO. I THINK HE MENTIONED THE TRIP WAS COMING UP.

DEFENSE: AND THEN YOU SAW HIM A LITTLE LATER THAT EVENING?
","```json
{
    ""belief"": ""The witness's response is neutral and does not provide new information that significantly benefits either side. The witness maintains a neutral stance and does not appear to be lying, but the response is not particularly relevant or clear in the context of the ongoing questioning."",
    ""Commitment_value"": ""3"",
    ""quality_rate"": ""1"",
    ""consistency_value"": ""0"",
    ""relevance_rate"": ""2"",
    ""manner_rate"": ""2"",
    ""outcome_value"": ""Witness"",
    ""outcome_reason"": ""2""
}
```","The witness's response is neutral and does not provide new information that significantly benefits either side. The witness maintains a neutral stance and does not appear to be lying, but the response is not particularly relevant or clear in the context of the ongoing questioning.",3,1,0,2,2,Witness,2,0,0,0,0.8571428571428571,0.5,0.0,15.0,18.5,0.4421058006052077,0.3851116741044876,0.0688986007225266,0.0569941265007201
Q/A,ABOUT WHAT TIME?,"UMM, ABOUT 8:30, AROUND THERE, WHEN HE CAME INTO THE ROOM.",,DEFENSE,P_WITNESS,"### Summary of Facts Discussed in the Dialogue

#### Defense Side:
1. **Relationship Status**:
   - Nicole was divorced from O.J. Simpson when she first met the witness.
   - Nicole was dating other men during this time, and O.J. was aware of it.
   - O.J. did not express any concerns or anger about Nicole dating other men.

2. **Interactions Between O.J. and Nicole**:
   - The witness was present when Nicole visited O.J. at his Rockingham house.
   - There was no physical contact observed between O.J. and Nicole; no hitting, pushing, or shoving was reported.

3. **Timeline of Relationship**:
   - The relationship between O.J. and Nicole was described as ""off and on"" around February and March 1994.
   - The witness learned that O.J. had mentioned it wasn't working out with Nicole at some point, possibly in March.

4. **Witness's Relationship with O.J.**:
   - The witness described their relationship with O.J. as a friendship but not part of his day-to-day life.
   - The witness did not know O.J.'s daily activities or whereabouts.

5. **O.J.'s Demeanor**:
   - On June 12th, O.J. appeared normal, not angry, agitated, depressed, or preoccupied.
   - The witness saw O.J. later that evening and reported he still seemed fine and had no issues bothering him.

6. **Blood Evidence**:
   - The witness did not see any blood at the front of the driveway or while walking to the limousine at 11:00 PM.
   - The witness only became aware of blood after police officers pointed it out the next morning.
   - No injuries or bleeding were observed on O.J.'s left index finger at the last sighting.

#### Prosecution Side:
- The prosecution did not present direct evidence in this dialogue but objected to the defense's line of questioning regarding speculation about the relationship dynamics and physical interactions between O.J. and Nicole.

### Conflicts and Disagreements:
1. **Nature of Relationship**:
   - The defense emphasizes that O.J. was not concerned about Nicole's dating life, while the prosecution may imply that there were underlying issues in their relationship.

2. **Physical Interactions**:
   - The defense asserts that there was no physical violence or contact between O.J. and Nicole, which could conflict with any prosecution claims of domestic violence or aggression.

3. **O.J.'s State of Mind**:
   - The defense portrays O.J. as calm and normal during the critical times, while the prosecution may argue that his demeanor could mask deeper issues or guilt.

4. **Blood Evidence**:
   - The defense claims the witness did not see any blood, which could contradict any prosecution narrative that suggests O.J. was involved in a violent incident.

Overall, the dialogue presents a defense focused on establishing O.J.'s non-violent behavior and normal demeanor, while the prosecution's objections suggest they may be trying to challenge the credibility of the witness's observations and the implications of the relationship dynamics.","Previous Context Summary:
In the court conversation, the defense and prosecution presented contrasting claims regarding O.J. Simpson's relationship with Nicole Brown Simpson and his demeanor on the day of the incident.

1. **Important Claims:**
   - **Defense:** The defense aimed to establish that O.J. Simpson was not concerned about Nicole dating other men, had no history of anger or violence towards her, and appeared normal and untroubled on the day of the incident.
   - **Prosecution:** While the prosecution did not directly present their claims in this excerpt, their objections suggest they may be trying to highlight potential issues with the witness's credibility or the relevance of the defense's line of questioning.

2. **Conflicts and Disagreements:**
   - The defense's questioning focused on the absence of any signs of conflict or violence in O.J. and Nicole's relationship, while the prosecution's objection to speculation indicates a disagreement over the relevance and reliability of the witness's observations regarding O.J.'s demeanor and relationship dynamics.
   - The witness's uncertainty about the status of O.J. and Nicole's relationship during specific periods (e.g., February and March 1994) introduces ambiguity, which could be a point of contention between the two sides regarding the nature of their relationship leading up to the incident.

Recent Exchanges:
DEFENSE: SO YOU WOULDN'T BE GENERALLY AWARE AT ANY POINT IN TIME WHERE HE WAS OR WHAT HE WAS DOING?
P_WITNESS: CORRECT.

DEFENSE: HOW WAS HE -- WHAT WAS HIS DEMEANOR LIKE AT 2:30 (ON JUNE 12TH)?
P_WITNESS: HE WAS FINE.

DEFENSE: WHEN YOU SAY ""FINE"" ���
P_WITNESS: HE WAS ���

DEFENSE: NORMAL O.J.?
P_WITNESS: GOT DONE GOLFING, LIKE YOU ARE NOW, I GUESS. I GUESS NORMAL CONVERSATION.

DEFENSE: HE DIDN'T SEEM ANGRY?
P_WITNESS: NO.

DEFENSE: DIDN'T SEEM AGITATED?
P_WITNESS: NO.

DEFENSE: HE DIDN'T SEEM DEPRESSED?
P_WITNESS: NO.

DEFENSE: DIDN'T SEEM DESPONDENT?
P_WITNESS: NO.

DEFENSE: DIDN'T SEEM PREOCCUPIED?
P_WITNESS: NO. I THINK HE MENTIONED THE TRIP WAS COMING UP.

DEFENSE: AND THEN YOU SAW HIM A LITTLE LATER THAT EVENING?
P_WITNESS: YES.

Current Exchange:
DEFENSE: ABOUT WHAT TIME?
P_WITNESS: UMM, ABOUT 8:30, AROUND THERE, WHEN HE CAME INTO THE ROOM.",simpson_prosecution_9,"Brian ""kato"" Kaelin","Brian ""Kato"" Kaelin was a witness for the prosecution in the 1995 O.J. Simpson murder trial. His testimony was key because it contradicted Simpson's version of events","DEFENSE: AND THAT DURING THE PERIOD OF TIME WHEN YOU FIRST MET NICOLE, SHE WAS DIVORCED FROM O.J. SIMPSON?
P_WITNESS: YES.

DEFENSE: AND SHE WAS DATING OTHER MEN?
P_WITNESS: YES.

DEFENSE: AND WAS HE (O.J.) AWARE THAT SHE WAS DATING OTHER MEN?
P_WITNESS: YES.

DEFENSE: AND DID HE EVER VOICE ANY CONCERNS ABOUT THAT?
P_WITNESS: NO.

DEFENSE: DID HE EVER SHOW ANY ANGER OR UPSET -- BEING UPSET AT THE FACT THAT SHE WAS DATING OTHER MEN?
P_WITNESS: NO.

DEFENSE: DID YOU EVER DISCUSS WITH O.J. WHAT YOUR RELATIONSHIP WAS WITH NICOLE?
P_WITNESS: NO.

DEFENSE: WAS IT EVER A CONCERN OF HIS?
P_WITNESS: NO.

DEFENSE: WERE YOU EVER PRESENT WHEN NICOLE WOULD COME OVER AND VISIT O.J. AT HIS ROCKINGHAM HOUSE?
P_WITNESS: WHEN I WAS THERE?

DEFENSE: YES.
P_WITNESS: YES.

DEFENSE: AND HOW DID THEY SEEM TO GET ALONG?
nan: nan

PROSECUTION: OBJECTION, SPECULATION, YOUR HONOR.
nan: nan

COURT: OVERRULED.
nan: nan

DEFENSE: DID YOU EVER SEE ANY PHYSICAL CONTACT BETWEEN THE TWO OF THEM?
P_WITNESS: I -- HE DIDN'T HIT HER. THERE WAS NO PHYSICAL CONTACT?

DEFENSE: DID YOU SEE ANY PHYSICAL CONTACT AT ALL?
P_WITNESS: NO.

DEFENSE: ANY PUSHING, SHOVING?
P_WITNESS: NO.

DEFENSE: NOW, DURING THE PERIOD OF TIME IN FEBRUARY AND MARCH 1994, WERE O.J. AND NICOLE STILL DATING AND WAS SHE STILL TRYING TO GET BACK TOGETHER WITH HIM?
P_WITNESS: I DON'T KNOW FOR SURE. IT WAS OFF AND ON, SO IT COULD HAVE BEEN.

DEFENSE: AT SOME POINT IN TIME DID YOU LEARN THAT O.J. HAD SAID THAT IT WASN'T WORKING OUT WITH NICOLE AND THAT THEY WERE GOING TO GO THEIR OWN SEPARATE WAYS?
P_WITNESS: AT SOME POINT, YES.

DEFENSE: DO YOU RECALL PRECISELY WHEN THAT WAS?
P_WITNESS: GOSH, PRECISELY? NOT PRECISELY, BUT -- IT COULD HAVE BEEN MARCH, BUT I CAN'T GIVE YOU A DATE.

DEFENSE: NOW, YOUR RELATIONSHIP WITH O.J. YOU SAID WAS AS A FRIEND.WERE YOU PART OF HIS DAY-TO-DAY LIFE?
P_WITNESS: NO.

DEFENSE: WOULD YOU TALK TO HIM ON A DAY-TO-DAY BASIS?
P_WITNESS: NO.

DEFENSE: DID YOU KNOW HIS COMINGS AND GOINGS?
P_WITNESS: NO.

DEFENSE: SO YOU WOULDN'T BE GENERALLY AWARE AT ANY POINT IN TIME WHERE HE WAS OR WHAT HE WAS DOING?
P_WITNESS: CORRECT.

DEFENSE: HOW WAS HE -- WHAT WAS HIS DEMEANOR LIKE AT 2:30 (ON JUNE 12TH)?
P_WITNESS: HE WAS FINE.

DEFENSE: WHEN YOU SAY ""FINE"" ���
P_WITNESS: HE WAS ���

DEFENSE: NORMAL O.J.?
P_WITNESS: GOT DONE GOLFING, LIKE YOU ARE NOW, I GUESS. I GUESS NORMAL CONVERSATION.

DEFENSE: HE DIDN'T SEEM ANGRY?
P_WITNESS: NO.

DEFENSE: DIDN'T SEEM AGITATED?
P_WITNESS: NO.

DEFENSE: HE DIDN'T SEEM DEPRESSED?
P_WITNESS: NO.

DEFENSE: DIDN'T SEEM DESPONDENT?
P_WITNESS: NO.

DEFENSE: DIDN'T SEEM PREOCCUPIED?
P_WITNESS: NO. I THINK HE MENTIONED THE TRIP WAS COMING UP.

DEFENSE: AND THEN YOU SAW HIM A LITTLE LATER THAT EVENING?
P_WITNESS: YES.

DEFENSE: ABOUT WHAT TIME?
","```json
{
    ""belief"": ""The witness appears to be maintaining a neutral stance and providing honest answers, which benefits the defense in terms of not contradicting previous testimony. However, the lack of specific details and the vagueness of the time could be seen as slightly detrimental to the defense's case."",
    ""Commitment_value"": ""3"",
    ""quality_rate"": ""1"",
    ""consistency_value"": ""0"",
    ""relevance_rate"": ""2"",
    ""manner_rate"": ""2"",
    ""outcome_value"": ""Witness"",
    ""outcome_reason"": ""2""
}
```","The witness appears to be maintaining a neutral stance and providing honest answers, which benefits the defense in terms of not contradicting previous testimony. However, the lack of specific details and the vagueness of the time could be seen as slightly detrimental to the defense's case.",3,1,0,2,2,Witness,2,0,0,0,0.8620689655172413,0.5,0.0,15.5,18.5,0.5163399835426493,0.3851116741044876,0.1455744280072415,0.1312283094381617
Q/A,DID HE SEEM AGITATED AT THAT TIME?,NO.,,DEFENSE,P_WITNESS,"### Summary of Facts Discussed in the Dialogue

#### Defense Side:
1. **Relationship Status**:
   - Nicole was divorced from O.J. Simpson when she first met the witness.
   - Nicole was dating other men during this time, and O.J. was aware of it.
   - O.J. did not express any concerns or anger about Nicole dating other men.

2. **Interactions Between O.J. and Nicole**:
   - The witness was present when Nicole visited O.J. at his Rockingham house.
   - There was no physical contact observed between O.J. and Nicole; no hitting, pushing, or shoving was reported.

3. **Timeline of Relationship**:
   - The relationship between O.J. and Nicole was described as ""off and on"" around February and March 1994.
   - The witness learned that O.J. had mentioned it wasn't working out with Nicole at some point, possibly in March.

4. **Witness's Relationship with O.J.**:
   - The witness described their relationship with O.J. as a friendship but not part of his day-to-day life.
   - The witness did not know O.J.'s daily activities or whereabouts.

5. **O.J.'s Demeanor**:
   - On June 12th, O.J. appeared normal, not angry, agitated, depressed, or preoccupied.
   - The witness saw O.J. later that evening and reported he still seemed fine and had no issues bothering him.

6. **Blood Evidence**:
   - The witness did not see any blood at the front of the driveway or while walking to the limousine at 11:00 PM.
   - The witness only became aware of blood after police officers pointed it out the next morning.
   - No injuries or bleeding were observed on O.J.'s left index finger at the last sighting.

#### Prosecution Side:
- The prosecution did not present direct evidence in this dialogue but objected to the defense's line of questioning regarding speculation about the relationship dynamics and physical interactions between O.J. and Nicole.

### Conflicts and Disagreements:
1. **Nature of Relationship**:
   - The defense emphasizes that O.J. was not concerned about Nicole's dating life, while the prosecution may imply that there were underlying issues in their relationship.

2. **Physical Interactions**:
   - The defense asserts that there was no physical violence or contact between O.J. and Nicole, which could conflict with any prosecution claims of domestic violence or aggression.

3. **O.J.'s State of Mind**:
   - The defense portrays O.J. as calm and normal during the critical times, while the prosecution may argue that his demeanor could mask deeper issues or guilt.

4. **Blood Evidence**:
   - The defense claims the witness did not see any blood, which could contradict any prosecution narrative that suggests O.J. was involved in a violent incident.

Overall, the dialogue presents a defense focused on establishing O.J.'s non-violent behavior and normal demeanor, while the prosecution's objections suggest they may be trying to challenge the credibility of the witness's observations and the implications of the relationship dynamics.","Previous Context Summary:
In the court conversation, the defense and prosecution presented conflicting claims regarding O.J. Simpson's relationship with Nicole Brown Simpson and his demeanor on the day of the incident.

1. **Important Claims:**
   - **Defense:** The defense aimed to establish that O.J. Simpson was not concerned about Nicole dating other men, had no history of anger or violence towards her, and appeared to be in a normal state of mind on the day of the incident.
   - **Prosecution:** While the prosecution did not directly present their claims in this excerpt, their objections suggest they may be trying to challenge the defense's portrayal of O.J.'s demeanor and the nature of his relationship with Nicole.

2. **Conflicts and Disagreement:**
   - The defense's questioning focused on the absence of any signs of conflict or violence in O.J. and Nicole's relationship, emphasizing that O.J. did not express anger or concern about her dating other men. This contrasts with the prosecution's likely position that there were underlying issues in their relationship that could indicate potential motives for violence.
   - The defense also sought to portray O.J. as calm and normal on the day of the incident, while the prosecution may argue that this portrayal does not align with the events leading up to the incident. The prosecution's objection to the defense's line of questioning indicates a disagreement over the relevance and interpretation of the witness's observations regarding O.J.'s demeanor.

Recent Exchanges:
DEFENSE: HOW WAS HE -- WHAT WAS HIS DEMEANOR LIKE AT 2:30 (ON JUNE 12TH)?
P_WITNESS: HE WAS FINE.

DEFENSE: WHEN YOU SAY ""FINE"" ���
P_WITNESS: HE WAS ���

DEFENSE: NORMAL O.J.?
P_WITNESS: GOT DONE GOLFING, LIKE YOU ARE NOW, I GUESS. I GUESS NORMAL CONVERSATION.

DEFENSE: HE DIDN'T SEEM ANGRY?
P_WITNESS: NO.

DEFENSE: DIDN'T SEEM AGITATED?
P_WITNESS: NO.

DEFENSE: HE DIDN'T SEEM DEPRESSED?
P_WITNESS: NO.

DEFENSE: DIDN'T SEEM DESPONDENT?
P_WITNESS: NO.

DEFENSE: DIDN'T SEEM PREOCCUPIED?
P_WITNESS: NO. I THINK HE MENTIONED THE TRIP WAS COMING UP.

DEFENSE: AND THEN YOU SAW HIM A LITTLE LATER THAT EVENING?
P_WITNESS: YES.

DEFENSE: ABOUT WHAT TIME?
P_WITNESS: UMM, ABOUT 8:30, AROUND THERE, WHEN HE CAME INTO THE ROOM.

Current Exchange:
DEFENSE: DID HE SEEM AGITATED AT THAT TIME?
P_WITNESS: NO.",simpson_prosecution_9,"Brian ""kato"" Kaelin","Brian ""Kato"" Kaelin was a witness for the prosecution in the 1995 O.J. Simpson murder trial. His testimony was key because it contradicted Simpson's version of events","DEFENSE: AND THAT DURING THE PERIOD OF TIME WHEN YOU FIRST MET NICOLE, SHE WAS DIVORCED FROM O.J. SIMPSON?
P_WITNESS: YES.

DEFENSE: AND SHE WAS DATING OTHER MEN?
P_WITNESS: YES.

DEFENSE: AND WAS HE (O.J.) AWARE THAT SHE WAS DATING OTHER MEN?
P_WITNESS: YES.

DEFENSE: AND DID HE EVER VOICE ANY CONCERNS ABOUT THAT?
P_WITNESS: NO.

DEFENSE: DID HE EVER SHOW ANY ANGER OR UPSET -- BEING UPSET AT THE FACT THAT SHE WAS DATING OTHER MEN?
P_WITNESS: NO.

DEFENSE: DID YOU EVER DISCUSS WITH O.J. WHAT YOUR RELATIONSHIP WAS WITH NICOLE?
P_WITNESS: NO.

DEFENSE: WAS IT EVER A CONCERN OF HIS?
P_WITNESS: NO.

DEFENSE: WERE YOU EVER PRESENT WHEN NICOLE WOULD COME OVER AND VISIT O.J. AT HIS ROCKINGHAM HOUSE?
P_WITNESS: WHEN I WAS THERE?

DEFENSE: YES.
P_WITNESS: YES.

DEFENSE: AND HOW DID THEY SEEM TO GET ALONG?
nan: nan

PROSECUTION: OBJECTION, SPECULATION, YOUR HONOR.
nan: nan

COURT: OVERRULED.
nan: nan

DEFENSE: DID YOU EVER SEE ANY PHYSICAL CONTACT BETWEEN THE TWO OF THEM?
P_WITNESS: I -- HE DIDN'T HIT HER. THERE WAS NO PHYSICAL CONTACT?

DEFENSE: DID YOU SEE ANY PHYSICAL CONTACT AT ALL?
P_WITNESS: NO.

DEFENSE: ANY PUSHING, SHOVING?
P_WITNESS: NO.

DEFENSE: NOW, DURING THE PERIOD OF TIME IN FEBRUARY AND MARCH 1994, WERE O.J. AND NICOLE STILL DATING AND WAS SHE STILL TRYING TO GET BACK TOGETHER WITH HIM?
P_WITNESS: I DON'T KNOW FOR SURE. IT WAS OFF AND ON, SO IT COULD HAVE BEEN.

DEFENSE: AT SOME POINT IN TIME DID YOU LEARN THAT O.J. HAD SAID THAT IT WASN'T WORKING OUT WITH NICOLE AND THAT THEY WERE GOING TO GO THEIR OWN SEPARATE WAYS?
P_WITNESS: AT SOME POINT, YES.

DEFENSE: DO YOU RECALL PRECISELY WHEN THAT WAS?
P_WITNESS: GOSH, PRECISELY? NOT PRECISELY, BUT -- IT COULD HAVE BEEN MARCH, BUT I CAN'T GIVE YOU A DATE.

DEFENSE: NOW, YOUR RELATIONSHIP WITH O.J. YOU SAID WAS AS A FRIEND.WERE YOU PART OF HIS DAY-TO-DAY LIFE?
P_WITNESS: NO.

DEFENSE: WOULD YOU TALK TO HIM ON A DAY-TO-DAY BASIS?
P_WITNESS: NO.

DEFENSE: DID YOU KNOW HIS COMINGS AND GOINGS?
P_WITNESS: NO.

DEFENSE: SO YOU WOULDN'T BE GENERALLY AWARE AT ANY POINT IN TIME WHERE HE WAS OR WHAT HE WAS DOING?
P_WITNESS: CORRECT.

DEFENSE: HOW WAS HE -- WHAT WAS HIS DEMEANOR LIKE AT 2:30 (ON JUNE 12TH)?
P_WITNESS: HE WAS FINE.

DEFENSE: WHEN YOU SAY ""FINE"" ���
P_WITNESS: HE WAS ���

DEFENSE: NORMAL O.J.?
P_WITNESS: GOT DONE GOLFING, LIKE YOU ARE NOW, I GUESS. I GUESS NORMAL CONVERSATION.

DEFENSE: HE DIDN'T SEEM ANGRY?
P_WITNESS: NO.

DEFENSE: DIDN'T SEEM AGITATED?
P_WITNESS: NO.

DEFENSE: HE DIDN'T SEEM DEPRESSED?
P_WITNESS: NO.

DEFENSE: DIDN'T SEEM DESPONDENT?
P_WITNESS: NO.

DEFENSE: DIDN'T SEEM PREOCCUPIED?
P_WITNESS: NO. I THINK HE MENTIONED THE TRIP WAS COMING UP.

DEFENSE: AND THEN YOU SAW HIM A LITTLE LATER THAT EVENING?
P_WITNESS: YES.

DEFENSE: ABOUT WHAT TIME?
P_WITNESS: UMM, ABOUT 8:30, AROUND THERE, WHEN HE CAME INTO THE ROOM.

DEFENSE: DID HE SEEM AGITATED AT THAT TIME?
","```json
{
    ""belief"": ""The witness maintains a neutral stance and does not provide any new information that would significantly benefit either side. The response is clear and relevant to the question, but it does not add much to the overall narrative."",
    ""Commitment_value"": ""3"",
    ""quality_rate"": ""1"",
    ""consistency_value"": ""0"",
    ""relevance_rate"": ""1"",
    ""manner_rate"": ""2"",
    ""outcome_value"": ""Witness"",
    ""outcome_reason"": ""2""
}
```","The witness maintains a neutral stance and does not provide any new information that would significantly benefit either side. The response is clear and relevant to the question, but it does not add much to the overall narrative.",3,1,0,1,2,Witness,2,0,0,0,0.8666666666666667,0.5,0.0,16.0,18.5,0.5905741664800909,0.3851116741044876,0.2105826320616697,0.2054624923756032
Q/A,DID HE SEEM ANGRY?,NO.,,DEFENSE,P_WITNESS,"### Summary of Facts Discussed in the Dialogue

#### Defense Side:
1. **Relationship Status**:
   - Nicole was divorced from O.J. Simpson when she first met the witness.
   - Nicole was dating other men during this time, and O.J. was aware of it.
   - O.J. did not express any concerns or anger about Nicole dating other men.

2. **Interactions Between O.J. and Nicole**:
   - The witness was present when Nicole visited O.J. at his Rockingham house.
   - There was no physical contact observed between O.J. and Nicole; no hitting, pushing, or shoving was reported.

3. **Timeline of Relationship**:
   - The relationship between O.J. and Nicole was described as ""off and on"" around February and March 1994.
   - The witness learned that O.J. had mentioned it wasn't working out with Nicole at some point, possibly in March.

4. **Witness's Relationship with O.J.**:
   - The witness described their relationship with O.J. as a friendship but not part of his day-to-day life.
   - The witness did not know O.J.'s daily activities or whereabouts.

5. **O.J.'s Demeanor**:
   - On June 12th, O.J. appeared normal, not angry, agitated, depressed, or preoccupied.
   - The witness saw O.J. later that evening and reported he still seemed fine and had no issues bothering him.

6. **Blood Evidence**:
   - The witness did not see any blood at the front of the driveway or while walking to the limousine at 11:00 PM.
   - The witness only became aware of blood after police officers pointed it out the next morning.
   - No injuries or bleeding were observed on O.J.'s left index finger at the last sighting.

#### Prosecution Side:
- The prosecution did not present direct evidence in this dialogue but objected to the defense's line of questioning regarding speculation about the relationship dynamics and physical interactions between O.J. and Nicole.

### Conflicts and Disagreements:
1. **Nature of Relationship**:
   - The defense emphasizes that O.J. was not concerned about Nicole's dating life, while the prosecution may imply that there were underlying issues in their relationship.

2. **Physical Interactions**:
   - The defense asserts that there was no physical violence or contact between O.J. and Nicole, which could conflict with any prosecution claims of domestic violence or aggression.

3. **O.J.'s State of Mind**:
   - The defense portrays O.J. as calm and normal during the critical times, while the prosecution may argue that his demeanor could mask deeper issues or guilt.

4. **Blood Evidence**:
   - The defense claims the witness did not see any blood, which could contradict any prosecution narrative that suggests O.J. was involved in a violent incident.

Overall, the dialogue presents a defense focused on establishing O.J.'s non-violent behavior and normal demeanor, while the prosecution's objections suggest they may be trying to challenge the credibility of the witness's observations and the implications of the relationship dynamics.","Previous Context Summary:
In the court conversation, the defense and prosecution presented conflicting claims regarding O.J. Simpson's relationship with Nicole Brown Simpson and his demeanor on the day of the incident.

1. **Important Claims:**
   - **Defense's Claim:** The defense aimed to establish that O.J. Simpson was not concerned or upset about Nicole dating other men after their divorce, and that he exhibited a normal demeanor on the day of the incident, showing no signs of anger, agitation, or distress.
   - **Prosecution's Claim:** While the prosecution did not present direct claims in this excerpt, their objections suggest they may be contesting the defense's portrayal of O.J.'s behavior and the nature of his relationship with Nicole.

2. **Conflicts and Disagreements:**
   - There is a clear conflict regarding O.J.'s emotional state and behavior. The defense witnesses described him as calm and normal, while the prosecution's objections indicate they may argue that this portrayal is misleading or incomplete.
   - The defense's line of questioning suggests that O.J. and Nicole's relationship was amicable and without conflict, while the prosecution may seek to highlight any underlying tensions or issues that contradict this narrative.

Recent Exchanges:
DEFENSE: WHEN YOU SAY ""FINE"" ���
P_WITNESS: HE WAS ���

DEFENSE: NORMAL O.J.?
P_WITNESS: GOT DONE GOLFING, LIKE YOU ARE NOW, I GUESS. I GUESS NORMAL CONVERSATION.

DEFENSE: HE DIDN'T SEEM ANGRY?
P_WITNESS: NO.

DEFENSE: DIDN'T SEEM AGITATED?
P_WITNESS: NO.

DEFENSE: HE DIDN'T SEEM DEPRESSED?
P_WITNESS: NO.

DEFENSE: DIDN'T SEEM DESPONDENT?
P_WITNESS: NO.

DEFENSE: DIDN'T SEEM PREOCCUPIED?
P_WITNESS: NO. I THINK HE MENTIONED THE TRIP WAS COMING UP.

DEFENSE: AND THEN YOU SAW HIM A LITTLE LATER THAT EVENING?
P_WITNESS: YES.

DEFENSE: ABOUT WHAT TIME?
P_WITNESS: UMM, ABOUT 8:30, AROUND THERE, WHEN HE CAME INTO THE ROOM.

DEFENSE: DID HE SEEM AGITATED AT THAT TIME?
P_WITNESS: NO.

Current Exchange:
DEFENSE: DID HE SEEM ANGRY?
P_WITNESS: NO.",simpson_prosecution_9,"Brian ""kato"" Kaelin","Brian ""Kato"" Kaelin was a witness for the prosecution in the 1995 O.J. Simpson murder trial. His testimony was key because it contradicted Simpson's version of events","DEFENSE: AND THAT DURING THE PERIOD OF TIME WHEN YOU FIRST MET NICOLE, SHE WAS DIVORCED FROM O.J. SIMPSON?
P_WITNESS: YES.

DEFENSE: AND SHE WAS DATING OTHER MEN?
P_WITNESS: YES.

DEFENSE: AND WAS HE (O.J.) AWARE THAT SHE WAS DATING OTHER MEN?
P_WITNESS: YES.

DEFENSE: AND DID HE EVER VOICE ANY CONCERNS ABOUT THAT?
P_WITNESS: NO.

DEFENSE: DID HE EVER SHOW ANY ANGER OR UPSET -- BEING UPSET AT THE FACT THAT SHE WAS DATING OTHER MEN?
P_WITNESS: NO.

DEFENSE: DID YOU EVER DISCUSS WITH O.J. WHAT YOUR RELATIONSHIP WAS WITH NICOLE?
P_WITNESS: NO.

DEFENSE: WAS IT EVER A CONCERN OF HIS?
P_WITNESS: NO.

DEFENSE: WERE YOU EVER PRESENT WHEN NICOLE WOULD COME OVER AND VISIT O.J. AT HIS ROCKINGHAM HOUSE?
P_WITNESS: WHEN I WAS THERE?

DEFENSE: YES.
P_WITNESS: YES.

DEFENSE: AND HOW DID THEY SEEM TO GET ALONG?
nan: nan

PROSECUTION: OBJECTION, SPECULATION, YOUR HONOR.
nan: nan

COURT: OVERRULED.
nan: nan

DEFENSE: DID YOU EVER SEE ANY PHYSICAL CONTACT BETWEEN THE TWO OF THEM?
P_WITNESS: I -- HE DIDN'T HIT HER. THERE WAS NO PHYSICAL CONTACT?

DEFENSE: DID YOU SEE ANY PHYSICAL CONTACT AT ALL?
P_WITNESS: NO.

DEFENSE: ANY PUSHING, SHOVING?
P_WITNESS: NO.

DEFENSE: NOW, DURING THE PERIOD OF TIME IN FEBRUARY AND MARCH 1994, WERE O.J. AND NICOLE STILL DATING AND WAS SHE STILL TRYING TO GET BACK TOGETHER WITH HIM?
P_WITNESS: I DON'T KNOW FOR SURE. IT WAS OFF AND ON, SO IT COULD HAVE BEEN.

DEFENSE: AT SOME POINT IN TIME DID YOU LEARN THAT O.J. HAD SAID THAT IT WASN'T WORKING OUT WITH NICOLE AND THAT THEY WERE GOING TO GO THEIR OWN SEPARATE WAYS?
P_WITNESS: AT SOME POINT, YES.

DEFENSE: DO YOU RECALL PRECISELY WHEN THAT WAS?
P_WITNESS: GOSH, PRECISELY? NOT PRECISELY, BUT -- IT COULD HAVE BEEN MARCH, BUT I CAN'T GIVE YOU A DATE.

DEFENSE: NOW, YOUR RELATIONSHIP WITH O.J. YOU SAID WAS AS A FRIEND.WERE YOU PART OF HIS DAY-TO-DAY LIFE?
P_WITNESS: NO.

DEFENSE: WOULD YOU TALK TO HIM ON A DAY-TO-DAY BASIS?
P_WITNESS: NO.

DEFENSE: DID YOU KNOW HIS COMINGS AND GOINGS?
P_WITNESS: NO.

DEFENSE: SO YOU WOULDN'T BE GENERALLY AWARE AT ANY POINT IN TIME WHERE HE WAS OR WHAT HE WAS DOING?
P_WITNESS: CORRECT.

DEFENSE: HOW WAS HE -- WHAT WAS HIS DEMEANOR LIKE AT 2:30 (ON JUNE 12TH)?
P_WITNESS: HE WAS FINE.

DEFENSE: WHEN YOU SAY ""FINE"" ���
P_WITNESS: HE WAS ���

DEFENSE: NORMAL O.J.?
P_WITNESS: GOT DONE GOLFING, LIKE YOU ARE NOW, I GUESS. I GUESS NORMAL CONVERSATION.

DEFENSE: HE DIDN'T SEEM ANGRY?
P_WITNESS: NO.

DEFENSE: DIDN'T SEEM AGITATED?
P_WITNESS: NO.

DEFENSE: HE DIDN'T SEEM DEPRESSED?
P_WITNESS: NO.

DEFENSE: DIDN'T SEEM DESPONDENT?
P_WITNESS: NO.

DEFENSE: DIDN'T SEEM PREOCCUPIED?
P_WITNESS: NO. I THINK HE MENTIONED THE TRIP WAS COMING UP.

DEFENSE: AND THEN YOU SAW HIM A LITTLE LATER THAT EVENING?
P_WITNESS: YES.

DEFENSE: ABOUT WHAT TIME?
P_WITNESS: UMM, ABOUT 8:30, AROUND THERE, WHEN HE CAME INTO THE ROOM.

DEFENSE: DID HE SEEM AGITATED AT THAT TIME?
P_WITNESS: NO.

DEFENSE: DID HE SEEM ANGRY?
","```json
{
    ""belief"": ""The witness's response is consistent with his previous testimony and does not provide any new information that would benefit either side. The witness maintains a neutral stance and does not appear to be lying or being particularly convincing."",
    ""Commitment_value"": ""3"",
    ""quality_rate"": ""1"",
    ""consistency_value"": ""1"",
    ""relevance_rate"": ""1"",
    ""manner_rate"": ""2"",
    ""outcome_value"": ""Witness"",
    ""outcome_reason"": ""2""
}
```",The witness's response is consistent with his previous testimony and does not provide any new information that would benefit either side. The witness maintains a neutral stance and does not appear to be lying or being particularly convincing.,3,1,1,1,2,Witness,2,0,0,0,0.8709677419354839,0.5,3.3000000000000003,16.5,21.8,0.6648083494175324,0.7174131476926132,-0.0380581537655602,-0.0526047982750808
Q/A,DID HE TALK ABOUT ANYTHING THAT WAS BOTHERING HIM?,NO.,,DEFENSE,P_WITNESS,"### Summary of Facts Discussed in the Dialogue

#### Defense Side:
1. **Relationship Status**:
   - Nicole was divorced from O.J. Simpson when she first met the witness.
   - Nicole was dating other men during this time, and O.J. was aware of it.
   - O.J. did not express any concerns or anger about Nicole dating other men.

2. **Interactions Between O.J. and Nicole**:
   - The witness was present when Nicole visited O.J. at his Rockingham house.
   - There was no physical contact observed between O.J. and Nicole; no hitting, pushing, or shoving was reported.

3. **Timeline of Relationship**:
   - The relationship between O.J. and Nicole was described as ""off and on"" around February and March 1994.
   - The witness learned that O.J. had mentioned it wasn't working out with Nicole at some point, possibly in March.

4. **Witness's Relationship with O.J.**:
   - The witness described their relationship with O.J. as a friendship but not part of his day-to-day life.
   - The witness did not know O.J.'s daily activities or whereabouts.

5. **O.J.'s Demeanor**:
   - On June 12th, O.J. appeared normal, not angry, agitated, depressed, or preoccupied.
   - The witness saw O.J. later that evening and reported he still seemed fine and had no issues bothering him.

6. **Blood Evidence**:
   - The witness did not see any blood at the front of the driveway or while walking to the limousine at 11:00 PM.
   - The witness only became aware of blood after police officers pointed it out the next morning.
   - No injuries or bleeding were observed on O.J.'s left index finger at the last sighting.

#### Prosecution Side:
- The prosecution did not present direct evidence in this dialogue but objected to the defense's line of questioning regarding speculation about the relationship dynamics and physical interactions between O.J. and Nicole.

### Conflicts and Disagreements:
1. **Nature of Relationship**:
   - The defense emphasizes that O.J. was not concerned about Nicole's dating life, while the prosecution may imply that there were underlying issues in their relationship.

2. **Physical Interactions**:
   - The defense asserts that there was no physical violence or contact between O.J. and Nicole, which could conflict with any prosecution claims of domestic violence or aggression.

3. **O.J.'s State of Mind**:
   - The defense portrays O.J. as calm and normal during the critical times, while the prosecution may argue that his demeanor could mask deeper issues or guilt.

4. **Blood Evidence**:
   - The defense claims the witness did not see any blood, which could contradict any prosecution narrative that suggests O.J. was involved in a violent incident.

Overall, the dialogue presents a defense focused on establishing O.J.'s non-violent behavior and normal demeanor, while the prosecution's objections suggest they may be trying to challenge the credibility of the witness's observations and the implications of the relationship dynamics.","Previous Context Summary:
In the court conversation, the key claims from each side are as follows:

1. **Defense's Claim**: The defense is attempting to establish that O.J. Simpson was not concerned about Nicole's dating life after their divorce, indicating that he did not show any signs of anger or upset regarding her relationships with other men. They also aim to portray O.J. as having a normal demeanor on the day of the incident in question, suggesting he was calm and not preoccupied with any distressing thoughts.

2. **Prosecution's Claim**: While the prosecution's specific claims are not detailed in the provided text, their objections suggest they are focused on challenging the defense's narrative, particularly regarding the witness's observations and interpretations of O.J.'s behavior and relationship with Nicole.

**Conflicts and Disagreements**: The primary conflict arises from the defense's portrayal of O.J. as a non-aggressive and emotionally stable individual, while the prosecution seems to be contesting this characterization. The defense's line of questioning aims to highlight a lack of evidence for any abusive behavior or emotional turmoil from O.J. regarding Nicole, while the prosecution's objections indicate they may be trying to introduce doubt about the witness's reliability or the completeness of their observations. The witness's uncertainty about the specifics of O.J. and Nicole's relationship during certain periods also introduces ambiguity, which could be a point of contention between the two sides.

Recent Exchanges:
DEFENSE: NORMAL O.J.?
P_WITNESS: GOT DONE GOLFING, LIKE YOU ARE NOW, I GUESS. I GUESS NORMAL CONVERSATION.

DEFENSE: HE DIDN'T SEEM ANGRY?
P_WITNESS: NO.

DEFENSE: DIDN'T SEEM AGITATED?
P_WITNESS: NO.

DEFENSE: HE DIDN'T SEEM DEPRESSED?
P_WITNESS: NO.

DEFENSE: DIDN'T SEEM DESPONDENT?
P_WITNESS: NO.

DEFENSE: DIDN'T SEEM PREOCCUPIED?
P_WITNESS: NO. I THINK HE MENTIONED THE TRIP WAS COMING UP.

DEFENSE: AND THEN YOU SAW HIM A LITTLE LATER THAT EVENING?
P_WITNESS: YES.

DEFENSE: ABOUT WHAT TIME?
P_WITNESS: UMM, ABOUT 8:30, AROUND THERE, WHEN HE CAME INTO THE ROOM.

DEFENSE: DID HE SEEM AGITATED AT THAT TIME?
P_WITNESS: NO.

DEFENSE: DID HE SEEM ANGRY?
P_WITNESS: NO.

Current Exchange:
DEFENSE: DID HE TALK ABOUT ANYTHING THAT WAS BOTHERING HIM?
P_WITNESS: NO.",simpson_prosecution_9,"Brian ""kato"" Kaelin","Brian ""Kato"" Kaelin was a witness for the prosecution in the 1995 O.J. Simpson murder trial. His testimony was key because it contradicted Simpson's version of events","DEFENSE: AND THAT DURING THE PERIOD OF TIME WHEN YOU FIRST MET NICOLE, SHE WAS DIVORCED FROM O.J. SIMPSON?
P_WITNESS: YES.

DEFENSE: AND SHE WAS DATING OTHER MEN?
P_WITNESS: YES.

DEFENSE: AND WAS HE (O.J.) AWARE THAT SHE WAS DATING OTHER MEN?
P_WITNESS: YES.

DEFENSE: AND DID HE EVER VOICE ANY CONCERNS ABOUT THAT?
P_WITNESS: NO.

DEFENSE: DID HE EVER SHOW ANY ANGER OR UPSET -- BEING UPSET AT THE FACT THAT SHE WAS DATING OTHER MEN?
P_WITNESS: NO.

DEFENSE: DID YOU EVER DISCUSS WITH O.J. WHAT YOUR RELATIONSHIP WAS WITH NICOLE?
P_WITNESS: NO.

DEFENSE: WAS IT EVER A CONCERN OF HIS?
P_WITNESS: NO.

DEFENSE: WERE YOU EVER PRESENT WHEN NICOLE WOULD COME OVER AND VISIT O.J. AT HIS ROCKINGHAM HOUSE?
P_WITNESS: WHEN I WAS THERE?

DEFENSE: YES.
P_WITNESS: YES.

DEFENSE: AND HOW DID THEY SEEM TO GET ALONG?
nan: nan

PROSECUTION: OBJECTION, SPECULATION, YOUR HONOR.
nan: nan

COURT: OVERRULED.
nan: nan

DEFENSE: DID YOU EVER SEE ANY PHYSICAL CONTACT BETWEEN THE TWO OF THEM?
P_WITNESS: I -- HE DIDN'T HIT HER. THERE WAS NO PHYSICAL CONTACT?

DEFENSE: DID YOU SEE ANY PHYSICAL CONTACT AT ALL?
P_WITNESS: NO.

DEFENSE: ANY PUSHING, SHOVING?
P_WITNESS: NO.

DEFENSE: NOW, DURING THE PERIOD OF TIME IN FEBRUARY AND MARCH 1994, WERE O.J. AND NICOLE STILL DATING AND WAS SHE STILL TRYING TO GET BACK TOGETHER WITH HIM?
P_WITNESS: I DON'T KNOW FOR SURE. IT WAS OFF AND ON, SO IT COULD HAVE BEEN.

DEFENSE: AT SOME POINT IN TIME DID YOU LEARN THAT O.J. HAD SAID THAT IT WASN'T WORKING OUT WITH NICOLE AND THAT THEY WERE GOING TO GO THEIR OWN SEPARATE WAYS?
P_WITNESS: AT SOME POINT, YES.

DEFENSE: DO YOU RECALL PRECISELY WHEN THAT WAS?
P_WITNESS: GOSH, PRECISELY? NOT PRECISELY, BUT -- IT COULD HAVE BEEN MARCH, BUT I CAN'T GIVE YOU A DATE.

DEFENSE: NOW, YOUR RELATIONSHIP WITH O.J. YOU SAID WAS AS A FRIEND.WERE YOU PART OF HIS DAY-TO-DAY LIFE?
P_WITNESS: NO.

DEFENSE: WOULD YOU TALK TO HIM ON A DAY-TO-DAY BASIS?
P_WITNESS: NO.

DEFENSE: DID YOU KNOW HIS COMINGS AND GOINGS?
P_WITNESS: NO.

DEFENSE: SO YOU WOULDN'T BE GENERALLY AWARE AT ANY POINT IN TIME WHERE HE WAS OR WHAT HE WAS DOING?
P_WITNESS: CORRECT.

DEFENSE: HOW WAS HE -- WHAT WAS HIS DEMEANOR LIKE AT 2:30 (ON JUNE 12TH)?
P_WITNESS: HE WAS FINE.

DEFENSE: WHEN YOU SAY ""FINE"" ���
P_WITNESS: HE WAS ���

DEFENSE: NORMAL O.J.?
P_WITNESS: GOT DONE GOLFING, LIKE YOU ARE NOW, I GUESS. I GUESS NORMAL CONVERSATION.

DEFENSE: HE DIDN'T SEEM ANGRY?
P_WITNESS: NO.

DEFENSE: DIDN'T SEEM AGITATED?
P_WITNESS: NO.

DEFENSE: HE DIDN'T SEEM DEPRESSED?
P_WITNESS: NO.

DEFENSE: DIDN'T SEEM DESPONDENT?
P_WITNESS: NO.

DEFENSE: DIDN'T SEEM PREOCCUPIED?
P_WITNESS: NO. I THINK HE MENTIONED THE TRIP WAS COMING UP.

DEFENSE: AND THEN YOU SAW HIM A LITTLE LATER THAT EVENING?
P_WITNESS: YES.

DEFENSE: ABOUT WHAT TIME?
P_WITNESS: UMM, ABOUT 8:30, AROUND THERE, WHEN HE CAME INTO THE ROOM.

DEFENSE: DID HE SEEM AGITATED AT THAT TIME?
P_WITNESS: NO.

DEFENSE: DID HE SEEM ANGRY?
P_WITNESS: NO.

DEFENSE: DID HE TALK ABOUT ANYTHING THAT WAS BOTHERING HIM?
","```json
{
    ""belief"": ""The witness maintains a neutral stance and does not provide any new information that would significantly benefit either side. The response is consistent with previous testimony and is relevant to the question asked."",
    ""Commitment_value"": ""3"",
    ""quality_rate"": ""1"",
    ""consistency_value"": ""0"",
    ""relevance_rate"": ""1"",
    ""manner_rate"": ""2"",
    ""outcome_value"": ""Witness"",
    ""outcome_reason"": ""2""
}
```",The witness maintains a neutral stance and does not provide any new information that would significantly benefit either side. The response is consistent with previous testimony and is relevant to the question asked.,3,1,0,1,2,Witness,2,0,0,0,0.875,0.5,0.0,17.0,21.8,0.7390425323549741,0.7174131476926132,0.0148506988291289,0.0216293846623608
Q/A,DID HE TALK ABOUT ANY ANGER HE HAD TOWARDS ANYONE?,NO.,,DEFENSE,P_WITNESS,"### Summary of Facts Discussed in the Dialogue

#### Defense Side:
1. **Relationship Status**:
   - Nicole was divorced from O.J. Simpson when she first met the witness.
   - Nicole was dating other men during this time, and O.J. was aware of it.
   - O.J. did not express any concerns or anger about Nicole dating other men.

2. **Interactions Between O.J. and Nicole**:
   - The witness was present when Nicole visited O.J. at his Rockingham house.
   - There was no physical contact observed between O.J. and Nicole; no hitting, pushing, or shoving was reported.

3. **Timeline of Relationship**:
   - The relationship between O.J. and Nicole was described as ""off and on"" around February and March 1994.
   - The witness learned that O.J. had mentioned it wasn't working out with Nicole at some point, possibly in March.

4. **Witness's Relationship with O.J.**:
   - The witness described their relationship with O.J. as a friendship but not part of his day-to-day life.
   - The witness did not know O.J.'s daily activities or whereabouts.

5. **O.J.'s Demeanor**:
   - On June 12th, O.J. appeared normal, not angry, agitated, depressed, or preoccupied.
   - The witness saw O.J. later that evening and reported he still seemed fine and had no issues bothering him.

6. **Blood Evidence**:
   - The witness did not see any blood at the front of the driveway or while walking to the limousine at 11:00 PM.
   - The witness only became aware of blood after police officers pointed it out the next morning.
   - No injuries or bleeding were observed on O.J.'s left index finger at the last sighting.

#### Prosecution Side:
- The prosecution did not present direct evidence in this dialogue but objected to the defense's line of questioning regarding speculation about the relationship dynamics and physical interactions between O.J. and Nicole.

### Conflicts and Disagreements:
1. **Nature of Relationship**:
   - The defense emphasizes that O.J. was not concerned about Nicole's dating life, while the prosecution may imply that there were underlying issues in their relationship.

2. **Physical Interactions**:
   - The defense asserts that there was no physical violence or contact between O.J. and Nicole, which could conflict with any prosecution claims of domestic violence or aggression.

3. **O.J.'s State of Mind**:
   - The defense portrays O.J. as calm and normal during the critical times, while the prosecution may argue that his demeanor could mask deeper issues or guilt.

4. **Blood Evidence**:
   - The defense claims the witness did not see any blood, which could contradict any prosecution narrative that suggests O.J. was involved in a violent incident.

Overall, the dialogue presents a defense focused on establishing O.J.'s non-violent behavior and normal demeanor, while the prosecution's objections suggest they may be trying to challenge the credibility of the witness's observations and the implications of the relationship dynamics.","Previous Context Summary:
In the court conversation, the defense and prosecution presented contrasting claims regarding O.J. Simpson's relationship with Nicole Brown Simpson and his demeanor around the time of the incident.

1. **Important Claims:**
   - **Defense:** The defense aimed to establish that O.J. Simpson was not concerned about Nicole dating other men, had no anger or issues regarding their relationship, and appeared normal and untroubled on the day of the incident.
   - **Prosecution:** While the prosecution did not present direct claims in this excerpt, their objections suggest they may be trying to challenge the defense's portrayal of O.J.'s demeanor and the nature of his relationship with Nicole.

2. **Conflicts and Disagreement:**
   - The defense's line of questioning sought to portray O.J. as calm and unaffected by his past relationship with Nicole, while the prosecution's objections indicate a potential disagreement over the relevance and interpretation of the witness's testimony regarding O.J.'s emotional state and the dynamics of his relationship with Nicole.
   - There is a conflict in understanding the nature of O.J. and Nicole's relationship during the time leading up to the incident, particularly regarding whether they were still dating or trying to reconcile, which the witness could not definitively clarify.

Recent Exchanges:
DEFENSE: HE DIDN'T SEEM ANGRY?
P_WITNESS: NO.

DEFENSE: DIDN'T SEEM AGITATED?
P_WITNESS: NO.

DEFENSE: HE DIDN'T SEEM DEPRESSED?
P_WITNESS: NO.

DEFENSE: DIDN'T SEEM DESPONDENT?
P_WITNESS: NO.

DEFENSE: DIDN'T SEEM PREOCCUPIED?
P_WITNESS: NO. I THINK HE MENTIONED THE TRIP WAS COMING UP.

DEFENSE: AND THEN YOU SAW HIM A LITTLE LATER THAT EVENING?
P_WITNESS: YES.

DEFENSE: ABOUT WHAT TIME?
P_WITNESS: UMM, ABOUT 8:30, AROUND THERE, WHEN HE CAME INTO THE ROOM.

DEFENSE: DID HE SEEM AGITATED AT THAT TIME?
P_WITNESS: NO.

DEFENSE: DID HE SEEM ANGRY?
P_WITNESS: NO.

DEFENSE: DID HE TALK ABOUT ANYTHING THAT WAS BOTHERING HIM?
P_WITNESS: NO.

Current Exchange:
DEFENSE: DID HE TALK ABOUT ANY ANGER HE HAD TOWARDS ANYONE?
P_WITNESS: NO.",simpson_prosecution_9,"Brian ""kato"" Kaelin","Brian ""Kato"" Kaelin was a witness for the prosecution in the 1995 O.J. Simpson murder trial. His testimony was key because it contradicted Simpson's version of events","DEFENSE: AND THAT DURING THE PERIOD OF TIME WHEN YOU FIRST MET NICOLE, SHE WAS DIVORCED FROM O.J. SIMPSON?
P_WITNESS: YES.

DEFENSE: AND SHE WAS DATING OTHER MEN?
P_WITNESS: YES.

DEFENSE: AND WAS HE (O.J.) AWARE THAT SHE WAS DATING OTHER MEN?
P_WITNESS: YES.

DEFENSE: AND DID HE EVER VOICE ANY CONCERNS ABOUT THAT?
P_WITNESS: NO.

DEFENSE: DID HE EVER SHOW ANY ANGER OR UPSET -- BEING UPSET AT THE FACT THAT SHE WAS DATING OTHER MEN?
P_WITNESS: NO.

DEFENSE: DID YOU EVER DISCUSS WITH O.J. WHAT YOUR RELATIONSHIP WAS WITH NICOLE?
P_WITNESS: NO.

DEFENSE: WAS IT EVER A CONCERN OF HIS?
P_WITNESS: NO.

DEFENSE: WERE YOU EVER PRESENT WHEN NICOLE WOULD COME OVER AND VISIT O.J. AT HIS ROCKINGHAM HOUSE?
P_WITNESS: WHEN I WAS THERE?

DEFENSE: YES.
P_WITNESS: YES.

DEFENSE: AND HOW DID THEY SEEM TO GET ALONG?
nan: nan

PROSECUTION: OBJECTION, SPECULATION, YOUR HONOR.
nan: nan

COURT: OVERRULED.
nan: nan

DEFENSE: DID YOU EVER SEE ANY PHYSICAL CONTACT BETWEEN THE TWO OF THEM?
P_WITNESS: I -- HE DIDN'T HIT HER. THERE WAS NO PHYSICAL CONTACT?

DEFENSE: DID YOU SEE ANY PHYSICAL CONTACT AT ALL?
P_WITNESS: NO.

DEFENSE: ANY PUSHING, SHOVING?
P_WITNESS: NO.

DEFENSE: NOW, DURING THE PERIOD OF TIME IN FEBRUARY AND MARCH 1994, WERE O.J. AND NICOLE STILL DATING AND WAS SHE STILL TRYING TO GET BACK TOGETHER WITH HIM?
P_WITNESS: I DON'T KNOW FOR SURE. IT WAS OFF AND ON, SO IT COULD HAVE BEEN.

DEFENSE: AT SOME POINT IN TIME DID YOU LEARN THAT O.J. HAD SAID THAT IT WASN'T WORKING OUT WITH NICOLE AND THAT THEY WERE GOING TO GO THEIR OWN SEPARATE WAYS?
P_WITNESS: AT SOME POINT, YES.

DEFENSE: DO YOU RECALL PRECISELY WHEN THAT WAS?
P_WITNESS: GOSH, PRECISELY? NOT PRECISELY, BUT -- IT COULD HAVE BEEN MARCH, BUT I CAN'T GIVE YOU A DATE.

DEFENSE: NOW, YOUR RELATIONSHIP WITH O.J. YOU SAID WAS AS A FRIEND.WERE YOU PART OF HIS DAY-TO-DAY LIFE?
P_WITNESS: NO.

DEFENSE: WOULD YOU TALK TO HIM ON A DAY-TO-DAY BASIS?
P_WITNESS: NO.

DEFENSE: DID YOU KNOW HIS COMINGS AND GOINGS?
P_WITNESS: NO.

DEFENSE: SO YOU WOULDN'T BE GENERALLY AWARE AT ANY POINT IN TIME WHERE HE WAS OR WHAT HE WAS DOING?
P_WITNESS: CORRECT.

DEFENSE: HOW WAS HE -- WHAT WAS HIS DEMEANOR LIKE AT 2:30 (ON JUNE 12TH)?
P_WITNESS: HE WAS FINE.

DEFENSE: WHEN YOU SAY ""FINE"" ���
P_WITNESS: HE WAS ���

DEFENSE: NORMAL O.J.?
P_WITNESS: GOT DONE GOLFING, LIKE YOU ARE NOW, I GUESS. I GUESS NORMAL CONVERSATION.

DEFENSE: HE DIDN'T SEEM ANGRY?
P_WITNESS: NO.

DEFENSE: DIDN'T SEEM AGITATED?
P_WITNESS: NO.

DEFENSE: HE DIDN'T SEEM DEPRESSED?
P_WITNESS: NO.

DEFENSE: DIDN'T SEEM DESPONDENT?
P_WITNESS: NO.

DEFENSE: DIDN'T SEEM PREOCCUPIED?
P_WITNESS: NO. I THINK HE MENTIONED THE TRIP WAS COMING UP.

DEFENSE: AND THEN YOU SAW HIM A LITTLE LATER THAT EVENING?
P_WITNESS: YES.

DEFENSE: ABOUT WHAT TIME?
P_WITNESS: UMM, ABOUT 8:30, AROUND THERE, WHEN HE CAME INTO THE ROOM.

DEFENSE: DID HE SEEM AGITATED AT THAT TIME?
P_WITNESS: NO.

DEFENSE: DID HE SEEM ANGRY?
P_WITNESS: NO.

DEFENSE: DID HE TALK ABOUT ANYTHING THAT WAS BOTHERING HIM?
P_WITNESS: NO.

DEFENSE: DID HE TALK ABOUT ANY ANGER HE HAD TOWARDS ANYONE?
","```json
{
    ""belief"": ""The witness maintains a neutral stance and does not provide any new information that would significantly benefit either side. The response is clear and relevant to the question, but it does not add much to the overall narrative."",
    ""Commitment_value"": ""3"",
    ""quality_rate"": ""1"",
    ""consistency_value"": ""0"",
    ""relevance_rate"": ""1"",
    ""manner_rate"": ""2"",
    ""outcome_value"": ""Witness"",
    ""outcome_reason"": ""2""
}
```","The witness maintains a neutral stance and does not provide any new information that would significantly benefit either side. The response is clear and relevant to the question, but it does not add much to the overall narrative.",3,1,0,1,2,Witness,2,0,0,0,0.8787878787878788,0.5,0.0,17.5,21.8,0.8132767152924156,0.7174131476926132,0.0626276882848475,0.0958635675998024
Q/A,AND THEN THERE WAS A DISCUSSION ABOUT GOING TO GET A HAMBURGER?,YES.,,DEFENSE,P_WITNESS,"### Summary of Facts Discussed in the Dialogue

#### Defense Side:
1. **Relationship Status**:
   - Nicole was divorced from O.J. Simpson when she first met the witness.
   - Nicole was dating other men during this time, and O.J. was aware of it.
   - O.J. did not express any concerns or anger about Nicole dating other men.

2. **Interactions Between O.J. and Nicole**:
   - The witness was present when Nicole visited O.J. at his Rockingham house.
   - There was no physical contact observed between O.J. and Nicole; no hitting, pushing, or shoving was reported.

3. **Timeline of Relationship**:
   - The relationship between O.J. and Nicole was described as ""off and on"" around February and March 1994.
   - The witness learned that O.J. had mentioned it wasn't working out with Nicole at some point, possibly in March.

4. **Witness's Relationship with O.J.**:
   - The witness described their relationship with O.J. as a friendship but not part of his day-to-day life.
   - The witness did not know O.J.'s daily activities or whereabouts.

5. **O.J.'s Demeanor**:
   - On June 12th, O.J. appeared normal, not angry, agitated, depressed, or preoccupied.
   - The witness saw O.J. later that evening and reported he still seemed fine and had no issues bothering him.

6. **Blood Evidence**:
   - The witness did not see any blood at the front of the driveway or while walking to the limousine at 11:00 PM.
   - The witness only became aware of blood after police officers pointed it out the next morning.
   - No injuries or bleeding were observed on O.J.'s left index finger at the last sighting.

#### Prosecution Side:
- The prosecution did not present direct evidence in this dialogue but objected to the defense's line of questioning regarding speculation about the relationship dynamics and physical interactions between O.J. and Nicole.

### Conflicts and Disagreements:
1. **Nature of Relationship**:
   - The defense emphasizes that O.J. was not concerned about Nicole's dating life, while the prosecution may imply that there were underlying issues in their relationship.

2. **Physical Interactions**:
   - The defense asserts that there was no physical violence or contact between O.J. and Nicole, which could conflict with any prosecution claims of domestic violence or aggression.

3. **O.J.'s State of Mind**:
   - The defense portrays O.J. as calm and normal during the critical times, while the prosecution may argue that his demeanor could mask deeper issues or guilt.

4. **Blood Evidence**:
   - The defense claims the witness did not see any blood, which could contradict any prosecution narrative that suggests O.J. was involved in a violent incident.

Overall, the dialogue presents a defense focused on establishing O.J.'s non-violent behavior and normal demeanor, while the prosecution's objections suggest they may be trying to challenge the credibility of the witness's observations and the implications of the relationship dynamics.","Previous Context Summary:
In the court conversation, the key claims from each side are as follows:

1. **Defense's Claim**: The defense is attempting to establish that O.J. Simpson was not angry or upset about Nicole's dating life after their divorce, and that he maintained a normal demeanor on the day of the incident in question. They emphasize that there was no evidence of physical altercations or emotional distress from O.J. during interactions with Nicole or on the day of the events being discussed.

2. **Prosecution's Claim**: While the prosecution does not present a direct claim in this excerpt, their objection to the defense's line of questioning suggests they may be aiming to highlight potential underlying issues in O.J. and Nicole's relationship, possibly indicating that the defense's portrayal of O.J. as calm and unaffected is misleading.

**Conflicts and Disagreements**: The primary conflict arises from the defense's portrayal of O.J. Simpson as a calm and collected individual who had no issues with Nicole dating other men, contrasting with the prosecution's likely intention to suggest that there were deeper emotional or relational problems. The defense's witness testimony supports their narrative, stating that O.J. did not show anger or agitation, while the prosecution's objections indicate a disagreement over the relevance and implications of this testimony.

Recent Exchanges:
DEFENSE: DIDN'T SEEM AGITATED?
P_WITNESS: NO.

DEFENSE: HE DIDN'T SEEM DEPRESSED?
P_WITNESS: NO.

DEFENSE: DIDN'T SEEM DESPONDENT?
P_WITNESS: NO.

DEFENSE: DIDN'T SEEM PREOCCUPIED?
P_WITNESS: NO. I THINK HE MENTIONED THE TRIP WAS COMING UP.

DEFENSE: AND THEN YOU SAW HIM A LITTLE LATER THAT EVENING?
P_WITNESS: YES.

DEFENSE: ABOUT WHAT TIME?
P_WITNESS: UMM, ABOUT 8:30, AROUND THERE, WHEN HE CAME INTO THE ROOM.

DEFENSE: DID HE SEEM AGITATED AT THAT TIME?
P_WITNESS: NO.

DEFENSE: DID HE SEEM ANGRY?
P_WITNESS: NO.

DEFENSE: DID HE TALK ABOUT ANYTHING THAT WAS BOTHERING HIM?
P_WITNESS: NO.

DEFENSE: DID HE TALK ABOUT ANY ANGER HE HAD TOWARDS ANYONE?
P_WITNESS: NO.

Current Exchange:
DEFENSE: AND THEN THERE WAS A DISCUSSION ABOUT GOING TO GET A HAMBURGER?
P_WITNESS: YES.",simpson_prosecution_9,"Brian ""kato"" Kaelin","Brian ""Kato"" Kaelin was a witness for the prosecution in the 1995 O.J. Simpson murder trial. His testimony was key because it contradicted Simpson's version of events","DEFENSE: AND THAT DURING THE PERIOD OF TIME WHEN YOU FIRST MET NICOLE, SHE WAS DIVORCED FROM O.J. SIMPSON?
P_WITNESS: YES.

DEFENSE: AND SHE WAS DATING OTHER MEN?
P_WITNESS: YES.

DEFENSE: AND WAS HE (O.J.) AWARE THAT SHE WAS DATING OTHER MEN?
P_WITNESS: YES.

DEFENSE: AND DID HE EVER VOICE ANY CONCERNS ABOUT THAT?
P_WITNESS: NO.

DEFENSE: DID HE EVER SHOW ANY ANGER OR UPSET -- BEING UPSET AT THE FACT THAT SHE WAS DATING OTHER MEN?
P_WITNESS: NO.

DEFENSE: DID YOU EVER DISCUSS WITH O.J. WHAT YOUR RELATIONSHIP WAS WITH NICOLE?
P_WITNESS: NO.

DEFENSE: WAS IT EVER A CONCERN OF HIS?
P_WITNESS: NO.

DEFENSE: WERE YOU EVER PRESENT WHEN NICOLE WOULD COME OVER AND VISIT O.J. AT HIS ROCKINGHAM HOUSE?
P_WITNESS: WHEN I WAS THERE?

DEFENSE: YES.
P_WITNESS: YES.

DEFENSE: AND HOW DID THEY SEEM TO GET ALONG?
nan: nan

PROSECUTION: OBJECTION, SPECULATION, YOUR HONOR.
nan: nan

COURT: OVERRULED.
nan: nan

DEFENSE: DID YOU EVER SEE ANY PHYSICAL CONTACT BETWEEN THE TWO OF THEM?
P_WITNESS: I -- HE DIDN'T HIT HER. THERE WAS NO PHYSICAL CONTACT?

DEFENSE: DID YOU SEE ANY PHYSICAL CONTACT AT ALL?
P_WITNESS: NO.

DEFENSE: ANY PUSHING, SHOVING?
P_WITNESS: NO.

DEFENSE: NOW, DURING THE PERIOD OF TIME IN FEBRUARY AND MARCH 1994, WERE O.J. AND NICOLE STILL DATING AND WAS SHE STILL TRYING TO GET BACK TOGETHER WITH HIM?
P_WITNESS: I DON'T KNOW FOR SURE. IT WAS OFF AND ON, SO IT COULD HAVE BEEN.

DEFENSE: AT SOME POINT IN TIME DID YOU LEARN THAT O.J. HAD SAID THAT IT WASN'T WORKING OUT WITH NICOLE AND THAT THEY WERE GOING TO GO THEIR OWN SEPARATE WAYS?
P_WITNESS: AT SOME POINT, YES.

DEFENSE: DO YOU RECALL PRECISELY WHEN THAT WAS?
P_WITNESS: GOSH, PRECISELY? NOT PRECISELY, BUT -- IT COULD HAVE BEEN MARCH, BUT I CAN'T GIVE YOU A DATE.

DEFENSE: NOW, YOUR RELATIONSHIP WITH O.J. YOU SAID WAS AS A FRIEND.WERE YOU PART OF HIS DAY-TO-DAY LIFE?
P_WITNESS: NO.

DEFENSE: WOULD YOU TALK TO HIM ON A DAY-TO-DAY BASIS?
P_WITNESS: NO.

DEFENSE: DID YOU KNOW HIS COMINGS AND GOINGS?
P_WITNESS: NO.

DEFENSE: SO YOU WOULDN'T BE GENERALLY AWARE AT ANY POINT IN TIME WHERE HE WAS OR WHAT HE WAS DOING?
P_WITNESS: CORRECT.

DEFENSE: HOW WAS HE -- WHAT WAS HIS DEMEANOR LIKE AT 2:30 (ON JUNE 12TH)?
P_WITNESS: HE WAS FINE.

DEFENSE: WHEN YOU SAY ""FINE"" ���
P_WITNESS: HE WAS ���

DEFENSE: NORMAL O.J.?
P_WITNESS: GOT DONE GOLFING, LIKE YOU ARE NOW, I GUESS. I GUESS NORMAL CONVERSATION.

DEFENSE: HE DIDN'T SEEM ANGRY?
P_WITNESS: NO.

DEFENSE: DIDN'T SEEM AGITATED?
P_WITNESS: NO.

DEFENSE: HE DIDN'T SEEM DEPRESSED?
P_WITNESS: NO.

DEFENSE: DIDN'T SEEM DESPONDENT?
P_WITNESS: NO.

DEFENSE: DIDN'T SEEM PREOCCUPIED?
P_WITNESS: NO. I THINK HE MENTIONED THE TRIP WAS COMING UP.

DEFENSE: AND THEN YOU SAW HIM A LITTLE LATER THAT EVENING?
P_WITNESS: YES.

DEFENSE: ABOUT WHAT TIME?
P_WITNESS: UMM, ABOUT 8:30, AROUND THERE, WHEN HE CAME INTO THE ROOM.

DEFENSE: DID HE SEEM AGITATED AT THAT TIME?
P_WITNESS: NO.

DEFENSE: DID HE SEEM ANGRY?
P_WITNESS: NO.

DEFENSE: DID HE TALK ABOUT ANYTHING THAT WAS BOTHERING HIM?
P_WITNESS: NO.

DEFENSE: DID HE TALK ABOUT ANY ANGER HE HAD TOWARDS ANYONE?
P_WITNESS: NO.

DEFENSE: AND THEN THERE WAS A DISCUSSION ABOUT GOING TO GET A HAMBURGER?
","```json
{
    ""belief"": ""The witness's response is neutral and does not provide new information that significantly benefits either side. The response is consistent with previous testimony and is relevant to the question asked."",
    ""Commitment_value"": ""3"",
    ""quality_rate"": ""1"",
    ""consistency_value"": ""0"",
    ""relevance_rate"": ""1"",
    ""manner_rate"": ""2"",
    ""outcome_value"": ""Witness"",
    ""outcome_reason"": ""2""
}
```",The witness's response is neutral and does not provide new information that significantly benefits either side. The response is consistent with previous testimony and is relevant to the question asked.,3,1,0,1,2,Witness,2,0,0,0,0.8823529411764706,0.5,0.0,18.0,21.8,0.8875108982298572,0.7174131476926132,0.105984922445022,0.1700977505372439
Q/A,AND YOU INVITED YOURSELF TO GO ALONG?,"YES, I DID.",,DEFENSE,P_WITNESS,"### Summary of Facts Discussed in the Dialogue

#### Defense Side:
1. **Relationship Status**:
   - Nicole was divorced from O.J. Simpson when she first met the witness.
   - Nicole was dating other men during this time, and O.J. was aware of it.
   - O.J. did not express any concerns or anger about Nicole dating other men.

2. **Interactions Between O.J. and Nicole**:
   - The witness was present when Nicole visited O.J. at his Rockingham house.
   - There was no physical contact observed between O.J. and Nicole; no hitting, pushing, or shoving was reported.

3. **Timeline of Relationship**:
   - The relationship between O.J. and Nicole was described as ""off and on"" around February and March 1994.
   - The witness learned that O.J. had mentioned it wasn't working out with Nicole at some point, possibly in March.

4. **Witness's Relationship with O.J.**:
   - The witness described their relationship with O.J. as a friendship but not part of his day-to-day life.
   - The witness did not know O.J.'s daily activities or whereabouts.

5. **O.J.'s Demeanor**:
   - On June 12th, O.J. appeared normal, not angry, agitated, depressed, or preoccupied.
   - The witness saw O.J. later that evening and reported he still seemed fine and had no issues bothering him.

6. **Blood Evidence**:
   - The witness did not see any blood at the front of the driveway or while walking to the limousine at 11:00 PM.
   - The witness only became aware of blood after police officers pointed it out the next morning.
   - No injuries or bleeding were observed on O.J.'s left index finger at the last sighting.

#### Prosecution Side:
- The prosecution did not present direct evidence in this dialogue but objected to the defense's line of questioning regarding speculation about the relationship dynamics and physical interactions between O.J. and Nicole.

### Conflicts and Disagreements:
1. **Nature of Relationship**:
   - The defense emphasizes that O.J. was not concerned about Nicole's dating life, while the prosecution may imply that there were underlying issues in their relationship.

2. **Physical Interactions**:
   - The defense asserts that there was no physical violence or contact between O.J. and Nicole, which could conflict with any prosecution claims of domestic violence or aggression.

3. **O.J.'s State of Mind**:
   - The defense portrays O.J. as calm and normal during the critical times, while the prosecution may argue that his demeanor could mask deeper issues or guilt.

4. **Blood Evidence**:
   - The defense claims the witness did not see any blood, which could contradict any prosecution narrative that suggests O.J. was involved in a violent incident.

Overall, the dialogue presents a defense focused on establishing O.J.'s non-violent behavior and normal demeanor, while the prosecution's objections suggest they may be trying to challenge the credibility of the witness's observations and the implications of the relationship dynamics.","Previous Context Summary:
In the court conversation, the defense and prosecution presented contrasting claims regarding O.J. Simpson's relationship with Nicole Brown and his demeanor on the day of the incident.

1. **Important Claims:**
   - **Defense:** The defense aimed to establish that O.J. Simpson was not concerned about Nicole dating other men, had no anger or aggression towards her, and appeared normal and untroubled on the day of the incident.
   - **Prosecution:** While the prosecution did not directly present their claims in this excerpt, their objection to the defense's line of questioning suggests they may be trying to highlight potential issues in O.J.'s behavior or the nature of his relationship with Nicole.

2. **Conflicts and Disagreement:**
   - The defense's questioning focused on the absence of any signs of conflict or aggression from O.J. towards Nicole, while the prosecution's objection indicates a disagreement over the relevance and implications of the witness's testimony regarding O.J.'s demeanor and relationship dynamics.
   - The witness's inability to provide precise details about O.J. and Nicole's relationship status during specific periods also introduces ambiguity, which could be a point of contention between the two sides.

Recent Exchanges:
DEFENSE: HE DIDN'T SEEM DEPRESSED?
P_WITNESS: NO.

DEFENSE: DIDN'T SEEM DESPONDENT?
P_WITNESS: NO.

DEFENSE: DIDN'T SEEM PREOCCUPIED?
P_WITNESS: NO. I THINK HE MENTIONED THE TRIP WAS COMING UP.

DEFENSE: AND THEN YOU SAW HIM A LITTLE LATER THAT EVENING?
P_WITNESS: YES.

DEFENSE: ABOUT WHAT TIME?
P_WITNESS: UMM, ABOUT 8:30, AROUND THERE, WHEN HE CAME INTO THE ROOM.

DEFENSE: DID HE SEEM AGITATED AT THAT TIME?
P_WITNESS: NO.

DEFENSE: DID HE SEEM ANGRY?
P_WITNESS: NO.

DEFENSE: DID HE TALK ABOUT ANYTHING THAT WAS BOTHERING HIM?
P_WITNESS: NO.

DEFENSE: DID HE TALK ABOUT ANY ANGER HE HAD TOWARDS ANYONE?
P_WITNESS: NO.

DEFENSE: AND THEN THERE WAS A DISCUSSION ABOUT GOING TO GET A HAMBURGER?
P_WITNESS: YES.

Current Exchange:
DEFENSE: AND YOU INVITED YOURSELF TO GO ALONG?
P_WITNESS: YES, I DID.",simpson_prosecution_9,"Brian ""kato"" Kaelin","Brian ""Kato"" Kaelin was a witness for the prosecution in the 1995 O.J. Simpson murder trial. His testimony was key because it contradicted Simpson's version of events","DEFENSE: AND THAT DURING THE PERIOD OF TIME WHEN YOU FIRST MET NICOLE, SHE WAS DIVORCED FROM O.J. SIMPSON?
P_WITNESS: YES.

DEFENSE: AND SHE WAS DATING OTHER MEN?
P_WITNESS: YES.

DEFENSE: AND WAS HE (O.J.) AWARE THAT SHE WAS DATING OTHER MEN?
P_WITNESS: YES.

DEFENSE: AND DID HE EVER VOICE ANY CONCERNS ABOUT THAT?
P_WITNESS: NO.

DEFENSE: DID HE EVER SHOW ANY ANGER OR UPSET -- BEING UPSET AT THE FACT THAT SHE WAS DATING OTHER MEN?
P_WITNESS: NO.

DEFENSE: DID YOU EVER DISCUSS WITH O.J. WHAT YOUR RELATIONSHIP WAS WITH NICOLE?
P_WITNESS: NO.

DEFENSE: WAS IT EVER A CONCERN OF HIS?
P_WITNESS: NO.

DEFENSE: WERE YOU EVER PRESENT WHEN NICOLE WOULD COME OVER AND VISIT O.J. AT HIS ROCKINGHAM HOUSE?
P_WITNESS: WHEN I WAS THERE?

DEFENSE: YES.
P_WITNESS: YES.

DEFENSE: AND HOW DID THEY SEEM TO GET ALONG?
nan: nan

PROSECUTION: OBJECTION, SPECULATION, YOUR HONOR.
nan: nan

COURT: OVERRULED.
nan: nan

DEFENSE: DID YOU EVER SEE ANY PHYSICAL CONTACT BETWEEN THE TWO OF THEM?
P_WITNESS: I -- HE DIDN'T HIT HER. THERE WAS NO PHYSICAL CONTACT?

DEFENSE: DID YOU SEE ANY PHYSICAL CONTACT AT ALL?
P_WITNESS: NO.

DEFENSE: ANY PUSHING, SHOVING?
P_WITNESS: NO.

DEFENSE: NOW, DURING THE PERIOD OF TIME IN FEBRUARY AND MARCH 1994, WERE O.J. AND NICOLE STILL DATING AND WAS SHE STILL TRYING TO GET BACK TOGETHER WITH HIM?
P_WITNESS: I DON'T KNOW FOR SURE. IT WAS OFF AND ON, SO IT COULD HAVE BEEN.

DEFENSE: AT SOME POINT IN TIME DID YOU LEARN THAT O.J. HAD SAID THAT IT WASN'T WORKING OUT WITH NICOLE AND THAT THEY WERE GOING TO GO THEIR OWN SEPARATE WAYS?
P_WITNESS: AT SOME POINT, YES.

DEFENSE: DO YOU RECALL PRECISELY WHEN THAT WAS?
P_WITNESS: GOSH, PRECISELY? NOT PRECISELY, BUT -- IT COULD HAVE BEEN MARCH, BUT I CAN'T GIVE YOU A DATE.

DEFENSE: NOW, YOUR RELATIONSHIP WITH O.J. YOU SAID WAS AS A FRIEND.WERE YOU PART OF HIS DAY-TO-DAY LIFE?
P_WITNESS: NO.

DEFENSE: WOULD YOU TALK TO HIM ON A DAY-TO-DAY BASIS?
P_WITNESS: NO.

DEFENSE: DID YOU KNOW HIS COMINGS AND GOINGS?
P_WITNESS: NO.

DEFENSE: SO YOU WOULDN'T BE GENERALLY AWARE AT ANY POINT IN TIME WHERE HE WAS OR WHAT HE WAS DOING?
P_WITNESS: CORRECT.

DEFENSE: HOW WAS HE -- WHAT WAS HIS DEMEANOR LIKE AT 2:30 (ON JUNE 12TH)?
P_WITNESS: HE WAS FINE.

DEFENSE: WHEN YOU SAY ""FINE"" ���
P_WITNESS: HE WAS ���

DEFENSE: NORMAL O.J.?
P_WITNESS: GOT DONE GOLFING, LIKE YOU ARE NOW, I GUESS. I GUESS NORMAL CONVERSATION.

DEFENSE: HE DIDN'T SEEM ANGRY?
P_WITNESS: NO.

DEFENSE: DIDN'T SEEM AGITATED?
P_WITNESS: NO.

DEFENSE: HE DIDN'T SEEM DEPRESSED?
P_WITNESS: NO.

DEFENSE: DIDN'T SEEM DESPONDENT?
P_WITNESS: NO.

DEFENSE: DIDN'T SEEM PREOCCUPIED?
P_WITNESS: NO. I THINK HE MENTIONED THE TRIP WAS COMING UP.

DEFENSE: AND THEN YOU SAW HIM A LITTLE LATER THAT EVENING?
P_WITNESS: YES.

DEFENSE: ABOUT WHAT TIME?
P_WITNESS: UMM, ABOUT 8:30, AROUND THERE, WHEN HE CAME INTO THE ROOM.

DEFENSE: DID HE SEEM AGITATED AT THAT TIME?
P_WITNESS: NO.

DEFENSE: DID HE SEEM ANGRY?
P_WITNESS: NO.

DEFENSE: DID HE TALK ABOUT ANYTHING THAT WAS BOTHERING HIM?
P_WITNESS: NO.

DEFENSE: DID HE TALK ABOUT ANY ANGER HE HAD TOWARDS ANYONE?
P_WITNESS: NO.

DEFENSE: AND THEN THERE WAS A DISCUSSION ABOUT GOING TO GET A HAMBURGER?
P_WITNESS: YES.

DEFENSE: AND YOU INVITED YOURSELF TO GO ALONG?
","```json
{
    ""belief"": ""The witness's response is neutral and does not provide significant information that benefits either side. The response is clear and relevant, but it does not add substantial new information to the case."",
    ""Commitment_value"": ""3"",
    ""quality_rate"": ""1"",
    ""consistency_value"": ""0"",
    ""relevance_rate"": ""1"",
    ""manner_rate"": ""2"",
    ""outcome_value"": ""Witness"",
    ""outcome_reason"": ""2""
}
```","The witness's response is neutral and does not provide significant information that benefits either side. The response is clear and relevant, but it does not add substantial new information to the case.",3,1,0,1,2,Witness,2,0,0,0,0.8857142857142857,0.5,0.0,18.5,21.8,0.9617450811672988,0.7174131476926132,0.1455085823809339,0.2443319334746856
Q/A,AND HE HAD NO PROBLEM WITH THAT?,NO.,,DEFENSE,P_WITNESS,"### Summary of Facts Discussed in the Dialogue

#### Defense Side:
1. **Relationship Status**:
   - Nicole was divorced from O.J. Simpson when she first met the witness.
   - Nicole was dating other men during this time, and O.J. was aware of it.
   - O.J. did not express any concerns or anger about Nicole dating other men.

2. **Interactions Between O.J. and Nicole**:
   - The witness was present when Nicole visited O.J. at his Rockingham house.
   - There was no physical contact observed between O.J. and Nicole; no hitting, pushing, or shoving was reported.

3. **Timeline of Relationship**:
   - The relationship between O.J. and Nicole was described as ""off and on"" around February and March 1994.
   - The witness learned that O.J. had mentioned it wasn't working out with Nicole at some point, possibly in March.

4. **Witness's Relationship with O.J.**:
   - The witness described their relationship with O.J. as a friendship but not part of his day-to-day life.
   - The witness did not know O.J.'s daily activities or whereabouts.

5. **O.J.'s Demeanor**:
   - On June 12th, O.J. appeared normal, not angry, agitated, depressed, or preoccupied.
   - The witness saw O.J. later that evening and reported he still seemed fine and had no issues bothering him.

6. **Blood Evidence**:
   - The witness did not see any blood at the front of the driveway or while walking to the limousine at 11:00 PM.
   - The witness only became aware of blood after police officers pointed it out the next morning.
   - No injuries or bleeding were observed on O.J.'s left index finger at the last sighting.

#### Prosecution Side:
- The prosecution did not present direct evidence in this dialogue but objected to the defense's line of questioning regarding speculation about the relationship dynamics and physical interactions between O.J. and Nicole.

### Conflicts and Disagreements:
1. **Nature of Relationship**:
   - The defense emphasizes that O.J. was not concerned about Nicole's dating life, while the prosecution may imply that there were underlying issues in their relationship.

2. **Physical Interactions**:
   - The defense asserts that there was no physical violence or contact between O.J. and Nicole, which could conflict with any prosecution claims of domestic violence or aggression.

3. **O.J.'s State of Mind**:
   - The defense portrays O.J. as calm and normal during the critical times, while the prosecution may argue that his demeanor could mask deeper issues or guilt.

4. **Blood Evidence**:
   - The defense claims the witness did not see any blood, which could contradict any prosecution narrative that suggests O.J. was involved in a violent incident.

Overall, the dialogue presents a defense focused on establishing O.J.'s non-violent behavior and normal demeanor, while the prosecution's objections suggest they may be trying to challenge the credibility of the witness's observations and the implications of the relationship dynamics.","Previous Context Summary:
In the court conversation, the defense and prosecution presented conflicting claims regarding O.J. Simpson's relationship with Nicole Brown and his demeanor on the day of the incident.

1. **Important Claims:**
   - **Defense:** The defense aimed to establish that O.J. Simpson was not angry or upset about Nicole dating other men, and that he had a normal demeanor on the day of the incident, indicating he was not preoccupied or despondent.
   - **Prosecution:** The prosecution objected to the defense's line of questioning, suggesting that the witness's observations could be speculative and not necessarily indicative of O.J.'s true feelings or state of mind.

2. **Conflicts and Disagreement:**
   - The defense and prosecution disagreed on the relevance and interpretation of the witness's observations regarding O.J.'s relationship with Nicole and his emotional state. The defense sought to portray O.J. as calm and unaffected, while the prosecution's objections implied that the witness's perspective might not provide a complete or accurate picture of the situation. Additionally, there was uncertainty from the witness about the status of O.J. and Nicole's relationship during specific periods, which could lead to further conflict regarding the timeline and nature of their interactions.

Recent Exchanges:
DEFENSE: DIDN'T SEEM DESPONDENT?
P_WITNESS: NO.

DEFENSE: DIDN'T SEEM PREOCCUPIED?
P_WITNESS: NO. I THINK HE MENTIONED THE TRIP WAS COMING UP.

DEFENSE: AND THEN YOU SAW HIM A LITTLE LATER THAT EVENING?
P_WITNESS: YES.

DEFENSE: ABOUT WHAT TIME?
P_WITNESS: UMM, ABOUT 8:30, AROUND THERE, WHEN HE CAME INTO THE ROOM.

DEFENSE: DID HE SEEM AGITATED AT THAT TIME?
P_WITNESS: NO.

DEFENSE: DID HE SEEM ANGRY?
P_WITNESS: NO.

DEFENSE: DID HE TALK ABOUT ANYTHING THAT WAS BOTHERING HIM?
P_WITNESS: NO.

DEFENSE: DID HE TALK ABOUT ANY ANGER HE HAD TOWARDS ANYONE?
P_WITNESS: NO.

DEFENSE: AND THEN THERE WAS A DISCUSSION ABOUT GOING TO GET A HAMBURGER?
P_WITNESS: YES.

DEFENSE: AND YOU INVITED YOURSELF TO GO ALONG?
P_WITNESS: YES, I DID.

Current Exchange:
DEFENSE: AND HE HAD NO PROBLEM WITH THAT?
P_WITNESS: NO.",simpson_prosecution_9,"Brian ""kato"" Kaelin","Brian ""Kato"" Kaelin was a witness for the prosecution in the 1995 O.J. Simpson murder trial. His testimony was key because it contradicted Simpson's version of events","DEFENSE: AND THAT DURING THE PERIOD OF TIME WHEN YOU FIRST MET NICOLE, SHE WAS DIVORCED FROM O.J. SIMPSON?
P_WITNESS: YES.

DEFENSE: AND SHE WAS DATING OTHER MEN?
P_WITNESS: YES.

DEFENSE: AND WAS HE (O.J.) AWARE THAT SHE WAS DATING OTHER MEN?
P_WITNESS: YES.

DEFENSE: AND DID HE EVER VOICE ANY CONCERNS ABOUT THAT?
P_WITNESS: NO.

DEFENSE: DID HE EVER SHOW ANY ANGER OR UPSET -- BEING UPSET AT THE FACT THAT SHE WAS DATING OTHER MEN?
P_WITNESS: NO.

DEFENSE: DID YOU EVER DISCUSS WITH O.J. WHAT YOUR RELATIONSHIP WAS WITH NICOLE?
P_WITNESS: NO.

DEFENSE: WAS IT EVER A CONCERN OF HIS?
P_WITNESS: NO.

DEFENSE: WERE YOU EVER PRESENT WHEN NICOLE WOULD COME OVER AND VISIT O.J. AT HIS ROCKINGHAM HOUSE?
P_WITNESS: WHEN I WAS THERE?

DEFENSE: YES.
P_WITNESS: YES.

DEFENSE: AND HOW DID THEY SEEM TO GET ALONG?
nan: nan

PROSECUTION: OBJECTION, SPECULATION, YOUR HONOR.
nan: nan

COURT: OVERRULED.
nan: nan

DEFENSE: DID YOU EVER SEE ANY PHYSICAL CONTACT BETWEEN THE TWO OF THEM?
P_WITNESS: I -- HE DIDN'T HIT HER. THERE WAS NO PHYSICAL CONTACT?

DEFENSE: DID YOU SEE ANY PHYSICAL CONTACT AT ALL?
P_WITNESS: NO.

DEFENSE: ANY PUSHING, SHOVING?
P_WITNESS: NO.

DEFENSE: NOW, DURING THE PERIOD OF TIME IN FEBRUARY AND MARCH 1994, WERE O.J. AND NICOLE STILL DATING AND WAS SHE STILL TRYING TO GET BACK TOGETHER WITH HIM?
P_WITNESS: I DON'T KNOW FOR SURE. IT WAS OFF AND ON, SO IT COULD HAVE BEEN.

DEFENSE: AT SOME POINT IN TIME DID YOU LEARN THAT O.J. HAD SAID THAT IT WASN'T WORKING OUT WITH NICOLE AND THAT THEY WERE GOING TO GO THEIR OWN SEPARATE WAYS?
P_WITNESS: AT SOME POINT, YES.

DEFENSE: DO YOU RECALL PRECISELY WHEN THAT WAS?
P_WITNESS: GOSH, PRECISELY? NOT PRECISELY, BUT -- IT COULD HAVE BEEN MARCH, BUT I CAN'T GIVE YOU A DATE.

DEFENSE: NOW, YOUR RELATIONSHIP WITH O.J. YOU SAID WAS AS A FRIEND.WERE YOU PART OF HIS DAY-TO-DAY LIFE?
P_WITNESS: NO.

DEFENSE: WOULD YOU TALK TO HIM ON A DAY-TO-DAY BASIS?
P_WITNESS: NO.

DEFENSE: DID YOU KNOW HIS COMINGS AND GOINGS?
P_WITNESS: NO.

DEFENSE: SO YOU WOULDN'T BE GENERALLY AWARE AT ANY POINT IN TIME WHERE HE WAS OR WHAT HE WAS DOING?
P_WITNESS: CORRECT.

DEFENSE: HOW WAS HE -- WHAT WAS HIS DEMEANOR LIKE AT 2:30 (ON JUNE 12TH)?
P_WITNESS: HE WAS FINE.

DEFENSE: WHEN YOU SAY ""FINE"" ���
P_WITNESS: HE WAS ���

DEFENSE: NORMAL O.J.?
P_WITNESS: GOT DONE GOLFING, LIKE YOU ARE NOW, I GUESS. I GUESS NORMAL CONVERSATION.

DEFENSE: HE DIDN'T SEEM ANGRY?
P_WITNESS: NO.

DEFENSE: DIDN'T SEEM AGITATED?
P_WITNESS: NO.

DEFENSE: HE DIDN'T SEEM DEPRESSED?
P_WITNESS: NO.

DEFENSE: DIDN'T SEEM DESPONDENT?
P_WITNESS: NO.

DEFENSE: DIDN'T SEEM PREOCCUPIED?
P_WITNESS: NO. I THINK HE MENTIONED THE TRIP WAS COMING UP.

DEFENSE: AND THEN YOU SAW HIM A LITTLE LATER THAT EVENING?
P_WITNESS: YES.

DEFENSE: ABOUT WHAT TIME?
P_WITNESS: UMM, ABOUT 8:30, AROUND THERE, WHEN HE CAME INTO THE ROOM.

DEFENSE: DID HE SEEM AGITATED AT THAT TIME?
P_WITNESS: NO.

DEFENSE: DID HE SEEM ANGRY?
P_WITNESS: NO.

DEFENSE: DID HE TALK ABOUT ANYTHING THAT WAS BOTHERING HIM?
P_WITNESS: NO.

DEFENSE: DID HE TALK ABOUT ANY ANGER HE HAD TOWARDS ANYONE?
P_WITNESS: NO.

DEFENSE: AND THEN THERE WAS A DISCUSSION ABOUT GOING TO GET A HAMBURGER?
P_WITNESS: YES.

DEFENSE: AND YOU INVITED YOURSELF TO GO ALONG?
P_WITNESS: YES, I DID.

DEFENSE: AND HE HAD NO PROBLEM WITH THAT?
","{
    ""belief"": ""The witness's response does not provide any new information that would benefit the defense, and it is consistent with previous testimony. However, the response is slightly irrelevant as it does not directly address whether O.J. had any problem with the witness joining him for a hamburger."",
    ""Commitment_value"": ""4"",
    ""quality_rate"": ""1"",
    ""consistency_value"": ""0"",
    ""relevance_rate"": ""3"",
    ""manner_rate"": ""2"",
    ""outcome_value"": ""Witness"",
    ""outcome_reason"": ""2""
}","The witness's response does not provide any new information that would benefit the defense, and it is consistent with previous testimony. However, the response is slightly irrelevant as it does not directly address whether O.J. had any problem with the witness joining him for a hamburger.",4,1,0,3,2,Witness,2,1,0,0,0.8888888888888888,0.0,0.5,18.5,22.3,0.9617450811672988,0.7677618558120262,0.1121609987260731,0.1939832253552726
Q/A,"DID HE SAY ""I WOULD RATHER BE ALONE""?",NO.,,DEFENSE,P_WITNESS,"### Summary of Facts Discussed in the Dialogue

#### Defense Side:
1. **Relationship Status**:
   - Nicole was divorced from O.J. Simpson when she first met the witness.
   - Nicole was dating other men during this time, and O.J. was aware of it.
   - O.J. did not express any concerns or anger about Nicole dating other men.

2. **Interactions Between O.J. and Nicole**:
   - The witness was present when Nicole visited O.J. at his Rockingham house.
   - There was no physical contact observed between O.J. and Nicole; no hitting, pushing, or shoving was reported.

3. **Timeline of Relationship**:
   - The relationship between O.J. and Nicole was described as ""off and on"" around February and March 1994.
   - The witness learned that O.J. had mentioned it wasn't working out with Nicole at some point, possibly in March.

4. **Witness's Relationship with O.J.**:
   - The witness described their relationship with O.J. as a friendship but not part of his day-to-day life.
   - The witness did not know O.J.'s daily activities or whereabouts.

5. **O.J.'s Demeanor**:
   - On June 12th, O.J. appeared normal, not angry, agitated, depressed, or preoccupied.
   - The witness saw O.J. later that evening and reported he still seemed fine and had no issues bothering him.

6. **Blood Evidence**:
   - The witness did not see any blood at the front of the driveway or while walking to the limousine at 11:00 PM.
   - The witness only became aware of blood after police officers pointed it out the next morning.
   - No injuries or bleeding were observed on O.J.'s left index finger at the last sighting.

#### Prosecution Side:
- The prosecution did not present direct evidence in this dialogue but objected to the defense's line of questioning regarding speculation about the relationship dynamics and physical interactions between O.J. and Nicole.

### Conflicts and Disagreements:
1. **Nature of Relationship**:
   - The defense emphasizes that O.J. was not concerned about Nicole's dating life, while the prosecution may imply that there were underlying issues in their relationship.

2. **Physical Interactions**:
   - The defense asserts that there was no physical violence or contact between O.J. and Nicole, which could conflict with any prosecution claims of domestic violence or aggression.

3. **O.J.'s State of Mind**:
   - The defense portrays O.J. as calm and normal during the critical times, while the prosecution may argue that his demeanor could mask deeper issues or guilt.

4. **Blood Evidence**:
   - The defense claims the witness did not see any blood, which could contradict any prosecution narrative that suggests O.J. was involved in a violent incident.

Overall, the dialogue presents a defense focused on establishing O.J.'s non-violent behavior and normal demeanor, while the prosecution's objections suggest they may be trying to challenge the credibility of the witness's observations and the implications of the relationship dynamics.","Previous Context Summary:
In the court conversation, the defense and prosecution presented contrasting claims regarding O.J. Simpson's relationship with Nicole Brown and his demeanor on the day of the incident.

1. **Important Claims:**
   - **Defense's Claim:** The defense aimed to establish that O.J. Simpson was not angry or upset about Nicole dating other men, and that he maintained a normal demeanor on the day of the incident, suggesting he was not preoccupied or despondent.
   - **Prosecution's Claim:** While the prosecution did not directly present their claims in this excerpt, their objections indicate they may be challenging the defense's portrayal of O.J.'s emotional state and the nature of his relationship with Nicole.

2. **Conflicts and Disagreement:**
   - The defense's questioning focused on the absence of any signs of anger or physical altercations between O.J. and Nicole, which could imply a lack of motive for any alleged wrongdoing. The witness confirmed that O.J. did not express concerns about Nicole's dating life and appeared normal during their interactions.
   - The prosecution's objection to the defense's line of questioning suggests a disagreement over the relevance and interpretation of O.J.'s behavior and relationship dynamics, indicating they may argue that the defense's portrayal is misleading or incomplete. 

Overall, the defense sought to paint a picture of O.J. as calm and unaffected, while the prosecution likely aimed to highlight underlying tensions and potential motives that could contradict this portrayal.

Recent Exchanges:
DEFENSE: DIDN'T SEEM PREOCCUPIED?
P_WITNESS: NO. I THINK HE MENTIONED THE TRIP WAS COMING UP.

DEFENSE: AND THEN YOU SAW HIM A LITTLE LATER THAT EVENING?
P_WITNESS: YES.

DEFENSE: ABOUT WHAT TIME?
P_WITNESS: UMM, ABOUT 8:30, AROUND THERE, WHEN HE CAME INTO THE ROOM.

DEFENSE: DID HE SEEM AGITATED AT THAT TIME?
P_WITNESS: NO.

DEFENSE: DID HE SEEM ANGRY?
P_WITNESS: NO.

DEFENSE: DID HE TALK ABOUT ANYTHING THAT WAS BOTHERING HIM?
P_WITNESS: NO.

DEFENSE: DID HE TALK ABOUT ANY ANGER HE HAD TOWARDS ANYONE?
P_WITNESS: NO.

DEFENSE: AND THEN THERE WAS A DISCUSSION ABOUT GOING TO GET A HAMBURGER?
P_WITNESS: YES.

DEFENSE: AND YOU INVITED YOURSELF TO GO ALONG?
P_WITNESS: YES, I DID.

DEFENSE: AND HE HAD NO PROBLEM WITH THAT?
P_WITNESS: NO.

Current Exchange:
DEFENSE: DID HE SAY ""I WOULD RATHER BE ALONE""?
P_WITNESS: NO.",simpson_prosecution_9,"Brian ""kato"" Kaelin","Brian ""Kato"" Kaelin was a witness for the prosecution in the 1995 O.J. Simpson murder trial. His testimony was key because it contradicted Simpson's version of events","DEFENSE: AND THAT DURING THE PERIOD OF TIME WHEN YOU FIRST MET NICOLE, SHE WAS DIVORCED FROM O.J. SIMPSON?
P_WITNESS: YES.

DEFENSE: AND SHE WAS DATING OTHER MEN?
P_WITNESS: YES.

DEFENSE: AND WAS HE (O.J.) AWARE THAT SHE WAS DATING OTHER MEN?
P_WITNESS: YES.

DEFENSE: AND DID HE EVER VOICE ANY CONCERNS ABOUT THAT?
P_WITNESS: NO.

DEFENSE: DID HE EVER SHOW ANY ANGER OR UPSET -- BEING UPSET AT THE FACT THAT SHE WAS DATING OTHER MEN?
P_WITNESS: NO.

DEFENSE: DID YOU EVER DISCUSS WITH O.J. WHAT YOUR RELATIONSHIP WAS WITH NICOLE?
P_WITNESS: NO.

DEFENSE: WAS IT EVER A CONCERN OF HIS?
P_WITNESS: NO.

DEFENSE: WERE YOU EVER PRESENT WHEN NICOLE WOULD COME OVER AND VISIT O.J. AT HIS ROCKINGHAM HOUSE?
P_WITNESS: WHEN I WAS THERE?

DEFENSE: YES.
P_WITNESS: YES.

DEFENSE: AND HOW DID THEY SEEM TO GET ALONG?
nan: nan

PROSECUTION: OBJECTION, SPECULATION, YOUR HONOR.
nan: nan

COURT: OVERRULED.
nan: nan

DEFENSE: DID YOU EVER SEE ANY PHYSICAL CONTACT BETWEEN THE TWO OF THEM?
P_WITNESS: I -- HE DIDN'T HIT HER. THERE WAS NO PHYSICAL CONTACT?

DEFENSE: DID YOU SEE ANY PHYSICAL CONTACT AT ALL?
P_WITNESS: NO.

DEFENSE: ANY PUSHING, SHOVING?
P_WITNESS: NO.

DEFENSE: NOW, DURING THE PERIOD OF TIME IN FEBRUARY AND MARCH 1994, WERE O.J. AND NICOLE STILL DATING AND WAS SHE STILL TRYING TO GET BACK TOGETHER WITH HIM?
P_WITNESS: I DON'T KNOW FOR SURE. IT WAS OFF AND ON, SO IT COULD HAVE BEEN.

DEFENSE: AT SOME POINT IN TIME DID YOU LEARN THAT O.J. HAD SAID THAT IT WASN'T WORKING OUT WITH NICOLE AND THAT THEY WERE GOING TO GO THEIR OWN SEPARATE WAYS?
P_WITNESS: AT SOME POINT, YES.

DEFENSE: DO YOU RECALL PRECISELY WHEN THAT WAS?
P_WITNESS: GOSH, PRECISELY? NOT PRECISELY, BUT -- IT COULD HAVE BEEN MARCH, BUT I CAN'T GIVE YOU A DATE.

DEFENSE: NOW, YOUR RELATIONSHIP WITH O.J. YOU SAID WAS AS A FRIEND.WERE YOU PART OF HIS DAY-TO-DAY LIFE?
P_WITNESS: NO.

DEFENSE: WOULD YOU TALK TO HIM ON A DAY-TO-DAY BASIS?
P_WITNESS: NO.

DEFENSE: DID YOU KNOW HIS COMINGS AND GOINGS?
P_WITNESS: NO.

DEFENSE: SO YOU WOULDN'T BE GENERALLY AWARE AT ANY POINT IN TIME WHERE HE WAS OR WHAT HE WAS DOING?
P_WITNESS: CORRECT.

DEFENSE: HOW WAS HE -- WHAT WAS HIS DEMEANOR LIKE AT 2:30 (ON JUNE 12TH)?
P_WITNESS: HE WAS FINE.

DEFENSE: WHEN YOU SAY ""FINE"" ���
P_WITNESS: HE WAS ���

DEFENSE: NORMAL O.J.?
P_WITNESS: GOT DONE GOLFING, LIKE YOU ARE NOW, I GUESS. I GUESS NORMAL CONVERSATION.

DEFENSE: HE DIDN'T SEEM ANGRY?
P_WITNESS: NO.

DEFENSE: DIDN'T SEEM AGITATED?
P_WITNESS: NO.

DEFENSE: HE DIDN'T SEEM DEPRESSED?
P_WITNESS: NO.

DEFENSE: DIDN'T SEEM DESPONDENT?
P_WITNESS: NO.

DEFENSE: DIDN'T SEEM PREOCCUPIED?
P_WITNESS: NO. I THINK HE MENTIONED THE TRIP WAS COMING UP.

DEFENSE: AND THEN YOU SAW HIM A LITTLE LATER THAT EVENING?
P_WITNESS: YES.

DEFENSE: ABOUT WHAT TIME?
P_WITNESS: UMM, ABOUT 8:30, AROUND THERE, WHEN HE CAME INTO THE ROOM.

DEFENSE: DID HE SEEM AGITATED AT THAT TIME?
P_WITNESS: NO.

DEFENSE: DID HE SEEM ANGRY?
P_WITNESS: NO.

DEFENSE: DID HE TALK ABOUT ANYTHING THAT WAS BOTHERING HIM?
P_WITNESS: NO.

DEFENSE: DID HE TALK ABOUT ANY ANGER HE HAD TOWARDS ANYONE?
P_WITNESS: NO.

DEFENSE: AND THEN THERE WAS A DISCUSSION ABOUT GOING TO GET A HAMBURGER?
P_WITNESS: YES.

DEFENSE: AND YOU INVITED YOURSELF TO GO ALONG?
P_WITNESS: YES, I DID.

DEFENSE: AND HE HAD NO PROBLEM WITH THAT?
P_WITNESS: NO.

DEFENSE: DID HE SAY ""I WOULD RATHER BE ALONE""?
","```json
{
    ""belief"": ""The witness maintains a neutral stance and does not provide any new information that would significantly benefit either side. The response is clear and relevant to the question, but it does not add substantial new information to the case."",
    ""Commitment_value"": ""3"",
    ""quality_rate"": ""1"",
    ""consistency_value"": ""0"",
    ""relevance_rate"": ""1"",
    ""manner_rate"": ""2"",
    ""outcome_value"": ""Witness"",
    ""outcome_reason"": ""2""
}
```","The witness maintains a neutral stance and does not provide any new information that would significantly benefit either side. The response is clear and relevant to the question, but it does not add substantial new information to the case.",3,1,0,1,2,Witness,2,0,0,0,0.8918918918918919,0.5,0.0,19.0,22.3,1.0359792641047405,0.7677618558120262,0.1487006119287734,0.2682174082927143
Q/A,"WHEN YOU PICKED UP THE GOLF BAG WITH THE CLUBS IN IT, DID YOU SEE ANY BLOOD AT THE FRONT OF THE DRIVEWAY AT 11:00 O'CLOCK?",NO.,,DEFENSE,P_WITNESS,"### Summary of Facts Discussed in the Dialogue

#### Defense Side:
1. **Relationship Status**:
   - Nicole was divorced from O.J. Simpson when she first met the witness.
   - Nicole was dating other men during this time, and O.J. was aware of it.
   - O.J. did not express any concerns or anger about Nicole dating other men.

2. **Interactions Between O.J. and Nicole**:
   - The witness was present when Nicole visited O.J. at his Rockingham house.
   - There was no physical contact observed between O.J. and Nicole; no hitting, pushing, or shoving was reported.

3. **Timeline of Relationship**:
   - The relationship between O.J. and Nicole was described as ""off and on"" around February and March 1994.
   - The witness learned that O.J. had mentioned it wasn't working out with Nicole at some point, possibly in March.

4. **Witness's Relationship with O.J.**:
   - The witness described their relationship with O.J. as a friendship but not part of his day-to-day life.
   - The witness did not know O.J.'s daily activities or whereabouts.

5. **O.J.'s Demeanor**:
   - On June 12th, O.J. appeared normal, not angry, agitated, depressed, or preoccupied.
   - The witness saw O.J. later that evening and reported he still seemed fine and had no issues bothering him.

6. **Blood Evidence**:
   - The witness did not see any blood at the front of the driveway or while walking to the limousine at 11:00 PM.
   - The witness only became aware of blood after police officers pointed it out the next morning.
   - No injuries or bleeding were observed on O.J.'s left index finger at the last sighting.

#### Prosecution Side:
- The prosecution did not present direct evidence in this dialogue but objected to the defense's line of questioning regarding speculation about the relationship dynamics and physical interactions between O.J. and Nicole.

### Conflicts and Disagreements:
1. **Nature of Relationship**:
   - The defense emphasizes that O.J. was not concerned about Nicole's dating life, while the prosecution may imply that there were underlying issues in their relationship.

2. **Physical Interactions**:
   - The defense asserts that there was no physical violence or contact between O.J. and Nicole, which could conflict with any prosecution claims of domestic violence or aggression.

3. **O.J.'s State of Mind**:
   - The defense portrays O.J. as calm and normal during the critical times, while the prosecution may argue that his demeanor could mask deeper issues or guilt.

4. **Blood Evidence**:
   - The defense claims the witness did not see any blood, which could contradict any prosecution narrative that suggests O.J. was involved in a violent incident.

Overall, the dialogue presents a defense focused on establishing O.J.'s non-violent behavior and normal demeanor, while the prosecution's objections suggest they may be trying to challenge the credibility of the witness's observations and the implications of the relationship dynamics.","Previous Context Summary:
In the court conversation, the defense and prosecution presented contrasting claims regarding O.J. Simpson's relationship with Nicole Brown and his demeanor on the day of the incident.

1. **Important Claims:**
   - **Defense:** The defense aimed to establish that O.J. Simpson was not angry or upset about Nicole dating other men, and that he maintained a normal demeanor on the day of the incident, suggesting he was not preoccupied or troubled.
   - **Prosecution:** While the prosecution did not directly present their claims in this excerpt, their objections indicate they may be challenging the defense's portrayal of O.J.'s emotional state and the nature of his relationship with Nicole.

2. **Conflicts and Disagreement:**
   - The defense's line of questioning sought to portray O.J. as calm and unaffected by his past relationship with Nicole, while the prosecution's objections suggest they may argue that this portrayal is misleading or incomplete.
   - There is a clear conflict regarding the nature of O.J.'s feelings towards Nicole and the state of their relationship, particularly during the critical time leading up to the incident. The witness's uncertainty about the exact status of O.J. and Nicole's relationship during February and March 1994 indicates a lack of consensus on this point.

Recent Exchanges:
DEFENSE: AND THEN YOU SAW HIM A LITTLE LATER THAT EVENING?
P_WITNESS: YES.

DEFENSE: ABOUT WHAT TIME?
P_WITNESS: UMM, ABOUT 8:30, AROUND THERE, WHEN HE CAME INTO THE ROOM.

DEFENSE: DID HE SEEM AGITATED AT THAT TIME?
P_WITNESS: NO.

DEFENSE: DID HE SEEM ANGRY?
P_WITNESS: NO.

DEFENSE: DID HE TALK ABOUT ANYTHING THAT WAS BOTHERING HIM?
P_WITNESS: NO.

DEFENSE: DID HE TALK ABOUT ANY ANGER HE HAD TOWARDS ANYONE?
P_WITNESS: NO.

DEFENSE: AND THEN THERE WAS A DISCUSSION ABOUT GOING TO GET A HAMBURGER?
P_WITNESS: YES.

DEFENSE: AND YOU INVITED YOURSELF TO GO ALONG?
P_WITNESS: YES, I DID.

DEFENSE: AND HE HAD NO PROBLEM WITH THAT?
P_WITNESS: NO.

DEFENSE: DID HE SAY ""I WOULD RATHER BE ALONE""?
P_WITNESS: NO.

Current Exchange:
DEFENSE: WHEN YOU PICKED UP THE GOLF BAG WITH THE CLUBS IN IT, DID YOU SEE ANY BLOOD AT THE FRONT OF THE DRIVEWAY AT 11:00 O'CLOCK?
P_WITNESS: NO.",simpson_prosecution_9,"Brian ""kato"" Kaelin","Brian ""Kato"" Kaelin was a witness for the prosecution in the 1995 O.J. Simpson murder trial. His testimony was key because it contradicted Simpson's version of events","DEFENSE: AND THAT DURING THE PERIOD OF TIME WHEN YOU FIRST MET NICOLE, SHE WAS DIVORCED FROM O.J. SIMPSON?
P_WITNESS: YES.

DEFENSE: AND SHE WAS DATING OTHER MEN?
P_WITNESS: YES.

DEFENSE: AND WAS HE (O.J.) AWARE THAT SHE WAS DATING OTHER MEN?
P_WITNESS: YES.

DEFENSE: AND DID HE EVER VOICE ANY CONCERNS ABOUT THAT?
P_WITNESS: NO.

DEFENSE: DID HE EVER SHOW ANY ANGER OR UPSET -- BEING UPSET AT THE FACT THAT SHE WAS DATING OTHER MEN?
P_WITNESS: NO.

DEFENSE: DID YOU EVER DISCUSS WITH O.J. WHAT YOUR RELATIONSHIP WAS WITH NICOLE?
P_WITNESS: NO.

DEFENSE: WAS IT EVER A CONCERN OF HIS?
P_WITNESS: NO.

DEFENSE: WERE YOU EVER PRESENT WHEN NICOLE WOULD COME OVER AND VISIT O.J. AT HIS ROCKINGHAM HOUSE?
P_WITNESS: WHEN I WAS THERE?

DEFENSE: YES.
P_WITNESS: YES.

DEFENSE: AND HOW DID THEY SEEM TO GET ALONG?
nan: nan

PROSECUTION: OBJECTION, SPECULATION, YOUR HONOR.
nan: nan

COURT: OVERRULED.
nan: nan

DEFENSE: DID YOU EVER SEE ANY PHYSICAL CONTACT BETWEEN THE TWO OF THEM?
P_WITNESS: I -- HE DIDN'T HIT HER. THERE WAS NO PHYSICAL CONTACT?

DEFENSE: DID YOU SEE ANY PHYSICAL CONTACT AT ALL?
P_WITNESS: NO.

DEFENSE: ANY PUSHING, SHOVING?
P_WITNESS: NO.

DEFENSE: NOW, DURING THE PERIOD OF TIME IN FEBRUARY AND MARCH 1994, WERE O.J. AND NICOLE STILL DATING AND WAS SHE STILL TRYING TO GET BACK TOGETHER WITH HIM?
P_WITNESS: I DON'T KNOW FOR SURE. IT WAS OFF AND ON, SO IT COULD HAVE BEEN.

DEFENSE: AT SOME POINT IN TIME DID YOU LEARN THAT O.J. HAD SAID THAT IT WASN'T WORKING OUT WITH NICOLE AND THAT THEY WERE GOING TO GO THEIR OWN SEPARATE WAYS?
P_WITNESS: AT SOME POINT, YES.

DEFENSE: DO YOU RECALL PRECISELY WHEN THAT WAS?
P_WITNESS: GOSH, PRECISELY? NOT PRECISELY, BUT -- IT COULD HAVE BEEN MARCH, BUT I CAN'T GIVE YOU A DATE.

DEFENSE: NOW, YOUR RELATIONSHIP WITH O.J. YOU SAID WAS AS A FRIEND.WERE YOU PART OF HIS DAY-TO-DAY LIFE?
P_WITNESS: NO.

DEFENSE: WOULD YOU TALK TO HIM ON A DAY-TO-DAY BASIS?
P_WITNESS: NO.

DEFENSE: DID YOU KNOW HIS COMINGS AND GOINGS?
P_WITNESS: NO.

DEFENSE: SO YOU WOULDN'T BE GENERALLY AWARE AT ANY POINT IN TIME WHERE HE WAS OR WHAT HE WAS DOING?
P_WITNESS: CORRECT.

DEFENSE: HOW WAS HE -- WHAT WAS HIS DEMEANOR LIKE AT 2:30 (ON JUNE 12TH)?
P_WITNESS: HE WAS FINE.

DEFENSE: WHEN YOU SAY ""FINE"" ���
P_WITNESS: HE WAS ���

DEFENSE: NORMAL O.J.?
P_WITNESS: GOT DONE GOLFING, LIKE YOU ARE NOW, I GUESS. I GUESS NORMAL CONVERSATION.

DEFENSE: HE DIDN'T SEEM ANGRY?
P_WITNESS: NO.

DEFENSE: DIDN'T SEEM AGITATED?
P_WITNESS: NO.

DEFENSE: HE DIDN'T SEEM DEPRESSED?
P_WITNESS: NO.

DEFENSE: DIDN'T SEEM DESPONDENT?
P_WITNESS: NO.

DEFENSE: DIDN'T SEEM PREOCCUPIED?
P_WITNESS: NO. I THINK HE MENTIONED THE TRIP WAS COMING UP.

DEFENSE: AND THEN YOU SAW HIM A LITTLE LATER THAT EVENING?
P_WITNESS: YES.

DEFENSE: ABOUT WHAT TIME?
P_WITNESS: UMM, ABOUT 8:30, AROUND THERE, WHEN HE CAME INTO THE ROOM.

DEFENSE: DID HE SEEM AGITATED AT THAT TIME?
P_WITNESS: NO.

DEFENSE: DID HE SEEM ANGRY?
P_WITNESS: NO.

DEFENSE: DID HE TALK ABOUT ANYTHING THAT WAS BOTHERING HIM?
P_WITNESS: NO.

DEFENSE: DID HE TALK ABOUT ANY ANGER HE HAD TOWARDS ANYONE?
P_WITNESS: NO.

DEFENSE: AND THEN THERE WAS A DISCUSSION ABOUT GOING TO GET A HAMBURGER?
P_WITNESS: YES.

DEFENSE: AND YOU INVITED YOURSELF TO GO ALONG?
P_WITNESS: YES, I DID.

DEFENSE: AND HE HAD NO PROBLEM WITH THAT?
P_WITNESS: NO.

DEFENSE: DID HE SAY ""I WOULD RATHER BE ALONE""?
P_WITNESS: NO.

DEFENSE: WHEN YOU PICKED UP THE GOLF BAG WITH THE CLUBS IN IT, DID YOU SEE ANY BLOOD AT THE FRONT OF THE DRIVEWAY AT 11:00 O'CLOCK?
","```json
{
    ""belief"": ""The witness maintains a neutral stance and does not provide any information that significantly benefits either side. The response is clear and relevant to the question asked."",
    ""Commitment_value"": ""3"",
    ""quality_rate"": ""1"",
    ""consistency_value"": ""0"",
    ""relevance_rate"": ""1"",
    ""manner_rate"": ""2"",
    ""outcome_value"": ""Witness"",
    ""outcome_reason"": ""2""
}
```",The witness maintains a neutral stance and does not provide any information that significantly benefits either side. The response is clear and relevant to the question asked.,3,1,0,1,2,Witness,2,0,0,0,0.8947368421052632,0.5,0.0,19.5,22.3,1.110213447042182,0.7677618558120262,0.1823514881743582,0.3424515912301559
Q/A,DID YOU SEE ANY BLOOD WALKING TO THE LIMOUSINE?,NO.,,DEFENSE,P_WITNESS,"### Summary of Facts Discussed in the Dialogue

#### Defense Side:
1. **Relationship Status**:
   - Nicole was divorced from O.J. Simpson when she first met the witness.
   - Nicole was dating other men during this time, and O.J. was aware of it.
   - O.J. did not express any concerns or anger about Nicole dating other men.

2. **Interactions Between O.J. and Nicole**:
   - The witness was present when Nicole visited O.J. at his Rockingham house.
   - There was no physical contact observed between O.J. and Nicole; no hitting, pushing, or shoving was reported.

3. **Timeline of Relationship**:
   - The relationship between O.J. and Nicole was described as ""off and on"" around February and March 1994.
   - The witness learned that O.J. had mentioned it wasn't working out with Nicole at some point, possibly in March.

4. **Witness's Relationship with O.J.**:
   - The witness described their relationship with O.J. as a friendship but not part of his day-to-day life.
   - The witness did not know O.J.'s daily activities or whereabouts.

5. **O.J.'s Demeanor**:
   - On June 12th, O.J. appeared normal, not angry, agitated, depressed, or preoccupied.
   - The witness saw O.J. later that evening and reported he still seemed fine and had no issues bothering him.

6. **Blood Evidence**:
   - The witness did not see any blood at the front of the driveway or while walking to the limousine at 11:00 PM.
   - The witness only became aware of blood after police officers pointed it out the next morning.
   - No injuries or bleeding were observed on O.J.'s left index finger at the last sighting.

#### Prosecution Side:
- The prosecution did not present direct evidence in this dialogue but objected to the defense's line of questioning regarding speculation about the relationship dynamics and physical interactions between O.J. and Nicole.

### Conflicts and Disagreements:
1. **Nature of Relationship**:
   - The defense emphasizes that O.J. was not concerned about Nicole's dating life, while the prosecution may imply that there were underlying issues in their relationship.

2. **Physical Interactions**:
   - The defense asserts that there was no physical violence or contact between O.J. and Nicole, which could conflict with any prosecution claims of domestic violence or aggression.

3. **O.J.'s State of Mind**:
   - The defense portrays O.J. as calm and normal during the critical times, while the prosecution may argue that his demeanor could mask deeper issues or guilt.

4. **Blood Evidence**:
   - The defense claims the witness did not see any blood, which could contradict any prosecution narrative that suggests O.J. was involved in a violent incident.

Overall, the dialogue presents a defense focused on establishing O.J.'s non-violent behavior and normal demeanor, while the prosecution's objections suggest they may be trying to challenge the credibility of the witness's observations and the implications of the relationship dynamics.","Previous Context Summary:
In the court conversation, the defense and prosecution presented contrasting claims regarding O.J. Simpson's relationship with Nicole and his demeanor on the day of the incident.

1. **Important Claims:**
   - **Defense:** The defense aimed to establish that O.J. Simpson was not angry or upset about Nicole dating other men, and that he appeared normal and untroubled on the day of the incident. They sought to show that there was no evidence of physical abuse or conflict between O.J. and Nicole.
   - **Prosecution:** While the prosecution did not present direct claims in this excerpt, their objection to the defense's line of questioning about O.J.'s demeanor suggests they may be aiming to highlight potential underlying issues in his relationship with Nicole, possibly indicating a more complex emotional state.

2. **Conflicts and Disagreement:**
   - The defense's questioning focused on the absence of any signs of anger or distress from O.J. during interactions with the witness, which could imply he was not involved in any wrongdoing. The prosecution's objection to speculation indicates a disagreement over the relevance and implications of the witness's observations regarding O.J.'s demeanor and relationship with Nicole.
   - There is a conflict in the narrative being constructed: the defense portrays O.J. as calm and unaffected, while the prosecution may be suggesting that there were deeper issues at play that the witness may not have been privy to, thus challenging the defense's portrayal of the situation.

Recent Exchanges:
DEFENSE: ABOUT WHAT TIME?
P_WITNESS: UMM, ABOUT 8:30, AROUND THERE, WHEN HE CAME INTO THE ROOM.

DEFENSE: DID HE SEEM AGITATED AT THAT TIME?
P_WITNESS: NO.

DEFENSE: DID HE SEEM ANGRY?
P_WITNESS: NO.

DEFENSE: DID HE TALK ABOUT ANYTHING THAT WAS BOTHERING HIM?
P_WITNESS: NO.

DEFENSE: DID HE TALK ABOUT ANY ANGER HE HAD TOWARDS ANYONE?
P_WITNESS: NO.

DEFENSE: AND THEN THERE WAS A DISCUSSION ABOUT GOING TO GET A HAMBURGER?
P_WITNESS: YES.

DEFENSE: AND YOU INVITED YOURSELF TO GO ALONG?
P_WITNESS: YES, I DID.

DEFENSE: AND HE HAD NO PROBLEM WITH THAT?
P_WITNESS: NO.

DEFENSE: DID HE SAY ""I WOULD RATHER BE ALONE""?
P_WITNESS: NO.

DEFENSE: WHEN YOU PICKED UP THE GOLF BAG WITH THE CLUBS IN IT, DID YOU SEE ANY BLOOD AT THE FRONT OF THE DRIVEWAY AT 11:00 O'CLOCK?
P_WITNESS: NO.

Current Exchange:
DEFENSE: DID YOU SEE ANY BLOOD WALKING TO THE LIMOUSINE?
P_WITNESS: NO.",simpson_prosecution_9,"Brian ""kato"" Kaelin","Brian ""Kato"" Kaelin was a witness for the prosecution in the 1995 O.J. Simpson murder trial. His testimony was key because it contradicted Simpson's version of events","DEFENSE: AND THAT DURING THE PERIOD OF TIME WHEN YOU FIRST MET NICOLE, SHE WAS DIVORCED FROM O.J. SIMPSON?
P_WITNESS: YES.

DEFENSE: AND SHE WAS DATING OTHER MEN?
P_WITNESS: YES.

DEFENSE: AND WAS HE (O.J.) AWARE THAT SHE WAS DATING OTHER MEN?
P_WITNESS: YES.

DEFENSE: AND DID HE EVER VOICE ANY CONCERNS ABOUT THAT?
P_WITNESS: NO.

DEFENSE: DID HE EVER SHOW ANY ANGER OR UPSET -- BEING UPSET AT THE FACT THAT SHE WAS DATING OTHER MEN?
P_WITNESS: NO.

DEFENSE: DID YOU EVER DISCUSS WITH O.J. WHAT YOUR RELATIONSHIP WAS WITH NICOLE?
P_WITNESS: NO.

DEFENSE: WAS IT EVER A CONCERN OF HIS?
P_WITNESS: NO.

DEFENSE: WERE YOU EVER PRESENT WHEN NICOLE WOULD COME OVER AND VISIT O.J. AT HIS ROCKINGHAM HOUSE?
P_WITNESS: WHEN I WAS THERE?

DEFENSE: YES.
P_WITNESS: YES.

DEFENSE: AND HOW DID THEY SEEM TO GET ALONG?
nan: nan

PROSECUTION: OBJECTION, SPECULATION, YOUR HONOR.
nan: nan

COURT: OVERRULED.
nan: nan

DEFENSE: DID YOU EVER SEE ANY PHYSICAL CONTACT BETWEEN THE TWO OF THEM?
P_WITNESS: I -- HE DIDN'T HIT HER. THERE WAS NO PHYSICAL CONTACT?

DEFENSE: DID YOU SEE ANY PHYSICAL CONTACT AT ALL?
P_WITNESS: NO.

DEFENSE: ANY PUSHING, SHOVING?
P_WITNESS: NO.

DEFENSE: NOW, DURING THE PERIOD OF TIME IN FEBRUARY AND MARCH 1994, WERE O.J. AND NICOLE STILL DATING AND WAS SHE STILL TRYING TO GET BACK TOGETHER WITH HIM?
P_WITNESS: I DON'T KNOW FOR SURE. IT WAS OFF AND ON, SO IT COULD HAVE BEEN.

DEFENSE: AT SOME POINT IN TIME DID YOU LEARN THAT O.J. HAD SAID THAT IT WASN'T WORKING OUT WITH NICOLE AND THAT THEY WERE GOING TO GO THEIR OWN SEPARATE WAYS?
P_WITNESS: AT SOME POINT, YES.

DEFENSE: DO YOU RECALL PRECISELY WHEN THAT WAS?
P_WITNESS: GOSH, PRECISELY? NOT PRECISELY, BUT -- IT COULD HAVE BEEN MARCH, BUT I CAN'T GIVE YOU A DATE.

DEFENSE: NOW, YOUR RELATIONSHIP WITH O.J. YOU SAID WAS AS A FRIEND.WERE YOU PART OF HIS DAY-TO-DAY LIFE?
P_WITNESS: NO.

DEFENSE: WOULD YOU TALK TO HIM ON A DAY-TO-DAY BASIS?
P_WITNESS: NO.

DEFENSE: DID YOU KNOW HIS COMINGS AND GOINGS?
P_WITNESS: NO.

DEFENSE: SO YOU WOULDN'T BE GENERALLY AWARE AT ANY POINT IN TIME WHERE HE WAS OR WHAT HE WAS DOING?
P_WITNESS: CORRECT.

DEFENSE: HOW WAS HE -- WHAT WAS HIS DEMEANOR LIKE AT 2:30 (ON JUNE 12TH)?
P_WITNESS: HE WAS FINE.

DEFENSE: WHEN YOU SAY ""FINE"" ���
P_WITNESS: HE WAS ���

DEFENSE: NORMAL O.J.?
P_WITNESS: GOT DONE GOLFING, LIKE YOU ARE NOW, I GUESS. I GUESS NORMAL CONVERSATION.

DEFENSE: HE DIDN'T SEEM ANGRY?
P_WITNESS: NO.

DEFENSE: DIDN'T SEEM AGITATED?
P_WITNESS: NO.

DEFENSE: HE DIDN'T SEEM DEPRESSED?
P_WITNESS: NO.

DEFENSE: DIDN'T SEEM DESPONDENT?
P_WITNESS: NO.

DEFENSE: DIDN'T SEEM PREOCCUPIED?
P_WITNESS: NO. I THINK HE MENTIONED THE TRIP WAS COMING UP.

DEFENSE: AND THEN YOU SAW HIM A LITTLE LATER THAT EVENING?
P_WITNESS: YES.

DEFENSE: ABOUT WHAT TIME?
P_WITNESS: UMM, ABOUT 8:30, AROUND THERE, WHEN HE CAME INTO THE ROOM.

DEFENSE: DID HE SEEM AGITATED AT THAT TIME?
P_WITNESS: NO.

DEFENSE: DID HE SEEM ANGRY?
P_WITNESS: NO.

DEFENSE: DID HE TALK ABOUT ANYTHING THAT WAS BOTHERING HIM?
P_WITNESS: NO.

DEFENSE: DID HE TALK ABOUT ANY ANGER HE HAD TOWARDS ANYONE?
P_WITNESS: NO.

DEFENSE: AND THEN THERE WAS A DISCUSSION ABOUT GOING TO GET A HAMBURGER?
P_WITNESS: YES.

DEFENSE: AND YOU INVITED YOURSELF TO GO ALONG?
P_WITNESS: YES, I DID.

DEFENSE: AND HE HAD NO PROBLEM WITH THAT?
P_WITNESS: NO.

DEFENSE: DID HE SAY ""I WOULD RATHER BE ALONE""?
P_WITNESS: NO.

DEFENSE: WHEN YOU PICKED UP THE GOLF BAG WITH THE CLUBS IN IT, DID YOU SEE ANY BLOOD AT THE FRONT OF THE DRIVEWAY AT 11:00 O'CLOCK?
P_WITNESS: NO.

DEFENSE: DID YOU SEE ANY BLOOD WALKING TO THE LIMOUSINE?
","```json
{
    ""belief"": ""The witness's response is consistent with previous testimony and does not provide any new information that would benefit either side. The witness appears to be maintaining a neutral stance, which does not significantly impact the current cross-examination."",
    ""Commitment_value"": ""3"",
    ""quality_rate"": ""1"",
    ""consistency_value"": ""1"",
    ""relevance_rate"": ""2"",
    ""manner_rate"": ""2"",
    ""outcome_value"": ""Witness"",
    ""outcome_reason"": ""2""
}
```","The witness's response is consistent with previous testimony and does not provide any new information that would benefit either side. The witness appears to be maintaining a neutral stance, which does not significantly impact the current cross-examination.",3,1,1,2,2,Witness,2,0,0,0,0.8974358974358975,0.5,4.0,20.0,26.3,1.1844476299796236,1.1705515207673298,0.0059006854452097,0.0138961092122937
Q/A,DID YOU SEE ANY BLOOD ANYWHERE AT 11:00 O'CLOCK THAT NIGHT?,NO.,,DEFENSE,P_WITNESS,"### Summary of Facts Discussed in the Dialogue

#### Defense Side:
1. **Relationship Status**:
   - Nicole was divorced from O.J. Simpson when she first met the witness.
   - Nicole was dating other men during this time, and O.J. was aware of it.
   - O.J. did not express any concerns or anger about Nicole dating other men.

2. **Interactions Between O.J. and Nicole**:
   - The witness was present when Nicole visited O.J. at his Rockingham house.
   - There was no physical contact observed between O.J. and Nicole; no hitting, pushing, or shoving was reported.

3. **Timeline of Relationship**:
   - The relationship between O.J. and Nicole was described as ""off and on"" around February and March 1994.
   - The witness learned that O.J. had mentioned it wasn't working out with Nicole at some point, possibly in March.

4. **Witness's Relationship with O.J.**:
   - The witness described their relationship with O.J. as a friendship but not part of his day-to-day life.
   - The witness did not know O.J.'s daily activities or whereabouts.

5. **O.J.'s Demeanor**:
   - On June 12th, O.J. appeared normal, not angry, agitated, depressed, or preoccupied.
   - The witness saw O.J. later that evening and reported he still seemed fine and had no issues bothering him.

6. **Blood Evidence**:
   - The witness did not see any blood at the front of the driveway or while walking to the limousine at 11:00 PM.
   - The witness only became aware of blood after police officers pointed it out the next morning.
   - No injuries or bleeding were observed on O.J.'s left index finger at the last sighting.

#### Prosecution Side:
- The prosecution did not present direct evidence in this dialogue but objected to the defense's line of questioning regarding speculation about the relationship dynamics and physical interactions between O.J. and Nicole.

### Conflicts and Disagreements:
1. **Nature of Relationship**:
   - The defense emphasizes that O.J. was not concerned about Nicole's dating life, while the prosecution may imply that there were underlying issues in their relationship.

2. **Physical Interactions**:
   - The defense asserts that there was no physical violence or contact between O.J. and Nicole, which could conflict with any prosecution claims of domestic violence or aggression.

3. **O.J.'s State of Mind**:
   - The defense portrays O.J. as calm and normal during the critical times, while the prosecution may argue that his demeanor could mask deeper issues or guilt.

4. **Blood Evidence**:
   - The defense claims the witness did not see any blood, which could contradict any prosecution narrative that suggests O.J. was involved in a violent incident.

Overall, the dialogue presents a defense focused on establishing O.J.'s non-violent behavior and normal demeanor, while the prosecution's objections suggest they may be trying to challenge the credibility of the witness's observations and the implications of the relationship dynamics.","Previous Context Summary:
In the court conversation, the defense and prosecution presented contrasting claims regarding O.J. Simpson's relationship with Nicole and his demeanor around the time of the incident.

1. **Important Claims:**
   - **Defense's Claim:** The defense aimed to establish that O.J. Simpson was not angry or upset about Nicole dating other men, and that he maintained a normal demeanor on the day of the incident. They sought to show that there was no evidence of physical violence or emotional distress from O.J. during his interactions with Nicole or on the day in question.
   - **Prosecution's Claim:** While the prosecution did not present a direct claim in this excerpt, their objections suggest they were likely trying to challenge the defense's portrayal of O.J.'s demeanor and the nature of his relationship with Nicole, implying that there may have been underlying issues or tensions.

2. **Conflicts and Disagreements:**
   - The primary conflict arose from the defense's portrayal of O.J. as calm and unaffected by his relationship with Nicole, contrasting with the prosecution's likely insinuation that there were deeper emotional or violent undercurrents in their relationship. The defense's witness consistently affirmed that O.J. did not express anger or concern about Nicole's dating life, which the prosecution may have aimed to dispute by suggesting that such a portrayal was overly simplistic or misleading.
   - Additionally, the defense's line of questioning about O.J.'s demeanor on the day of the incident was met with an objection from the prosecution, indicating a disagreement over the relevance and interpretation of O.J.'s behavior and its implications regarding the case.

Recent Exchanges:
DEFENSE: DID HE SEEM AGITATED AT THAT TIME?
P_WITNESS: NO.

DEFENSE: DID HE SEEM ANGRY?
P_WITNESS: NO.

DEFENSE: DID HE TALK ABOUT ANYTHING THAT WAS BOTHERING HIM?
P_WITNESS: NO.

DEFENSE: DID HE TALK ABOUT ANY ANGER HE HAD TOWARDS ANYONE?
P_WITNESS: NO.

DEFENSE: AND THEN THERE WAS A DISCUSSION ABOUT GOING TO GET A HAMBURGER?
P_WITNESS: YES.

DEFENSE: AND YOU INVITED YOURSELF TO GO ALONG?
P_WITNESS: YES, I DID.

DEFENSE: AND HE HAD NO PROBLEM WITH THAT?
P_WITNESS: NO.

DEFENSE: DID HE SAY ""I WOULD RATHER BE ALONE""?
P_WITNESS: NO.

DEFENSE: WHEN YOU PICKED UP THE GOLF BAG WITH THE CLUBS IN IT, DID YOU SEE ANY BLOOD AT THE FRONT OF THE DRIVEWAY AT 11:00 O'CLOCK?
P_WITNESS: NO.

DEFENSE: DID YOU SEE ANY BLOOD WALKING TO THE LIMOUSINE?
P_WITNESS: NO.

Current Exchange:
DEFENSE: DID YOU SEE ANY BLOOD ANYWHERE AT 11:00 O'CLOCK THAT NIGHT?
P_WITNESS: NO.",simpson_prosecution_9,"Brian ""kato"" Kaelin","Brian ""Kato"" Kaelin was a witness for the prosecution in the 1995 O.J. Simpson murder trial. His testimony was key because it contradicted Simpson's version of events","DEFENSE: AND THAT DURING THE PERIOD OF TIME WHEN YOU FIRST MET NICOLE, SHE WAS DIVORCED FROM O.J. SIMPSON?
P_WITNESS: YES.

DEFENSE: AND SHE WAS DATING OTHER MEN?
P_WITNESS: YES.

DEFENSE: AND WAS HE (O.J.) AWARE THAT SHE WAS DATING OTHER MEN?
P_WITNESS: YES.

DEFENSE: AND DID HE EVER VOICE ANY CONCERNS ABOUT THAT?
P_WITNESS: NO.

DEFENSE: DID HE EVER SHOW ANY ANGER OR UPSET -- BEING UPSET AT THE FACT THAT SHE WAS DATING OTHER MEN?
P_WITNESS: NO.

DEFENSE: DID YOU EVER DISCUSS WITH O.J. WHAT YOUR RELATIONSHIP WAS WITH NICOLE?
P_WITNESS: NO.

DEFENSE: WAS IT EVER A CONCERN OF HIS?
P_WITNESS: NO.

DEFENSE: WERE YOU EVER PRESENT WHEN NICOLE WOULD COME OVER AND VISIT O.J. AT HIS ROCKINGHAM HOUSE?
P_WITNESS: WHEN I WAS THERE?

DEFENSE: YES.
P_WITNESS: YES.

DEFENSE: AND HOW DID THEY SEEM TO GET ALONG?
nan: nan

PROSECUTION: OBJECTION, SPECULATION, YOUR HONOR.
nan: nan

COURT: OVERRULED.
nan: nan

DEFENSE: DID YOU EVER SEE ANY PHYSICAL CONTACT BETWEEN THE TWO OF THEM?
P_WITNESS: I -- HE DIDN'T HIT HER. THERE WAS NO PHYSICAL CONTACT?

DEFENSE: DID YOU SEE ANY PHYSICAL CONTACT AT ALL?
P_WITNESS: NO.

DEFENSE: ANY PUSHING, SHOVING?
P_WITNESS: NO.

DEFENSE: NOW, DURING THE PERIOD OF TIME IN FEBRUARY AND MARCH 1994, WERE O.J. AND NICOLE STILL DATING AND WAS SHE STILL TRYING TO GET BACK TOGETHER WITH HIM?
P_WITNESS: I DON'T KNOW FOR SURE. IT WAS OFF AND ON, SO IT COULD HAVE BEEN.

DEFENSE: AT SOME POINT IN TIME DID YOU LEARN THAT O.J. HAD SAID THAT IT WASN'T WORKING OUT WITH NICOLE AND THAT THEY WERE GOING TO GO THEIR OWN SEPARATE WAYS?
P_WITNESS: AT SOME POINT, YES.

DEFENSE: DO YOU RECALL PRECISELY WHEN THAT WAS?
P_WITNESS: GOSH, PRECISELY? NOT PRECISELY, BUT -- IT COULD HAVE BEEN MARCH, BUT I CAN'T GIVE YOU A DATE.

DEFENSE: NOW, YOUR RELATIONSHIP WITH O.J. YOU SAID WAS AS A FRIEND.WERE YOU PART OF HIS DAY-TO-DAY LIFE?
P_WITNESS: NO.

DEFENSE: WOULD YOU TALK TO HIM ON A DAY-TO-DAY BASIS?
P_WITNESS: NO.

DEFENSE: DID YOU KNOW HIS COMINGS AND GOINGS?
P_WITNESS: NO.

DEFENSE: SO YOU WOULDN'T BE GENERALLY AWARE AT ANY POINT IN TIME WHERE HE WAS OR WHAT HE WAS DOING?
P_WITNESS: CORRECT.

DEFENSE: HOW WAS HE -- WHAT WAS HIS DEMEANOR LIKE AT 2:30 (ON JUNE 12TH)?
P_WITNESS: HE WAS FINE.

DEFENSE: WHEN YOU SAY ""FINE"" ���
P_WITNESS: HE WAS ���

DEFENSE: NORMAL O.J.?
P_WITNESS: GOT DONE GOLFING, LIKE YOU ARE NOW, I GUESS. I GUESS NORMAL CONVERSATION.

DEFENSE: HE DIDN'T SEEM ANGRY?
P_WITNESS: NO.

DEFENSE: DIDN'T SEEM AGITATED?
P_WITNESS: NO.

DEFENSE: HE DIDN'T SEEM DEPRESSED?
P_WITNESS: NO.

DEFENSE: DIDN'T SEEM DESPONDENT?
P_WITNESS: NO.

DEFENSE: DIDN'T SEEM PREOCCUPIED?
P_WITNESS: NO. I THINK HE MENTIONED THE TRIP WAS COMING UP.

DEFENSE: AND THEN YOU SAW HIM A LITTLE LATER THAT EVENING?
P_WITNESS: YES.

DEFENSE: ABOUT WHAT TIME?
P_WITNESS: UMM, ABOUT 8:30, AROUND THERE, WHEN HE CAME INTO THE ROOM.

DEFENSE: DID HE SEEM AGITATED AT THAT TIME?
P_WITNESS: NO.

DEFENSE: DID HE SEEM ANGRY?
P_WITNESS: NO.

DEFENSE: DID HE TALK ABOUT ANYTHING THAT WAS BOTHERING HIM?
P_WITNESS: NO.

DEFENSE: DID HE TALK ABOUT ANY ANGER HE HAD TOWARDS ANYONE?
P_WITNESS: NO.

DEFENSE: AND THEN THERE WAS A DISCUSSION ABOUT GOING TO GET A HAMBURGER?
P_WITNESS: YES.

DEFENSE: AND YOU INVITED YOURSELF TO GO ALONG?
P_WITNESS: YES, I DID.

DEFENSE: AND HE HAD NO PROBLEM WITH THAT?
P_WITNESS: NO.

DEFENSE: DID HE SAY ""I WOULD RATHER BE ALONE""?
P_WITNESS: NO.

DEFENSE: WHEN YOU PICKED UP THE GOLF BAG WITH THE CLUBS IN IT, DID YOU SEE ANY BLOOD AT THE FRONT OF THE DRIVEWAY AT 11:00 O'CLOCK?
P_WITNESS: NO.

DEFENSE: DID YOU SEE ANY BLOOD WALKING TO THE LIMOUSINE?
P_WITNESS: NO.

DEFENSE: DID YOU SEE ANY BLOOD ANYWHERE AT 11:00 O'CLOCK THAT NIGHT?
","```json
{
    ""belief"": ""The witness's response is consistent with his previous testimony and does not provide any new information that would benefit either side. The response is clear and relevant to the question asked."",
    ""Commitment_value"": ""3"",
    ""quality_rate"": ""1"",
    ""consistency_value"": ""1"",
    ""relevance_rate"": ""1"",
    ""manner_rate"": ""2"",
    ""outcome_value"": ""Witness"",
    ""outcome_reason"": ""2""
}
```",The witness's response is consistent with his previous testimony and does not provide any new information that would benefit either side. The response is clear and relevant to the question asked.,3,1,1,1,2,Witness,2,0,0,0,0.9,0.5,4.1000000000000005,20.5,30.4,1.2586818129170652,1.583410927346516,-0.1142570437020063,-0.3247291144294508
Q/A,AND IT WASN'T UNTIL THE POLICE OFFICERS THE NEXT MORNING TOLD YOU TO BE CAREFUL WHERE YOU WALKED THAT YOUR ATTENTION WAS DIRECTED TOWARDS ANY BLOOD; ISN'T THAT CORRECT?,CORRECT.,,DEFENSE,P_WITNESS,"### Summary of Facts Discussed in the Dialogue

#### Defense Side:
1. **Relationship Status**:
   - Nicole was divorced from O.J. Simpson when she first met the witness.
   - Nicole was dating other men during this time, and O.J. was aware of it.
   - O.J. did not express any concerns or anger about Nicole dating other men.

2. **Interactions Between O.J. and Nicole**:
   - The witness was present when Nicole visited O.J. at his Rockingham house.
   - There was no physical contact observed between O.J. and Nicole; no hitting, pushing, or shoving was reported.

3. **Timeline of Relationship**:
   - The relationship between O.J. and Nicole was described as ""off and on"" around February and March 1994.
   - The witness learned that O.J. had mentioned it wasn't working out with Nicole at some point, possibly in March.

4. **Witness's Relationship with O.J.**:
   - The witness described their relationship with O.J. as a friendship but not part of his day-to-day life.
   - The witness did not know O.J.'s daily activities or whereabouts.

5. **O.J.'s Demeanor**:
   - On June 12th, O.J. appeared normal, not angry, agitated, depressed, or preoccupied.
   - The witness saw O.J. later that evening and reported he still seemed fine and had no issues bothering him.

6. **Blood Evidence**:
   - The witness did not see any blood at the front of the driveway or while walking to the limousine at 11:00 PM.
   - The witness only became aware of blood after police officers pointed it out the next morning.
   - No injuries or bleeding were observed on O.J.'s left index finger at the last sighting.

#### Prosecution Side:
- The prosecution did not present direct evidence in this dialogue but objected to the defense's line of questioning regarding speculation about the relationship dynamics and physical interactions between O.J. and Nicole.

### Conflicts and Disagreements:
1. **Nature of Relationship**:
   - The defense emphasizes that O.J. was not concerned about Nicole's dating life, while the prosecution may imply that there were underlying issues in their relationship.

2. **Physical Interactions**:
   - The defense asserts that there was no physical violence or contact between O.J. and Nicole, which could conflict with any prosecution claims of domestic violence or aggression.

3. **O.J.'s State of Mind**:
   - The defense portrays O.J. as calm and normal during the critical times, while the prosecution may argue that his demeanor could mask deeper issues or guilt.

4. **Blood Evidence**:
   - The defense claims the witness did not see any blood, which could contradict any prosecution narrative that suggests O.J. was involved in a violent incident.

Overall, the dialogue presents a defense focused on establishing O.J.'s non-violent behavior and normal demeanor, while the prosecution's objections suggest they may be trying to challenge the credibility of the witness's observations and the implications of the relationship dynamics.","Previous Context Summary:
In the court conversation, the defense and prosecution presented contrasting claims regarding O.J. Simpson's relationship with Nicole Brown and his demeanor on the night of June 12th.

1. **Important Claims:**
   - **Defense's Claim:** The defense aimed to establish that O.J. Simpson was not angry or upset about Nicole dating other men, and that he maintained a normal demeanor on the night of the incident, showing no signs of agitation or distress.
   - **Prosecution's Claim:** While the prosecution did not directly present their claims in this excerpt, their objections suggest they may be contesting the defense's portrayal of O.J.'s emotional state and the nature of his relationship with Nicole.

2. **Conflicts and Disagreements:**
   - The defense's questioning focused on the absence of any signs of conflict or violence in O.J.'s interactions with Nicole, which could imply a lack of motive for any alleged wrongdoing. The witness consistently affirmed that O.J. did not express anger or concern about Nicole's dating life and appeared normal during their interactions.
   - The prosecution's objections indicate a disagreement over the relevance and interpretation of the witness's testimony, particularly regarding speculation about O.J.'s emotional state and the dynamics of his relationship with Nicole. This suggests a conflict over how the evidence should be understood in the context of the case.

Recent Exchanges:
DEFENSE: DID HE SEEM ANGRY?
P_WITNESS: NO.

DEFENSE: DID HE TALK ABOUT ANYTHING THAT WAS BOTHERING HIM?
P_WITNESS: NO.

DEFENSE: DID HE TALK ABOUT ANY ANGER HE HAD TOWARDS ANYONE?
P_WITNESS: NO.

DEFENSE: AND THEN THERE WAS A DISCUSSION ABOUT GOING TO GET A HAMBURGER?
P_WITNESS: YES.

DEFENSE: AND YOU INVITED YOURSELF TO GO ALONG?
P_WITNESS: YES, I DID.

DEFENSE: AND HE HAD NO PROBLEM WITH THAT?
P_WITNESS: NO.

DEFENSE: DID HE SAY ""I WOULD RATHER BE ALONE""?
P_WITNESS: NO.

DEFENSE: WHEN YOU PICKED UP THE GOLF BAG WITH THE CLUBS IN IT, DID YOU SEE ANY BLOOD AT THE FRONT OF THE DRIVEWAY AT 11:00 O'CLOCK?
P_WITNESS: NO.

DEFENSE: DID YOU SEE ANY BLOOD WALKING TO THE LIMOUSINE?
P_WITNESS: NO.

DEFENSE: DID YOU SEE ANY BLOOD ANYWHERE AT 11:00 O'CLOCK THAT NIGHT?
P_WITNESS: NO.

Current Exchange:
DEFENSE: AND IT WASN'T UNTIL THE POLICE OFFICERS THE NEXT MORNING TOLD YOU TO BE CAREFUL WHERE YOU WALKED THAT YOUR ATTENTION WAS DIRECTED TOWARDS ANY BLOOD; ISN'T THAT CORRECT?
P_WITNESS: CORRECT.",simpson_prosecution_9,"Brian ""kato"" Kaelin","Brian ""Kato"" Kaelin was a witness for the prosecution in the 1995 O.J. Simpson murder trial. His testimony was key because it contradicted Simpson's version of events","DEFENSE: AND THAT DURING THE PERIOD OF TIME WHEN YOU FIRST MET NICOLE, SHE WAS DIVORCED FROM O.J. SIMPSON?
P_WITNESS: YES.

DEFENSE: AND SHE WAS DATING OTHER MEN?
P_WITNESS: YES.

DEFENSE: AND WAS HE (O.J.) AWARE THAT SHE WAS DATING OTHER MEN?
P_WITNESS: YES.

DEFENSE: AND DID HE EVER VOICE ANY CONCERNS ABOUT THAT?
P_WITNESS: NO.

DEFENSE: DID HE EVER SHOW ANY ANGER OR UPSET -- BEING UPSET AT THE FACT THAT SHE WAS DATING OTHER MEN?
P_WITNESS: NO.

DEFENSE: DID YOU EVER DISCUSS WITH O.J. WHAT YOUR RELATIONSHIP WAS WITH NICOLE?
P_WITNESS: NO.

DEFENSE: WAS IT EVER A CONCERN OF HIS?
P_WITNESS: NO.

DEFENSE: WERE YOU EVER PRESENT WHEN NICOLE WOULD COME OVER AND VISIT O.J. AT HIS ROCKINGHAM HOUSE?
P_WITNESS: WHEN I WAS THERE?

DEFENSE: YES.
P_WITNESS: YES.

DEFENSE: AND HOW DID THEY SEEM TO GET ALONG?
nan: nan

PROSECUTION: OBJECTION, SPECULATION, YOUR HONOR.
nan: nan

COURT: OVERRULED.
nan: nan

DEFENSE: DID YOU EVER SEE ANY PHYSICAL CONTACT BETWEEN THE TWO OF THEM?
P_WITNESS: I -- HE DIDN'T HIT HER. THERE WAS NO PHYSICAL CONTACT?

DEFENSE: DID YOU SEE ANY PHYSICAL CONTACT AT ALL?
P_WITNESS: NO.

DEFENSE: ANY PUSHING, SHOVING?
P_WITNESS: NO.

DEFENSE: NOW, DURING THE PERIOD OF TIME IN FEBRUARY AND MARCH 1994, WERE O.J. AND NICOLE STILL DATING AND WAS SHE STILL TRYING TO GET BACK TOGETHER WITH HIM?
P_WITNESS: I DON'T KNOW FOR SURE. IT WAS OFF AND ON, SO IT COULD HAVE BEEN.

DEFENSE: AT SOME POINT IN TIME DID YOU LEARN THAT O.J. HAD SAID THAT IT WASN'T WORKING OUT WITH NICOLE AND THAT THEY WERE GOING TO GO THEIR OWN SEPARATE WAYS?
P_WITNESS: AT SOME POINT, YES.

DEFENSE: DO YOU RECALL PRECISELY WHEN THAT WAS?
P_WITNESS: GOSH, PRECISELY? NOT PRECISELY, BUT -- IT COULD HAVE BEEN MARCH, BUT I CAN'T GIVE YOU A DATE.

DEFENSE: NOW, YOUR RELATIONSHIP WITH O.J. YOU SAID WAS AS A FRIEND.WERE YOU PART OF HIS DAY-TO-DAY LIFE?
P_WITNESS: NO.

DEFENSE: WOULD YOU TALK TO HIM ON A DAY-TO-DAY BASIS?
P_WITNESS: NO.

DEFENSE: DID YOU KNOW HIS COMINGS AND GOINGS?
P_WITNESS: NO.

DEFENSE: SO YOU WOULDN'T BE GENERALLY AWARE AT ANY POINT IN TIME WHERE HE WAS OR WHAT HE WAS DOING?
P_WITNESS: CORRECT.

DEFENSE: HOW WAS HE -- WHAT WAS HIS DEMEANOR LIKE AT 2:30 (ON JUNE 12TH)?
P_WITNESS: HE WAS FINE.

DEFENSE: WHEN YOU SAY ""FINE"" ���
P_WITNESS: HE WAS ���

DEFENSE: NORMAL O.J.?
P_WITNESS: GOT DONE GOLFING, LIKE YOU ARE NOW, I GUESS. I GUESS NORMAL CONVERSATION.

DEFENSE: HE DIDN'T SEEM ANGRY?
P_WITNESS: NO.

DEFENSE: DIDN'T SEEM AGITATED?
P_WITNESS: NO.

DEFENSE: HE DIDN'T SEEM DEPRESSED?
P_WITNESS: NO.

DEFENSE: DIDN'T SEEM DESPONDENT?
P_WITNESS: NO.

DEFENSE: DIDN'T SEEM PREOCCUPIED?
P_WITNESS: NO. I THINK HE MENTIONED THE TRIP WAS COMING UP.

DEFENSE: AND THEN YOU SAW HIM A LITTLE LATER THAT EVENING?
P_WITNESS: YES.

DEFENSE: ABOUT WHAT TIME?
P_WITNESS: UMM, ABOUT 8:30, AROUND THERE, WHEN HE CAME INTO THE ROOM.

DEFENSE: DID HE SEEM AGITATED AT THAT TIME?
P_WITNESS: NO.

DEFENSE: DID HE SEEM ANGRY?
P_WITNESS: NO.

DEFENSE: DID HE TALK ABOUT ANYTHING THAT WAS BOTHERING HIM?
P_WITNESS: NO.

DEFENSE: DID HE TALK ABOUT ANY ANGER HE HAD TOWARDS ANYONE?
P_WITNESS: NO.

DEFENSE: AND THEN THERE WAS A DISCUSSION ABOUT GOING TO GET A HAMBURGER?
P_WITNESS: YES.

DEFENSE: AND YOU INVITED YOURSELF TO GO ALONG?
P_WITNESS: YES, I DID.

DEFENSE: AND HE HAD NO PROBLEM WITH THAT?
P_WITNESS: NO.

DEFENSE: DID HE SAY ""I WOULD RATHER BE ALONE""?
P_WITNESS: NO.

DEFENSE: WHEN YOU PICKED UP THE GOLF BAG WITH THE CLUBS IN IT, DID YOU SEE ANY BLOOD AT THE FRONT OF THE DRIVEWAY AT 11:00 O'CLOCK?
P_WITNESS: NO.

DEFENSE: DID YOU SEE ANY BLOOD WALKING TO THE LIMOUSINE?
P_WITNESS: NO.

DEFENSE: DID YOU SEE ANY BLOOD ANYWHERE AT 11:00 O'CLOCK THAT NIGHT?
P_WITNESS: NO.

DEFENSE: AND IT WASN'T UNTIL THE POLICE OFFICERS THE NEXT MORNING TOLD YOU TO BE CAREFUL WHERE YOU WALKED THAT YOUR ATTENTION WAS DIRECTED TOWARDS ANY BLOOD; ISN'T THAT CORRECT?
","```json
{
    ""belief"": ""The witness maintains a neutral stance and does not provide any new information that significantly benefits either side. The response is consistent with previous testimony and is clear in its denial of seeing blood."",
    ""Commitment_value"": ""3"",
    ""quality_rate"": ""1"",
    ""consistency_value"": ""0"",
    ""relevance_rate"": ""1"",
    ""manner_rate"": ""2"",
    ""outcome_value"": ""Witness"",
    ""outcome_reason"": ""2""
}
```",The witness maintains a neutral stance and does not provide any new information that significantly benefits either side. The response is consistent with previous testimony and is clear in its denial of seeing blood.,3,1,0,1,2,Witness,2,0,0,0,0.902439024390244,0.5,0.0,21.0,30.4,1.3329159958545067,1.583410927346516,-0.0858939817409293,-0.2504949314920093
Q/A,"AND IT WAS DIRECTED BY THEM. YOU DIDN'T SEE THIS ON YOUR OWN, DID YOU?",NO.,,DEFENSE,P_WITNESS,"### Summary of Facts Discussed in the Dialogue

#### Defense Side:
1. **Relationship Status**:
   - Nicole was divorced from O.J. Simpson when she first met the witness.
   - Nicole was dating other men during this time, and O.J. was aware of it.
   - O.J. did not express any concerns or anger about Nicole dating other men.

2. **Interactions Between O.J. and Nicole**:
   - The witness was present when Nicole visited O.J. at his Rockingham house.
   - There was no physical contact observed between O.J. and Nicole; no hitting, pushing, or shoving was reported.

3. **Timeline of Relationship**:
   - The relationship between O.J. and Nicole was described as ""off and on"" around February and March 1994.
   - The witness learned that O.J. had mentioned it wasn't working out with Nicole at some point, possibly in March.

4. **Witness's Relationship with O.J.**:
   - The witness described their relationship with O.J. as a friendship but not part of his day-to-day life.
   - The witness did not know O.J.'s daily activities or whereabouts.

5. **O.J.'s Demeanor**:
   - On June 12th, O.J. appeared normal, not angry, agitated, depressed, or preoccupied.
   - The witness saw O.J. later that evening and reported he still seemed fine and had no issues bothering him.

6. **Blood Evidence**:
   - The witness did not see any blood at the front of the driveway or while walking to the limousine at 11:00 PM.
   - The witness only became aware of blood after police officers pointed it out the next morning.
   - No injuries or bleeding were observed on O.J.'s left index finger at the last sighting.

#### Prosecution Side:
- The prosecution did not present direct evidence in this dialogue but objected to the defense's line of questioning regarding speculation about the relationship dynamics and physical interactions between O.J. and Nicole.

### Conflicts and Disagreements:
1. **Nature of Relationship**:
   - The defense emphasizes that O.J. was not concerned about Nicole's dating life, while the prosecution may imply that there were underlying issues in their relationship.

2. **Physical Interactions**:
   - The defense asserts that there was no physical violence or contact between O.J. and Nicole, which could conflict with any prosecution claims of domestic violence or aggression.

3. **O.J.'s State of Mind**:
   - The defense portrays O.J. as calm and normal during the critical times, while the prosecution may argue that his demeanor could mask deeper issues or guilt.

4. **Blood Evidence**:
   - The defense claims the witness did not see any blood, which could contradict any prosecution narrative that suggests O.J. was involved in a violent incident.

Overall, the dialogue presents a defense focused on establishing O.J.'s non-violent behavior and normal demeanor, while the prosecution's objections suggest they may be trying to challenge the credibility of the witness's observations and the implications of the relationship dynamics.","Previous Context Summary:
In the court conversation, the defense and prosecution presented contrasting claims regarding O.J. Simpson's relationship with Nicole and his demeanor on the night of June 12th.

1. **Important Claims:**
   - **Defense:** The defense aimed to establish that O.J. Simpson was not angry or upset about Nicole dating other men, and that he maintained a normal demeanor on the night of the incident, showing no signs of agitation or distress.
   - **Prosecution:** While the prosecution did not present direct claims in this excerpt, their objections suggest they may be contesting the defense's portrayal of O.J.'s emotional state and the nature of his relationship with Nicole.

2. **Conflicts and Disagreements:**
   - The defense's questioning sought to highlight that O.J. was aware of Nicole's dating life and had no concerns about it, contradicting any narrative that he was possessive or violent. The witness confirmed that O.J. did not exhibit anger or aggression towards Nicole.
   - The prosecution's objection to the defense's line of questioning indicates a disagreement over the relevance and implications of the witness's testimony regarding O.J.'s demeanor and relationship dynamics, suggesting they may argue that this portrayal does not accurately reflect the complexities of the situation or the events leading up to the incident. 

Overall, the defense focused on portraying O.J. as calm and unconcerned, while the prosecution appeared to challenge this narrative, hinting at deeper issues in their relationship.

Recent Exchanges:
DEFENSE: DID HE TALK ABOUT ANYTHING THAT WAS BOTHERING HIM?
P_WITNESS: NO.

DEFENSE: DID HE TALK ABOUT ANY ANGER HE HAD TOWARDS ANYONE?
P_WITNESS: NO.

DEFENSE: AND THEN THERE WAS A DISCUSSION ABOUT GOING TO GET A HAMBURGER?
P_WITNESS: YES.

DEFENSE: AND YOU INVITED YOURSELF TO GO ALONG?
P_WITNESS: YES, I DID.

DEFENSE: AND HE HAD NO PROBLEM WITH THAT?
P_WITNESS: NO.

DEFENSE: DID HE SAY ""I WOULD RATHER BE ALONE""?
P_WITNESS: NO.

DEFENSE: WHEN YOU PICKED UP THE GOLF BAG WITH THE CLUBS IN IT, DID YOU SEE ANY BLOOD AT THE FRONT OF THE DRIVEWAY AT 11:00 O'CLOCK?
P_WITNESS: NO.

DEFENSE: DID YOU SEE ANY BLOOD WALKING TO THE LIMOUSINE?
P_WITNESS: NO.

DEFENSE: DID YOU SEE ANY BLOOD ANYWHERE AT 11:00 O'CLOCK THAT NIGHT?
P_WITNESS: NO.

DEFENSE: AND IT WASN'T UNTIL THE POLICE OFFICERS THE NEXT MORNING TOLD YOU TO BE CAREFUL WHERE YOU WALKED THAT YOUR ATTENTION WAS DIRECTED TOWARDS ANY BLOOD; ISN'T THAT CORRECT?
P_WITNESS: CORRECT.

Current Exchange:
DEFENSE: AND IT WAS DIRECTED BY THEM. YOU DIDN'T SEE THIS ON YOUR OWN, DID YOU?
P_WITNESS: NO.",simpson_prosecution_9,"Brian ""kato"" Kaelin","Brian ""Kato"" Kaelin was a witness for the prosecution in the 1995 O.J. Simpson murder trial. His testimony was key because it contradicted Simpson's version of events","DEFENSE: AND THAT DURING THE PERIOD OF TIME WHEN YOU FIRST MET NICOLE, SHE WAS DIVORCED FROM O.J. SIMPSON?
P_WITNESS: YES.

DEFENSE: AND SHE WAS DATING OTHER MEN?
P_WITNESS: YES.

DEFENSE: AND WAS HE (O.J.) AWARE THAT SHE WAS DATING OTHER MEN?
P_WITNESS: YES.

DEFENSE: AND DID HE EVER VOICE ANY CONCERNS ABOUT THAT?
P_WITNESS: NO.

DEFENSE: DID HE EVER SHOW ANY ANGER OR UPSET -- BEING UPSET AT THE FACT THAT SHE WAS DATING OTHER MEN?
P_WITNESS: NO.

DEFENSE: DID YOU EVER DISCUSS WITH O.J. WHAT YOUR RELATIONSHIP WAS WITH NICOLE?
P_WITNESS: NO.

DEFENSE: WAS IT EVER A CONCERN OF HIS?
P_WITNESS: NO.

DEFENSE: WERE YOU EVER PRESENT WHEN NICOLE WOULD COME OVER AND VISIT O.J. AT HIS ROCKINGHAM HOUSE?
P_WITNESS: WHEN I WAS THERE?

DEFENSE: YES.
P_WITNESS: YES.

DEFENSE: AND HOW DID THEY SEEM TO GET ALONG?
nan: nan

PROSECUTION: OBJECTION, SPECULATION, YOUR HONOR.
nan: nan

COURT: OVERRULED.
nan: nan

DEFENSE: DID YOU EVER SEE ANY PHYSICAL CONTACT BETWEEN THE TWO OF THEM?
P_WITNESS: I -- HE DIDN'T HIT HER. THERE WAS NO PHYSICAL CONTACT?

DEFENSE: DID YOU SEE ANY PHYSICAL CONTACT AT ALL?
P_WITNESS: NO.

DEFENSE: ANY PUSHING, SHOVING?
P_WITNESS: NO.

DEFENSE: NOW, DURING THE PERIOD OF TIME IN FEBRUARY AND MARCH 1994, WERE O.J. AND NICOLE STILL DATING AND WAS SHE STILL TRYING TO GET BACK TOGETHER WITH HIM?
P_WITNESS: I DON'T KNOW FOR SURE. IT WAS OFF AND ON, SO IT COULD HAVE BEEN.

DEFENSE: AT SOME POINT IN TIME DID YOU LEARN THAT O.J. HAD SAID THAT IT WASN'T WORKING OUT WITH NICOLE AND THAT THEY WERE GOING TO GO THEIR OWN SEPARATE WAYS?
P_WITNESS: AT SOME POINT, YES.

DEFENSE: DO YOU RECALL PRECISELY WHEN THAT WAS?
P_WITNESS: GOSH, PRECISELY? NOT PRECISELY, BUT -- IT COULD HAVE BEEN MARCH, BUT I CAN'T GIVE YOU A DATE.

DEFENSE: NOW, YOUR RELATIONSHIP WITH O.J. YOU SAID WAS AS A FRIEND.WERE YOU PART OF HIS DAY-TO-DAY LIFE?
P_WITNESS: NO.

DEFENSE: WOULD YOU TALK TO HIM ON A DAY-TO-DAY BASIS?
P_WITNESS: NO.

DEFENSE: DID YOU KNOW HIS COMINGS AND GOINGS?
P_WITNESS: NO.

DEFENSE: SO YOU WOULDN'T BE GENERALLY AWARE AT ANY POINT IN TIME WHERE HE WAS OR WHAT HE WAS DOING?
P_WITNESS: CORRECT.

DEFENSE: HOW WAS HE -- WHAT WAS HIS DEMEANOR LIKE AT 2:30 (ON JUNE 12TH)?
P_WITNESS: HE WAS FINE.

DEFENSE: WHEN YOU SAY ""FINE"" ���
P_WITNESS: HE WAS ���

DEFENSE: NORMAL O.J.?
P_WITNESS: GOT DONE GOLFING, LIKE YOU ARE NOW, I GUESS. I GUESS NORMAL CONVERSATION.

DEFENSE: HE DIDN'T SEEM ANGRY?
P_WITNESS: NO.

DEFENSE: DIDN'T SEEM AGITATED?
P_WITNESS: NO.

DEFENSE: HE DIDN'T SEEM DEPRESSED?
P_WITNESS: NO.

DEFENSE: DIDN'T SEEM DESPONDENT?
P_WITNESS: NO.

DEFENSE: DIDN'T SEEM PREOCCUPIED?
P_WITNESS: NO. I THINK HE MENTIONED THE TRIP WAS COMING UP.

DEFENSE: AND THEN YOU SAW HIM A LITTLE LATER THAT EVENING?
P_WITNESS: YES.

DEFENSE: ABOUT WHAT TIME?
P_WITNESS: UMM, ABOUT 8:30, AROUND THERE, WHEN HE CAME INTO THE ROOM.

DEFENSE: DID HE SEEM AGITATED AT THAT TIME?
P_WITNESS: NO.

DEFENSE: DID HE SEEM ANGRY?
P_WITNESS: NO.

DEFENSE: DID HE TALK ABOUT ANYTHING THAT WAS BOTHERING HIM?
P_WITNESS: NO.

DEFENSE: DID HE TALK ABOUT ANY ANGER HE HAD TOWARDS ANYONE?
P_WITNESS: NO.

DEFENSE: AND THEN THERE WAS A DISCUSSION ABOUT GOING TO GET A HAMBURGER?
P_WITNESS: YES.

DEFENSE: AND YOU INVITED YOURSELF TO GO ALONG?
P_WITNESS: YES, I DID.

DEFENSE: AND HE HAD NO PROBLEM WITH THAT?
P_WITNESS: NO.

DEFENSE: DID HE SAY ""I WOULD RATHER BE ALONE""?
P_WITNESS: NO.

DEFENSE: WHEN YOU PICKED UP THE GOLF BAG WITH THE CLUBS IN IT, DID YOU SEE ANY BLOOD AT THE FRONT OF THE DRIVEWAY AT 11:00 O'CLOCK?
P_WITNESS: NO.

DEFENSE: DID YOU SEE ANY BLOOD WALKING TO THE LIMOUSINE?
P_WITNESS: NO.

DEFENSE: DID YOU SEE ANY BLOOD ANYWHERE AT 11:00 O'CLOCK THAT NIGHT?
P_WITNESS: NO.

DEFENSE: AND IT WASN'T UNTIL THE POLICE OFFICERS THE NEXT MORNING TOLD YOU TO BE CAREFUL WHERE YOU WALKED THAT YOUR ATTENTION WAS DIRECTED TOWARDS ANY BLOOD; ISN'T THAT CORRECT?
P_WITNESS: CORRECT.

DEFENSE: AND IT WAS DIRECTED BY THEM. YOU DIDN'T SEE THIS ON YOUR OWN, DID YOU?
","```json
{
    ""belief"": ""The witness maintains a neutral stance and does not provide any information that significantly benefits either side. The response is clear and relevant to the question asked."",
    ""Commitment_value"": ""3"",
    ""quality_rate"": ""1"",
    ""consistency_value"": ""0"",
    ""relevance_rate"": ""1"",
    ""manner_rate"": ""2"",
    ""outcome_value"": ""Witness"",
    ""outcome_reason"": ""2""
}
```",The witness maintains a neutral stance and does not provide any information that significantly benefits either side. The response is clear and relevant to the question asked.,3,1,0,1,2,Witness,2,0,0,0,0.9047619047619048,0.5,0.0,21.5,30.4,1.4071501787919485,1.583410927346516,-0.0589390225776603,-0.1762607485545677
Q/A,"AT 11:00 O'CLOCK, WHEN YOU LAST SAW O.J. SIMPSON, DID YOU SEE ANY INJURY TO HIS INDEX FINGER ON HIS LEFT HAND?",NO.,,DEFENSE,P_WITNESS,"### Summary of Facts Discussed in the Dialogue

#### Defense Side:
1. **Relationship Status**:
   - Nicole was divorced from O.J. Simpson when she first met the witness.
   - Nicole was dating other men during this time, and O.J. was aware of it.
   - O.J. did not express any concerns or anger about Nicole dating other men.

2. **Interactions Between O.J. and Nicole**:
   - The witness was present when Nicole visited O.J. at his Rockingham house.
   - There was no physical contact observed between O.J. and Nicole; no hitting, pushing, or shoving was reported.

3. **Timeline of Relationship**:
   - The relationship between O.J. and Nicole was described as ""off and on"" around February and March 1994.
   - The witness learned that O.J. had mentioned it wasn't working out with Nicole at some point, possibly in March.

4. **Witness's Relationship with O.J.**:
   - The witness described their relationship with O.J. as a friendship but not part of his day-to-day life.
   - The witness did not know O.J.'s daily activities or whereabouts.

5. **O.J.'s Demeanor**:
   - On June 12th, O.J. appeared normal, not angry, agitated, depressed, or preoccupied.
   - The witness saw O.J. later that evening and reported he still seemed fine and had no issues bothering him.

6. **Blood Evidence**:
   - The witness did not see any blood at the front of the driveway or while walking to the limousine at 11:00 PM.
   - The witness only became aware of blood after police officers pointed it out the next morning.
   - No injuries or bleeding were observed on O.J.'s left index finger at the last sighting.

#### Prosecution Side:
- The prosecution did not present direct evidence in this dialogue but objected to the defense's line of questioning regarding speculation about the relationship dynamics and physical interactions between O.J. and Nicole.

### Conflicts and Disagreements:
1. **Nature of Relationship**:
   - The defense emphasizes that O.J. was not concerned about Nicole's dating life, while the prosecution may imply that there were underlying issues in their relationship.

2. **Physical Interactions**:
   - The defense asserts that there was no physical violence or contact between O.J. and Nicole, which could conflict with any prosecution claims of domestic violence or aggression.

3. **O.J.'s State of Mind**:
   - The defense portrays O.J. as calm and normal during the critical times, while the prosecution may argue that his demeanor could mask deeper issues or guilt.

4. **Blood Evidence**:
   - The defense claims the witness did not see any blood, which could contradict any prosecution narrative that suggests O.J. was involved in a violent incident.

Overall, the dialogue presents a defense focused on establishing O.J.'s non-violent behavior and normal demeanor, while the prosecution's objections suggest they may be trying to challenge the credibility of the witness's observations and the implications of the relationship dynamics.","Previous Context Summary:
In the court conversation, the defense and prosecution presented contrasting claims regarding O.J. Simpson's relationship with Nicole and his demeanor around the time of the incident.

1. **Important Claims:**
   - **Defense's Claim:** The defense aimed to establish that O.J. Simpson was not angry or upset about Nicole dating other men, and that he maintained a normal demeanor on the night of June 12th, 1994. They sought to show that there was no evidence of physical violence or blood at the scene when the witness was present.
   - **Prosecution's Claim:** The prosecution objected to the defense's line of questioning, suggesting that the witness's observations were speculative and not relevant to the case.

2. **Conflicts and Disagreement:**
   - The defense and prosecution disagreed on the relevance of the witness's observations regarding O.J.'s demeanor and his relationship with Nicole. The defense emphasized that O.J. did not exhibit signs of anger or agitation, while the prosecution objected to the defense's attempts to draw conclusions from the witness's statements, indicating a conflict over the interpretation of the witness's testimony.
   - Additionally, there was a disagreement about the presence of blood at the scene, with the defense asserting that the witness did not see any blood until directed by police, while the prosecution likely aimed to highlight the significance of any blood evidence in relation to the case.

Recent Exchanges:
DEFENSE: DID HE TALK ABOUT ANY ANGER HE HAD TOWARDS ANYONE?
P_WITNESS: NO.

DEFENSE: AND THEN THERE WAS A DISCUSSION ABOUT GOING TO GET A HAMBURGER?
P_WITNESS: YES.

DEFENSE: AND YOU INVITED YOURSELF TO GO ALONG?
P_WITNESS: YES, I DID.

DEFENSE: AND HE HAD NO PROBLEM WITH THAT?
P_WITNESS: NO.

DEFENSE: DID HE SAY ""I WOULD RATHER BE ALONE""?
P_WITNESS: NO.

DEFENSE: WHEN YOU PICKED UP THE GOLF BAG WITH THE CLUBS IN IT, DID YOU SEE ANY BLOOD AT THE FRONT OF THE DRIVEWAY AT 11:00 O'CLOCK?
P_WITNESS: NO.

DEFENSE: DID YOU SEE ANY BLOOD WALKING TO THE LIMOUSINE?
P_WITNESS: NO.

DEFENSE: DID YOU SEE ANY BLOOD ANYWHERE AT 11:00 O'CLOCK THAT NIGHT?
P_WITNESS: NO.

DEFENSE: AND IT WASN'T UNTIL THE POLICE OFFICERS THE NEXT MORNING TOLD YOU TO BE CAREFUL WHERE YOU WALKED THAT YOUR ATTENTION WAS DIRECTED TOWARDS ANY BLOOD; ISN'T THAT CORRECT?
P_WITNESS: CORRECT.

DEFENSE: AND IT WAS DIRECTED BY THEM. YOU DIDN'T SEE THIS ON YOUR OWN, DID YOU?
P_WITNESS: NO.

Current Exchange:
DEFENSE: AT 11:00 O'CLOCK, WHEN YOU LAST SAW O.J. SIMPSON, DID YOU SEE ANY INJURY TO HIS INDEX FINGER ON HIS LEFT HAND?
P_WITNESS: NO.",simpson_prosecution_9,"Brian ""kato"" Kaelin","Brian ""Kato"" Kaelin was a witness for the prosecution in the 1995 O.J. Simpson murder trial. His testimony was key because it contradicted Simpson's version of events","DEFENSE: AND THAT DURING THE PERIOD OF TIME WHEN YOU FIRST MET NICOLE, SHE WAS DIVORCED FROM O.J. SIMPSON?
P_WITNESS: YES.

DEFENSE: AND SHE WAS DATING OTHER MEN?
P_WITNESS: YES.

DEFENSE: AND WAS HE (O.J.) AWARE THAT SHE WAS DATING OTHER MEN?
P_WITNESS: YES.

DEFENSE: AND DID HE EVER VOICE ANY CONCERNS ABOUT THAT?
P_WITNESS: NO.

DEFENSE: DID HE EVER SHOW ANY ANGER OR UPSET -- BEING UPSET AT THE FACT THAT SHE WAS DATING OTHER MEN?
P_WITNESS: NO.

DEFENSE: DID YOU EVER DISCUSS WITH O.J. WHAT YOUR RELATIONSHIP WAS WITH NICOLE?
P_WITNESS: NO.

DEFENSE: WAS IT EVER A CONCERN OF HIS?
P_WITNESS: NO.

DEFENSE: WERE YOU EVER PRESENT WHEN NICOLE WOULD COME OVER AND VISIT O.J. AT HIS ROCKINGHAM HOUSE?
P_WITNESS: WHEN I WAS THERE?

DEFENSE: YES.
P_WITNESS: YES.

DEFENSE: AND HOW DID THEY SEEM TO GET ALONG?
nan: nan

PROSECUTION: OBJECTION, SPECULATION, YOUR HONOR.
nan: nan

COURT: OVERRULED.
nan: nan

DEFENSE: DID YOU EVER SEE ANY PHYSICAL CONTACT BETWEEN THE TWO OF THEM?
P_WITNESS: I -- HE DIDN'T HIT HER. THERE WAS NO PHYSICAL CONTACT?

DEFENSE: DID YOU SEE ANY PHYSICAL CONTACT AT ALL?
P_WITNESS: NO.

DEFENSE: ANY PUSHING, SHOVING?
P_WITNESS: NO.

DEFENSE: NOW, DURING THE PERIOD OF TIME IN FEBRUARY AND MARCH 1994, WERE O.J. AND NICOLE STILL DATING AND WAS SHE STILL TRYING TO GET BACK TOGETHER WITH HIM?
P_WITNESS: I DON'T KNOW FOR SURE. IT WAS OFF AND ON, SO IT COULD HAVE BEEN.

DEFENSE: AT SOME POINT IN TIME DID YOU LEARN THAT O.J. HAD SAID THAT IT WASN'T WORKING OUT WITH NICOLE AND THAT THEY WERE GOING TO GO THEIR OWN SEPARATE WAYS?
P_WITNESS: AT SOME POINT, YES.

DEFENSE: DO YOU RECALL PRECISELY WHEN THAT WAS?
P_WITNESS: GOSH, PRECISELY? NOT PRECISELY, BUT -- IT COULD HAVE BEEN MARCH, BUT I CAN'T GIVE YOU A DATE.

DEFENSE: NOW, YOUR RELATIONSHIP WITH O.J. YOU SAID WAS AS A FRIEND.WERE YOU PART OF HIS DAY-TO-DAY LIFE?
P_WITNESS: NO.

DEFENSE: WOULD YOU TALK TO HIM ON A DAY-TO-DAY BASIS?
P_WITNESS: NO.

DEFENSE: DID YOU KNOW HIS COMINGS AND GOINGS?
P_WITNESS: NO.

DEFENSE: SO YOU WOULDN'T BE GENERALLY AWARE AT ANY POINT IN TIME WHERE HE WAS OR WHAT HE WAS DOING?
P_WITNESS: CORRECT.

DEFENSE: HOW WAS HE -- WHAT WAS HIS DEMEANOR LIKE AT 2:30 (ON JUNE 12TH)?
P_WITNESS: HE WAS FINE.

DEFENSE: WHEN YOU SAY ""FINE"" ���
P_WITNESS: HE WAS ���

DEFENSE: NORMAL O.J.?
P_WITNESS: GOT DONE GOLFING, LIKE YOU ARE NOW, I GUESS. I GUESS NORMAL CONVERSATION.

DEFENSE: HE DIDN'T SEEM ANGRY?
P_WITNESS: NO.

DEFENSE: DIDN'T SEEM AGITATED?
P_WITNESS: NO.

DEFENSE: HE DIDN'T SEEM DEPRESSED?
P_WITNESS: NO.

DEFENSE: DIDN'T SEEM DESPONDENT?
P_WITNESS: NO.

DEFENSE: DIDN'T SEEM PREOCCUPIED?
P_WITNESS: NO. I THINK HE MENTIONED THE TRIP WAS COMING UP.

DEFENSE: AND THEN YOU SAW HIM A LITTLE LATER THAT EVENING?
P_WITNESS: YES.

DEFENSE: ABOUT WHAT TIME?
P_WITNESS: UMM, ABOUT 8:30, AROUND THERE, WHEN HE CAME INTO THE ROOM.

DEFENSE: DID HE SEEM AGITATED AT THAT TIME?
P_WITNESS: NO.

DEFENSE: DID HE SEEM ANGRY?
P_WITNESS: NO.

DEFENSE: DID HE TALK ABOUT ANYTHING THAT WAS BOTHERING HIM?
P_WITNESS: NO.

DEFENSE: DID HE TALK ABOUT ANY ANGER HE HAD TOWARDS ANYONE?
P_WITNESS: NO.

DEFENSE: AND THEN THERE WAS A DISCUSSION ABOUT GOING TO GET A HAMBURGER?
P_WITNESS: YES.

DEFENSE: AND YOU INVITED YOURSELF TO GO ALONG?
P_WITNESS: YES, I DID.

DEFENSE: AND HE HAD NO PROBLEM WITH THAT?
P_WITNESS: NO.

DEFENSE: DID HE SAY ""I WOULD RATHER BE ALONE""?
P_WITNESS: NO.

DEFENSE: WHEN YOU PICKED UP THE GOLF BAG WITH THE CLUBS IN IT, DID YOU SEE ANY BLOOD AT THE FRONT OF THE DRIVEWAY AT 11:00 O'CLOCK?
P_WITNESS: NO.

DEFENSE: DID YOU SEE ANY BLOOD WALKING TO THE LIMOUSINE?
P_WITNESS: NO.

DEFENSE: DID YOU SEE ANY BLOOD ANYWHERE AT 11:00 O'CLOCK THAT NIGHT?
P_WITNESS: NO.

DEFENSE: AND IT WASN'T UNTIL THE POLICE OFFICERS THE NEXT MORNING TOLD YOU TO BE CAREFUL WHERE YOU WALKED THAT YOUR ATTENTION WAS DIRECTED TOWARDS ANY BLOOD; ISN'T THAT CORRECT?
P_WITNESS: CORRECT.

DEFENSE: AND IT WAS DIRECTED BY THEM. YOU DIDN'T SEE THIS ON YOUR OWN, DID YOU?
P_WITNESS: NO.

DEFENSE: AT 11:00 O'CLOCK, WHEN YOU LAST SAW O.J. SIMPSON, DID YOU SEE ANY INJURY TO HIS INDEX FINGER ON HIS LEFT HAND?
","```json
{
    ""belief"": ""The witness maintains a neutral stance and does not provide any information that is detrimental or beneficial to either side. The response is clear and relevant to the question asked."",
    ""Commitment_value"": ""3"",
    ""quality_rate"": ""1"",
    ""consistency_value"": ""0"",
    ""relevance_rate"": ""1"",
    ""manner_rate"": ""2"",
    ""outcome_value"": ""Witness"",
    ""outcome_reason"": ""2""
}
```",The witness maintains a neutral stance and does not provide any information that is detrimental or beneficial to either side. The response is clear and relevant to the question asked.,3,1,0,1,2,Witness,2,0,0,0,0.9069767441860463,0.5,0.0,22.0,30.4,1.48138436172939,1.583410927346516,-0.0332898467903508,-0.1020265656171259
Q/A,DID YOU SEE ANY BLEEDING ON HIS INDEX FINGER TO HIS LAST -- LEFT HAND?,NO.,,DEFENSE,P_WITNESS,"### Summary of Facts Discussed in the Dialogue

#### Defense Side:
1. **Relationship Status**:
   - Nicole was divorced from O.J. Simpson when she first met the witness.
   - Nicole was dating other men during this time, and O.J. was aware of it.
   - O.J. did not express any concerns or anger about Nicole dating other men.

2. **Interactions Between O.J. and Nicole**:
   - The witness was present when Nicole visited O.J. at his Rockingham house.
   - There was no physical contact observed between O.J. and Nicole; no hitting, pushing, or shoving was reported.

3. **Timeline of Relationship**:
   - The relationship between O.J. and Nicole was described as ""off and on"" around February and March 1994.
   - The witness learned that O.J. had mentioned it wasn't working out with Nicole at some point, possibly in March.

4. **Witness's Relationship with O.J.**:
   - The witness described their relationship with O.J. as a friendship but not part of his day-to-day life.
   - The witness did not know O.J.'s daily activities or whereabouts.

5. **O.J.'s Demeanor**:
   - On June 12th, O.J. appeared normal, not angry, agitated, depressed, or preoccupied.
   - The witness saw O.J. later that evening and reported he still seemed fine and had no issues bothering him.

6. **Blood Evidence**:
   - The witness did not see any blood at the front of the driveway or while walking to the limousine at 11:00 PM.
   - The witness only became aware of blood after police officers pointed it out the next morning.
   - No injuries or bleeding were observed on O.J.'s left index finger at the last sighting.

#### Prosecution Side:
- The prosecution did not present direct evidence in this dialogue but objected to the defense's line of questioning regarding speculation about the relationship dynamics and physical interactions between O.J. and Nicole.

### Conflicts and Disagreements:
1. **Nature of Relationship**:
   - The defense emphasizes that O.J. was not concerned about Nicole's dating life, while the prosecution may imply that there were underlying issues in their relationship.

2. **Physical Interactions**:
   - The defense asserts that there was no physical violence or contact between O.J. and Nicole, which could conflict with any prosecution claims of domestic violence or aggression.

3. **O.J.'s State of Mind**:
   - The defense portrays O.J. as calm and normal during the critical times, while the prosecution may argue that his demeanor could mask deeper issues or guilt.

4. **Blood Evidence**:
   - The defense claims the witness did not see any blood, which could contradict any prosecution narrative that suggests O.J. was involved in a violent incident.

Overall, the dialogue presents a defense focused on establishing O.J.'s non-violent behavior and normal demeanor, while the prosecution's objections suggest they may be trying to challenge the credibility of the witness's observations and the implications of the relationship dynamics.","Previous Context Summary:
In the court conversation, the defense and prosecution presented contrasting claims regarding O.J. Simpson's behavior and relationship with Nicole Brown Simpson.

1. **Important Claims:**
   - **Defense:** The defense aimed to establish that O.J. Simpson was not angry or upset about Nicole dating other men, and that he had a normal demeanor on the night of June 12th, 1994. They sought to show that there was no evidence of physical violence or distress in his behavior, and that he did not exhibit any signs of anger or agitation when interacting with the witness.
   - **Prosecution:** While the prosecution did not present direct claims in this excerpt, their objections suggest they were likely trying to challenge the defense's portrayal of O.J. Simpson's demeanor and the nature of his relationship with Nicole, implying that there may have been underlying issues not visible to the witness.

2. **Conflicts and Disagreements:**
   - The primary conflict arose from the defense's portrayal of O.J. Simpson as calm and unaffected by his relationship with Nicole, contrasting with the prosecution's likely implication that there were deeper emotional or violent issues at play. The defense's questioning aimed to highlight a lack of evidence for any physical altercations or emotional distress, while the prosecution's objections indicated a disagreement over the relevance and interpretation of the witness's observations. The defense also sought to clarify that the witness had no knowledge of O.J.'s daily life or emotional state beyond their interactions, which could undermine any claims of his potential guilt or emotional turmoil.

Recent Exchanges:
DEFENSE: AND THEN THERE WAS A DISCUSSION ABOUT GOING TO GET A HAMBURGER?
P_WITNESS: YES.

DEFENSE: AND YOU INVITED YOURSELF TO GO ALONG?
P_WITNESS: YES, I DID.

DEFENSE: AND HE HAD NO PROBLEM WITH THAT?
P_WITNESS: NO.

DEFENSE: DID HE SAY ""I WOULD RATHER BE ALONE""?
P_WITNESS: NO.

DEFENSE: WHEN YOU PICKED UP THE GOLF BAG WITH THE CLUBS IN IT, DID YOU SEE ANY BLOOD AT THE FRONT OF THE DRIVEWAY AT 11:00 O'CLOCK?
P_WITNESS: NO.

DEFENSE: DID YOU SEE ANY BLOOD WALKING TO THE LIMOUSINE?
P_WITNESS: NO.

DEFENSE: DID YOU SEE ANY BLOOD ANYWHERE AT 11:00 O'CLOCK THAT NIGHT?
P_WITNESS: NO.

DEFENSE: AND IT WASN'T UNTIL THE POLICE OFFICERS THE NEXT MORNING TOLD YOU TO BE CAREFUL WHERE YOU WALKED THAT YOUR ATTENTION WAS DIRECTED TOWARDS ANY BLOOD; ISN'T THAT CORRECT?
P_WITNESS: CORRECT.

DEFENSE: AND IT WAS DIRECTED BY THEM. YOU DIDN'T SEE THIS ON YOUR OWN, DID YOU?
P_WITNESS: NO.

DEFENSE: AT 11:00 O'CLOCK, WHEN YOU LAST SAW O.J. SIMPSON, DID YOU SEE ANY INJURY TO HIS INDEX FINGER ON HIS LEFT HAND?
P_WITNESS: NO.

Current Exchange:
DEFENSE: DID YOU SEE ANY BLEEDING ON HIS INDEX FINGER TO HIS LAST -- LEFT HAND?
P_WITNESS: NO.",simpson_prosecution_9,"Brian ""kato"" Kaelin","Brian ""Kato"" Kaelin was a witness for the prosecution in the 1995 O.J. Simpson murder trial. His testimony was key because it contradicted Simpson's version of events","DEFENSE: AND THAT DURING THE PERIOD OF TIME WHEN YOU FIRST MET NICOLE, SHE WAS DIVORCED FROM O.J. SIMPSON?
P_WITNESS: YES.

DEFENSE: AND SHE WAS DATING OTHER MEN?
P_WITNESS: YES.

DEFENSE: AND WAS HE (O.J.) AWARE THAT SHE WAS DATING OTHER MEN?
P_WITNESS: YES.

DEFENSE: AND DID HE EVER VOICE ANY CONCERNS ABOUT THAT?
P_WITNESS: NO.

DEFENSE: DID HE EVER SHOW ANY ANGER OR UPSET -- BEING UPSET AT THE FACT THAT SHE WAS DATING OTHER MEN?
P_WITNESS: NO.

DEFENSE: DID YOU EVER DISCUSS WITH O.J. WHAT YOUR RELATIONSHIP WAS WITH NICOLE?
P_WITNESS: NO.

DEFENSE: WAS IT EVER A CONCERN OF HIS?
P_WITNESS: NO.

DEFENSE: WERE YOU EVER PRESENT WHEN NICOLE WOULD COME OVER AND VISIT O.J. AT HIS ROCKINGHAM HOUSE?
P_WITNESS: WHEN I WAS THERE?

DEFENSE: YES.
P_WITNESS: YES.

DEFENSE: AND HOW DID THEY SEEM TO GET ALONG?
nan: nan

PROSECUTION: OBJECTION, SPECULATION, YOUR HONOR.
nan: nan

COURT: OVERRULED.
nan: nan

DEFENSE: DID YOU EVER SEE ANY PHYSICAL CONTACT BETWEEN THE TWO OF THEM?
P_WITNESS: I -- HE DIDN'T HIT HER. THERE WAS NO PHYSICAL CONTACT?

DEFENSE: DID YOU SEE ANY PHYSICAL CONTACT AT ALL?
P_WITNESS: NO.

DEFENSE: ANY PUSHING, SHOVING?
P_WITNESS: NO.

DEFENSE: NOW, DURING THE PERIOD OF TIME IN FEBRUARY AND MARCH 1994, WERE O.J. AND NICOLE STILL DATING AND WAS SHE STILL TRYING TO GET BACK TOGETHER WITH HIM?
P_WITNESS: I DON'T KNOW FOR SURE. IT WAS OFF AND ON, SO IT COULD HAVE BEEN.

DEFENSE: AT SOME POINT IN TIME DID YOU LEARN THAT O.J. HAD SAID THAT IT WASN'T WORKING OUT WITH NICOLE AND THAT THEY WERE GOING TO GO THEIR OWN SEPARATE WAYS?
P_WITNESS: AT SOME POINT, YES.

DEFENSE: DO YOU RECALL PRECISELY WHEN THAT WAS?
P_WITNESS: GOSH, PRECISELY? NOT PRECISELY, BUT -- IT COULD HAVE BEEN MARCH, BUT I CAN'T GIVE YOU A DATE.

DEFENSE: NOW, YOUR RELATIONSHIP WITH O.J. YOU SAID WAS AS A FRIEND.WERE YOU PART OF HIS DAY-TO-DAY LIFE?
P_WITNESS: NO.

DEFENSE: WOULD YOU TALK TO HIM ON A DAY-TO-DAY BASIS?
P_WITNESS: NO.

DEFENSE: DID YOU KNOW HIS COMINGS AND GOINGS?
P_WITNESS: NO.

DEFENSE: SO YOU WOULDN'T BE GENERALLY AWARE AT ANY POINT IN TIME WHERE HE WAS OR WHAT HE WAS DOING?
P_WITNESS: CORRECT.

DEFENSE: HOW WAS HE -- WHAT WAS HIS DEMEANOR LIKE AT 2:30 (ON JUNE 12TH)?
P_WITNESS: HE WAS FINE.

DEFENSE: WHEN YOU SAY ""FINE"" ���
P_WITNESS: HE WAS ���

DEFENSE: NORMAL O.J.?
P_WITNESS: GOT DONE GOLFING, LIKE YOU ARE NOW, I GUESS. I GUESS NORMAL CONVERSATION.

DEFENSE: HE DIDN'T SEEM ANGRY?
P_WITNESS: NO.

DEFENSE: DIDN'T SEEM AGITATED?
P_WITNESS: NO.

DEFENSE: HE DIDN'T SEEM DEPRESSED?
P_WITNESS: NO.

DEFENSE: DIDN'T SEEM DESPONDENT?
P_WITNESS: NO.

DEFENSE: DIDN'T SEEM PREOCCUPIED?
P_WITNESS: NO. I THINK HE MENTIONED THE TRIP WAS COMING UP.

DEFENSE: AND THEN YOU SAW HIM A LITTLE LATER THAT EVENING?
P_WITNESS: YES.

DEFENSE: ABOUT WHAT TIME?
P_WITNESS: UMM, ABOUT 8:30, AROUND THERE, WHEN HE CAME INTO THE ROOM.

DEFENSE: DID HE SEEM AGITATED AT THAT TIME?
P_WITNESS: NO.

DEFENSE: DID HE SEEM ANGRY?
P_WITNESS: NO.

DEFENSE: DID HE TALK ABOUT ANYTHING THAT WAS BOTHERING HIM?
P_WITNESS: NO.

DEFENSE: DID HE TALK ABOUT ANY ANGER HE HAD TOWARDS ANYONE?
P_WITNESS: NO.

DEFENSE: AND THEN THERE WAS A DISCUSSION ABOUT GOING TO GET A HAMBURGER?
P_WITNESS: YES.

DEFENSE: AND YOU INVITED YOURSELF TO GO ALONG?
P_WITNESS: YES, I DID.

DEFENSE: AND HE HAD NO PROBLEM WITH THAT?
P_WITNESS: NO.

DEFENSE: DID HE SAY ""I WOULD RATHER BE ALONE""?
P_WITNESS: NO.

DEFENSE: WHEN YOU PICKED UP THE GOLF BAG WITH THE CLUBS IN IT, DID YOU SEE ANY BLOOD AT THE FRONT OF THE DRIVEWAY AT 11:00 O'CLOCK?
P_WITNESS: NO.

DEFENSE: DID YOU SEE ANY BLOOD WALKING TO THE LIMOUSINE?
P_WITNESS: NO.

DEFENSE: DID YOU SEE ANY BLOOD ANYWHERE AT 11:00 O'CLOCK THAT NIGHT?
P_WITNESS: NO.

DEFENSE: AND IT WASN'T UNTIL THE POLICE OFFICERS THE NEXT MORNING TOLD YOU TO BE CAREFUL WHERE YOU WALKED THAT YOUR ATTENTION WAS DIRECTED TOWARDS ANY BLOOD; ISN'T THAT CORRECT?
P_WITNESS: CORRECT.

DEFENSE: AND IT WAS DIRECTED BY THEM. YOU DIDN'T SEE THIS ON YOUR OWN, DID YOU?
P_WITNESS: NO.

DEFENSE: AT 11:00 O'CLOCK, WHEN YOU LAST SAW O.J. SIMPSON, DID YOU SEE ANY INJURY TO HIS INDEX FINGER ON HIS LEFT HAND?
P_WITNESS: NO.

DEFENSE: DID YOU SEE ANY BLEEDING ON HIS INDEX FINGER TO HIS LAST -- LEFT HAND?
","```json
{
    ""belief"": ""The witness maintains a neutral stance and does not provide any information that benefits either side, focusing on the absence of injuries or blood. The response is clear and relevant to the question asked."",
    ""Commitment_value"": ""3"",
    ""quality_rate"": ""1"",
    ""consistency_value"": ""0"",
    ""relevance_rate"": ""1"",
    ""manner_rate"": ""2"",
    ""outcome_value"": ""Witness"",
    ""outcome_reason"": ""2""
}
```","The witness maintains a neutral stance and does not provide any information that benefits either side, focusing on the absence of injuries or blood. The response is clear and relevant to the question asked.",3,1,0,1,2,Witness,2,0,0,0,0.9090909090909092,0.5,0.0,22.5,30.4,1.5556185446668316,1.583410927346516,-0.0088538138706479,-0.0277923826796844
Q/A,DID YOU SEE ANY BANDAGE ON HIS INDEX FINGER TO HIS LEFT HAND?,NO.,,DEFENSE,P_WITNESS,"### Summary of Facts Discussed in the Dialogue

#### Defense Side:
1. **Relationship Status**:
   - Nicole was divorced from O.J. Simpson when she first met the witness.
   - Nicole was dating other men during this time, and O.J. was aware of it.
   - O.J. did not express any concerns or anger about Nicole dating other men.

2. **Interactions Between O.J. and Nicole**:
   - The witness was present when Nicole visited O.J. at his Rockingham house.
   - There was no physical contact observed between O.J. and Nicole; no hitting, pushing, or shoving was reported.

3. **Timeline of Relationship**:
   - The relationship between O.J. and Nicole was described as ""off and on"" around February and March 1994.
   - The witness learned that O.J. had mentioned it wasn't working out with Nicole at some point, possibly in March.

4. **Witness's Relationship with O.J.**:
   - The witness described their relationship with O.J. as a friendship but not part of his day-to-day life.
   - The witness did not know O.J.'s daily activities or whereabouts.

5. **O.J.'s Demeanor**:
   - On June 12th, O.J. appeared normal, not angry, agitated, depressed, or preoccupied.
   - The witness saw O.J. later that evening and reported he still seemed fine and had no issues bothering him.

6. **Blood Evidence**:
   - The witness did not see any blood at the front of the driveway or while walking to the limousine at 11:00 PM.
   - The witness only became aware of blood after police officers pointed it out the next morning.
   - No injuries or bleeding were observed on O.J.'s left index finger at the last sighting.

#### Prosecution Side:
- The prosecution did not present direct evidence in this dialogue but objected to the defense's line of questioning regarding speculation about the relationship dynamics and physical interactions between O.J. and Nicole.

### Conflicts and Disagreements:
1. **Nature of Relationship**:
   - The defense emphasizes that O.J. was not concerned about Nicole's dating life, while the prosecution may imply that there were underlying issues in their relationship.

2. **Physical Interactions**:
   - The defense asserts that there was no physical violence or contact between O.J. and Nicole, which could conflict with any prosecution claims of domestic violence or aggression.

3. **O.J.'s State of Mind**:
   - The defense portrays O.J. as calm and normal during the critical times, while the prosecution may argue that his demeanor could mask deeper issues or guilt.

4. **Blood Evidence**:
   - The defense claims the witness did not see any blood, which could contradict any prosecution narrative that suggests O.J. was involved in a violent incident.

Overall, the dialogue presents a defense focused on establishing O.J.'s non-violent behavior and normal demeanor, while the prosecution's objections suggest they may be trying to challenge the credibility of the witness's observations and the implications of the relationship dynamics.","Previous Context Summary:
In the court conversation, the defense and prosecution presented contrasting claims regarding O.J. Simpson's relationship with Nicole and his demeanor on the night of June 12th.

1. **Important Claims:**
   - **Defense:** The defense aimed to establish that O.J. Simpson was not angry or upset about Nicole dating other men, and that he appeared normal and unbothered during their interactions on the night in question. They sought to show that there was no evidence of physical violence or emotional distress from O.J. regarding his relationship with Nicole.
   - **Prosecution:** While the prosecution did not directly present their claims in this excerpt, their objections suggest they were likely focused on challenging the defense's portrayal of O.J.'s demeanor and the nature of his relationship with Nicole, implying that there may have been underlying issues or tensions.

2. **Conflicts and Disagreements:**
   - The defense and prosecution appeared to conflict over the interpretation of O.J.'s behavior and emotional state. The defense's witness consistently described O.J. as calm and normal, denying any signs of anger or agitation, while the prosecution's objections indicated skepticism about the witness's ability to accurately assess O.J.'s emotional state.
   - There was also a disagreement regarding the nature of O.J. and Nicole's relationship, particularly whether O.J. had concerns about her dating other men. The defense's line of questioning aimed to downplay any potential jealousy or conflict, while the prosecution likely sought to highlight any signs of distress or possessiveness that could suggest a motive for violence.

Recent Exchanges:
DEFENSE: AND YOU INVITED YOURSELF TO GO ALONG?
P_WITNESS: YES, I DID.

DEFENSE: AND HE HAD NO PROBLEM WITH THAT?
P_WITNESS: NO.

DEFENSE: DID HE SAY ""I WOULD RATHER BE ALONE""?
P_WITNESS: NO.

DEFENSE: WHEN YOU PICKED UP THE GOLF BAG WITH THE CLUBS IN IT, DID YOU SEE ANY BLOOD AT THE FRONT OF THE DRIVEWAY AT 11:00 O'CLOCK?
P_WITNESS: NO.

DEFENSE: DID YOU SEE ANY BLOOD WALKING TO THE LIMOUSINE?
P_WITNESS: NO.

DEFENSE: DID YOU SEE ANY BLOOD ANYWHERE AT 11:00 O'CLOCK THAT NIGHT?
P_WITNESS: NO.

DEFENSE: AND IT WASN'T UNTIL THE POLICE OFFICERS THE NEXT MORNING TOLD YOU TO BE CAREFUL WHERE YOU WALKED THAT YOUR ATTENTION WAS DIRECTED TOWARDS ANY BLOOD; ISN'T THAT CORRECT?
P_WITNESS: CORRECT.

DEFENSE: AND IT WAS DIRECTED BY THEM. YOU DIDN'T SEE THIS ON YOUR OWN, DID YOU?
P_WITNESS: NO.

DEFENSE: AT 11:00 O'CLOCK, WHEN YOU LAST SAW O.J. SIMPSON, DID YOU SEE ANY INJURY TO HIS INDEX FINGER ON HIS LEFT HAND?
P_WITNESS: NO.

DEFENSE: DID YOU SEE ANY BLEEDING ON HIS INDEX FINGER TO HIS LAST -- LEFT HAND?
P_WITNESS: NO.

Current Exchange:
DEFENSE: DID YOU SEE ANY BANDAGE ON HIS INDEX FINGER TO HIS LEFT HAND?
P_WITNESS: NO.",simpson_prosecution_9,"Brian ""kato"" Kaelin","Brian ""Kato"" Kaelin was a witness for the prosecution in the 1995 O.J. Simpson murder trial. His testimony was key because it contradicted Simpson's version of events","DEFENSE: AND THAT DURING THE PERIOD OF TIME WHEN YOU FIRST MET NICOLE, SHE WAS DIVORCED FROM O.J. SIMPSON?
P_WITNESS: YES.

DEFENSE: AND SHE WAS DATING OTHER MEN?
P_WITNESS: YES.

DEFENSE: AND WAS HE (O.J.) AWARE THAT SHE WAS DATING OTHER MEN?
P_WITNESS: YES.

DEFENSE: AND DID HE EVER VOICE ANY CONCERNS ABOUT THAT?
P_WITNESS: NO.

DEFENSE: DID HE EVER SHOW ANY ANGER OR UPSET -- BEING UPSET AT THE FACT THAT SHE WAS DATING OTHER MEN?
P_WITNESS: NO.

DEFENSE: DID YOU EVER DISCUSS WITH O.J. WHAT YOUR RELATIONSHIP WAS WITH NICOLE?
P_WITNESS: NO.

DEFENSE: WAS IT EVER A CONCERN OF HIS?
P_WITNESS: NO.

DEFENSE: WERE YOU EVER PRESENT WHEN NICOLE WOULD COME OVER AND VISIT O.J. AT HIS ROCKINGHAM HOUSE?
P_WITNESS: WHEN I WAS THERE?

DEFENSE: YES.
P_WITNESS: YES.

DEFENSE: AND HOW DID THEY SEEM TO GET ALONG?
nan: nan

PROSECUTION: OBJECTION, SPECULATION, YOUR HONOR.
nan: nan

COURT: OVERRULED.
nan: nan

DEFENSE: DID YOU EVER SEE ANY PHYSICAL CONTACT BETWEEN THE TWO OF THEM?
P_WITNESS: I -- HE DIDN'T HIT HER. THERE WAS NO PHYSICAL CONTACT?

DEFENSE: DID YOU SEE ANY PHYSICAL CONTACT AT ALL?
P_WITNESS: NO.

DEFENSE: ANY PUSHING, SHOVING?
P_WITNESS: NO.

DEFENSE: NOW, DURING THE PERIOD OF TIME IN FEBRUARY AND MARCH 1994, WERE O.J. AND NICOLE STILL DATING AND WAS SHE STILL TRYING TO GET BACK TOGETHER WITH HIM?
P_WITNESS: I DON'T KNOW FOR SURE. IT WAS OFF AND ON, SO IT COULD HAVE BEEN.

DEFENSE: AT SOME POINT IN TIME DID YOU LEARN THAT O.J. HAD SAID THAT IT WASN'T WORKING OUT WITH NICOLE AND THAT THEY WERE GOING TO GO THEIR OWN SEPARATE WAYS?
P_WITNESS: AT SOME POINT, YES.

DEFENSE: DO YOU RECALL PRECISELY WHEN THAT WAS?
P_WITNESS: GOSH, PRECISELY? NOT PRECISELY, BUT -- IT COULD HAVE BEEN MARCH, BUT I CAN'T GIVE YOU A DATE.

DEFENSE: NOW, YOUR RELATIONSHIP WITH O.J. YOU SAID WAS AS A FRIEND.WERE YOU PART OF HIS DAY-TO-DAY LIFE?
P_WITNESS: NO.

DEFENSE: WOULD YOU TALK TO HIM ON A DAY-TO-DAY BASIS?
P_WITNESS: NO.

DEFENSE: DID YOU KNOW HIS COMINGS AND GOINGS?
P_WITNESS: NO.

DEFENSE: SO YOU WOULDN'T BE GENERALLY AWARE AT ANY POINT IN TIME WHERE HE WAS OR WHAT HE WAS DOING?
P_WITNESS: CORRECT.

DEFENSE: HOW WAS HE -- WHAT WAS HIS DEMEANOR LIKE AT 2:30 (ON JUNE 12TH)?
P_WITNESS: HE WAS FINE.

DEFENSE: WHEN YOU SAY ""FINE"" ���
P_WITNESS: HE WAS ���

DEFENSE: NORMAL O.J.?
P_WITNESS: GOT DONE GOLFING, LIKE YOU ARE NOW, I GUESS. I GUESS NORMAL CONVERSATION.

DEFENSE: HE DIDN'T SEEM ANGRY?
P_WITNESS: NO.

DEFENSE: DIDN'T SEEM AGITATED?
P_WITNESS: NO.

DEFENSE: HE DIDN'T SEEM DEPRESSED?
P_WITNESS: NO.

DEFENSE: DIDN'T SEEM DESPONDENT?
P_WITNESS: NO.

DEFENSE: DIDN'T SEEM PREOCCUPIED?
P_WITNESS: NO. I THINK HE MENTIONED THE TRIP WAS COMING UP.

DEFENSE: AND THEN YOU SAW HIM A LITTLE LATER THAT EVENING?
P_WITNESS: YES.

DEFENSE: ABOUT WHAT TIME?
P_WITNESS: UMM, ABOUT 8:30, AROUND THERE, WHEN HE CAME INTO THE ROOM.

DEFENSE: DID HE SEEM AGITATED AT THAT TIME?
P_WITNESS: NO.

DEFENSE: DID HE SEEM ANGRY?
P_WITNESS: NO.

DEFENSE: DID HE TALK ABOUT ANYTHING THAT WAS BOTHERING HIM?
P_WITNESS: NO.

DEFENSE: DID HE TALK ABOUT ANY ANGER HE HAD TOWARDS ANYONE?
P_WITNESS: NO.

DEFENSE: AND THEN THERE WAS A DISCUSSION ABOUT GOING TO GET A HAMBURGER?
P_WITNESS: YES.

DEFENSE: AND YOU INVITED YOURSELF TO GO ALONG?
P_WITNESS: YES, I DID.

DEFENSE: AND HE HAD NO PROBLEM WITH THAT?
P_WITNESS: NO.

DEFENSE: DID HE SAY ""I WOULD RATHER BE ALONE""?
P_WITNESS: NO.

DEFENSE: WHEN YOU PICKED UP THE GOLF BAG WITH THE CLUBS IN IT, DID YOU SEE ANY BLOOD AT THE FRONT OF THE DRIVEWAY AT 11:00 O'CLOCK?
P_WITNESS: NO.

DEFENSE: DID YOU SEE ANY BLOOD WALKING TO THE LIMOUSINE?
P_WITNESS: NO.

DEFENSE: DID YOU SEE ANY BLOOD ANYWHERE AT 11:00 O'CLOCK THAT NIGHT?
P_WITNESS: NO.

DEFENSE: AND IT WASN'T UNTIL THE POLICE OFFICERS THE NEXT MORNING TOLD YOU TO BE CAREFUL WHERE YOU WALKED THAT YOUR ATTENTION WAS DIRECTED TOWARDS ANY BLOOD; ISN'T THAT CORRECT?
P_WITNESS: CORRECT.

DEFENSE: AND IT WAS DIRECTED BY THEM. YOU DIDN'T SEE THIS ON YOUR OWN, DID YOU?
P_WITNESS: NO.

DEFENSE: AT 11:00 O'CLOCK, WHEN YOU LAST SAW O.J. SIMPSON, DID YOU SEE ANY INJURY TO HIS INDEX FINGER ON HIS LEFT HAND?
P_WITNESS: NO.

DEFENSE: DID YOU SEE ANY BLEEDING ON HIS INDEX FINGER TO HIS LAST -- LEFT HAND?
P_WITNESS: NO.

DEFENSE: DID YOU SEE ANY BANDAGE ON HIS INDEX FINGER TO HIS LEFT HAND?
","```json
{
    ""belief"": ""The witness continues to provide neutral and consistent responses, which do not significantly benefit either side. However, the lack of detail and the absence of any indication of injury or blood at 11:00 PM could be seen as slightly beneficial to the defense as it aligns with their narrative of O.J. Simpson not being injured at that time."",
    ""Commitment_value"": ""3"",
    ""quality_rate"": ""1"",
    ""consistency_value"": ""1"",
    ""relevance_rate"": ""1"",
    ""manner_rate"": ""2"",
    ""outcome_value"": ""Witness"",
    ""outcome_reason"": ""2""
}
```","The witness continues to provide neutral and consistent responses, which do not significantly benefit either side. However, the lack of detail and the absence of any indication of injury or blood at 11:00 PM could be seen as slightly beneficial to the defense as it aligns with their narrative of O.J. Simpson not being injured at that time.",3,1,1,1,2,Witness,2,0,0,0,0.9111111111111112,0.5,4.6000000000000005,23.0,35.0,1.6298527276042731,2.046619042045115,-0.1133604011001524,-0.416766314440842
